2025-04-30T08:26:15.970+09:00  INFO 21068 --- [SpringApplicationShutdownHook] j.LocalContainerEntityManagerFactoryBean : Closing JPA EntityManagerFactory for persistence unit 'default'
2025-04-30T08:26:15.998+09:00  INFO 21068 --- [SpringApplicationShutdownHook] com.zaxxer.hikari.HikariDataSource       : HikariPool-1 - Shutdown initiated...
2025-04-30T08:26:16.006+09:00  INFO 21068 --- [SpringApplicationShutdownHook] com.zaxxer.hikari.HikariDataSource       : HikariPool-1 - Shutdown completed.
2025-04-30T08:26:55.080+09:00  INFO 16156 --- [main] com.example.cco.CCOApplication           : Starting CCOApplication using Java 17.0.13 with PID 16156 (C:\Users\withc\Documents\cco\build\classes\java\main started by nodeb in C:\Users\withc\Documents\cco)
2025-04-30T08:26:55.085+09:00  INFO 16156 --- [main] com.example.cco.CCOApplication           : No active profile set, falling back to 1 default profile: "default"
2025-04-30T08:26:56.044+09:00  INFO 16156 --- [main] .s.d.r.c.RepositoryConfigurationDelegate : Bootstrapping Spring Data JPA repositories in DEFAULT mode.
2025-04-30T08:26:56.191+09:00  INFO 16156 --- [main] .s.d.r.c.RepositoryConfigurationDelegate : Finished Spring Data repository scanning in 136 ms. Found 27 JPA repository interfaces.
2025-04-30T08:26:56.849+09:00  INFO 16156 --- [main] o.s.b.w.embedded.tomcat.TomcatWebServer  : Tomcat initialized with port 4080 (http)
2025-04-30T08:26:56.860+09:00  INFO 16156 --- [main] o.apache.catalina.core.StandardService   : Starting service [Tomcat]
2025-04-30T08:26:56.861+09:00  INFO 16156 --- [main] o.apache.catalina.core.StandardEngine    : Starting Servlet engine: [Apache Tomcat/10.1.16]
2025-04-30T08:26:56.935+09:00  INFO 16156 --- [main] o.a.c.c.C.[Tomcat].[localhost].[/]       : Initializing Spring embedded WebApplicationContext
2025-04-30T08:26:56.935+09:00  INFO 16156 --- [main] w.s.c.ServletWebServerApplicationContext : Root WebApplicationContext: initialization completed in 1784 ms
2025-04-30T08:26:57.117+09:00  INFO 16156 --- [main] o.hibernate.jpa.internal.util.LogHelper  : HHH000204: Processing PersistenceUnitInfo [name: default]
2025-04-30T08:26:57.203+09:00  INFO 16156 --- [main] org.hibernate.Version                    : HHH000412: Hibernate ORM core version 6.3.1.Final
2025-04-30T08:26:57.250+09:00  INFO 16156 --- [main] o.h.c.internal.RegionFactoryInitiator    : HHH000026: Second-level cache disabled
2025-04-30T08:26:57.558+09:00  INFO 16156 --- [main] o.s.o.j.p.SpringPersistenceUnitInfo      : No LoadTimeWeaver setup: ignoring JPA class transformer
2025-04-30T08:26:57.596+09:00  INFO 16156 --- [main] com.zaxxer.hikari.HikariDataSource       : HikariPool-1 - Starting...
2025-04-30T08:26:57.714+09:00  INFO 16156 --- [main] com.zaxxer.hikari.pool.HikariPool        : HikariPool-1 - Added connection org.postgresql.jdbc.PgConnection@aa752bb
2025-04-30T08:26:57.715+09:00  INFO 16156 --- [main] com.zaxxer.hikari.HikariDataSource       : HikariPool-1 - Start completed.
2025-04-30T08:26:57.755+09:00  WARN 16156 --- [main] org.hibernate.dialect.Dialect            : HHH000511: The 10.23.0 version for [org.hibernate.dialect.PostgreSQLDialect] is no longer supported, hence certain features may not work properly. The minimum supported version is 11.0.0. Check the community dialects project for available legacy versions.
2025-04-30T08:26:57.764+09:00  WARN 16156 --- [main] org.hibernate.orm.deprecation            : HHH90000025: PostgreSQLDialect does not need to be specified explicitly using 'hibernate.dialect' (remove the property setting and it will be selected by default)
2025-04-30T08:26:59.285+09:00  INFO 16156 --- [main] o.h.e.t.j.p.i.JtaPlatformInitiator       : HHH000489: No JTA platform available (set 'hibernate.transaction.jta.platform' to enable JTA platform integration)
2025-04-30T08:26:59.288+09:00  INFO 16156 --- [main] j.LocalContainerEntityManagerFactoryBean : Initialized JPA EntityManagerFactory for persistence unit 'default'
2025-04-30T08:26:59.548+09:00  INFO 16156 --- [main] o.s.d.j.r.query.QueryEnhancerFactory     : Hibernate is in classpath; If applicable, HQL parser will be used.
2025-04-30T08:27:00.674+09:00  WARN 16156 --- [main] JpaBaseConfiguration$JpaWebConfiguration : spring.jpa.open-in-view is enabled by default. Therefore, database queries may be performed during view rendering. Explicitly configure spring.jpa.open-in-view to disable this warning
2025-04-30T08:27:01.059+09:00  INFO 16156 --- [main] o.s.s.web.DefaultSecurityFilterChain     : Will secure any request with [org.springframework.security.web.session.DisableEncodeUrlFilter@2efda33d, org.springframework.security.web.context.request.async.WebAsyncManagerIntegrationFilter@71dbfe64, org.springframework.security.web.context.SecurityContextHolderFilter@1ac32da1, org.springframework.security.web.header.HeaderWriterFilter@503eac4c, org.springframework.web.filter.CorsFilter@2139aa1f, org.springframework.security.web.authentication.logout.LogoutFilter@6c18cf67, com.example.cco.security.JwtAuthorizationFilter@142dbf1a, com.example.cco.security.JwtAuthenticationFilter@578a12e9, org.springframework.security.web.savedrequest.RequestCacheAwareFilter@1361b39a, org.springframework.security.web.servletapi.SecurityContextHolderAwareRequestFilter@6a8b94b2, org.springframework.security.web.authentication.AnonymousAuthenticationFilter@798ceea2, org.springframework.security.web.session.SessionManagementFilter@2836374, org.springframework.security.web.access.ExceptionTranslationFilter@5319f536, org.springframework.security.web.access.intercept.AuthorizationFilter@7b3489b7]
2025-04-30T08:27:01.459+09:00  INFO 16156 --- [main] o.s.b.w.embedded.tomcat.TomcatWebServer  : Tomcat started on port 4080 (http) with context path ''
2025-04-30T08:27:01.467+09:00  INFO 16156 --- [main] com.example.cco.CCOApplication           : Started CCOApplication in 6.892 seconds (process running for 7.716)
2025-04-30T08:27:08.179+09:00  INFO 16156 --- [http-nio-4080-exec-1] o.a.c.c.C.[Tomcat].[localhost].[/]       : Initializing Spring DispatcherServlet 'dispatcherServlet'
2025-04-30T08:27:08.180+09:00  INFO 16156 --- [http-nio-4080-exec-1] o.s.web.servlet.DispatcherServlet        : Initializing Servlet 'dispatcherServlet'
2025-04-30T08:27:08.183+09:00  INFO 16156 --- [http-nio-4080-exec-1] o.s.web.servlet.DispatcherServlet        : Completed initialization in 3 ms
2025-04-30T08:27:08.232+09:00  INFO 16156 --- [http-nio-4080-exec-2] c.e.cco.security.JwtAuthorizationFilter  : token =eyJhbGciOiJIUzUxMiJ9.eyJzdWIiOiJhZG1pbiIsInJvbGUiOiJBRE1JTiIsImlhdCI6MTc0NTg4NDI0MywiZXhwIjoxNzQ1OTEzMDQzfQ.QZnJalCzGQ4V7E0Bfp6AOeYaa-3lVy5-uRIrPWuto09HFpZQ13WPTmwie-n_Ks9OMeDZL0NuCHDSebuH6XVWmw
2025-04-30T08:27:08.337+09:00  INFO 16156 --- [http-nio-4080-exec-2] c.e.cco.security.JwtAuthorizationFilter  : 토큰만료
2025-04-30T08:27:08.418+09:00  WARN 16156 --- [http-nio-4080-exec-2] o.s.w.s.h.HandlerMappingIntrospector     : Cache miss for REQUEST dispatch to '/auth/valid' (previous null). Performing MatchableHandlerMapping lookup. This is logged once only at WARN level, and every time at TRACE.
2025-04-30T08:27:08.438+09:00 ERROR 16156 --- [http-nio-4080-exec-2] c.e.c.s.CustomAuthenticationEntryPoint   : org.springframework.security.authentication.InsufficientAuthenticationException: Full authentication is required to access this resource
	at org.springframework.security.web.access.ExceptionTranslationFilter.handleAccessDeniedException(ExceptionTranslationFilter.java:199)
	at org.springframework.security.web.access.ExceptionTranslationFilter.handleSpringSecurityException(ExceptionTranslationFilter.java:178)
	at org.springframework.security.web.access.ExceptionTranslationFilter.doFilter(ExceptionTranslationFilter.java:147)
	at org.springframework.security.web.access.ExceptionTranslationFilter.doFilter(ExceptionTranslationFilter.java:120)
	at org.springframework.security.web.FilterChainProxy$VirtualFilterChain.doFilter(FilterChainProxy.java:374)
	at org.springframework.security.web.session.SessionManagementFilter.doFilter(SessionManagementFilter.java:131)
	at org.springframework.security.web.session.SessionManagementFilter.doFilter(SessionManagementFilter.java:85)
	at org.springframework.security.web.FilterChainProxy$VirtualFilterChain.doFilter(FilterChainProxy.java:374)
	at org.springframework.security.web.authentication.AnonymousAuthenticationFilter.doFilter(AnonymousAuthenticationFilter.java:100)
	at org.springframework.security.web.FilterChainProxy$VirtualFilterChain.doFilter(FilterChainProxy.java:374)
	at org.springframework.security.web.servletapi.SecurityContextHolderAwareRequestFilter.doFilter(SecurityContextHolderAwareRequestFilter.java:179)
	at org.springframework.security.web.FilterChainProxy$VirtualFilterChain.doFilter(FilterChainProxy.java:374)
	at org.springframework.security.web.savedrequest.RequestCacheAwareFilter.doFilter(RequestCacheAwareFilter.java:63)
	at org.springframework.security.web.FilterChainProxy$VirtualFilterChain.doFilter(FilterChainProxy.java:374)
	at org.springframework.security.web.authentication.AbstractAuthenticationProcessingFilter.doFilter(AbstractAuthenticationProcessingFilter.java:227)
	at org.springframework.security.web.authentication.AbstractAuthenticationProcessingFilter.doFilter(AbstractAuthenticationProcessingFilter.java:221)
	at org.springframework.security.web.FilterChainProxy$VirtualFilterChain.doFilter(FilterChainProxy.java:374)
	at com.example.cco.security.JwtAuthorizationFilter.doFilterInternal(JwtAuthorizationFilter.java:48)
	at org.springframework.web.filter.OncePerRequestFilter.doFilter(OncePerRequestFilter.java:116)
	at org.springframework.security.web.FilterChainProxy$VirtualFilterChain.doFilter(FilterChainProxy.java:374)
	at org.springframework.security.web.authentication.logout.LogoutFilter.doFilter(LogoutFilter.java:107)
	at org.springframework.security.web.authentication.logout.LogoutFilter.doFilter(LogoutFilter.java:93)
	at org.springframework.security.web.FilterChainProxy$VirtualFilterChain.doFilter(FilterChainProxy.java:374)
	at org.springframework.web.filter.CorsFilter.doFilterInternal(CorsFilter.java:91)
	at org.springframework.web.filter.OncePerRequestFilter.doFilter(OncePerRequestFilter.java:116)
	at org.springframework.security.web.FilterChainProxy$VirtualFilterChain.doFilter(FilterChainProxy.java:374)
	at org.springframework.security.web.header.HeaderWriterFilter.doHeadersAfter(HeaderWriterFilter.java:90)
	at org.springframework.security.web.header.HeaderWriterFilter.doFilterInternal(HeaderWriterFilter.java:75)
	at org.springframework.web.filter.OncePerRequestFilter.doFilter(OncePerRequestFilter.java:116)
	at org.springframework.security.web.FilterChainProxy$VirtualFilterChain.doFilter(FilterChainProxy.java:374)
	at org.springframework.security.web.context.SecurityContextHolderFilter.doFilter(SecurityContextHolderFilter.java:82)
	at org.springframework.security.web.context.SecurityContextHolderFilter.doFilter(SecurityContextHolderFilter.java:69)
	at org.springframework.security.web.FilterChainProxy$VirtualFilterChain.doFilter(FilterChainProxy.java:374)
	at org.springframework.security.web.context.request.async.WebAsyncManagerIntegrationFilter.doFilterInternal(WebAsyncManagerIntegrationFilter.java:62)
	at org.springframework.web.filter.OncePerRequestFilter.doFilter(OncePerRequestFilter.java:116)
	at org.springframework.security.web.FilterChainProxy$VirtualFilterChain.doFilter(FilterChainProxy.java:374)
	at org.springframework.security.web.session.DisableEncodeUrlFilter.doFilterInternal(DisableEncodeUrlFilter.java:42)
	at org.springframework.web.filter.OncePerRequestFilter.doFilter(OncePerRequestFilter.java:116)
	at org.springframework.security.web.FilterChainProxy$VirtualFilterChain.doFilter(FilterChainProxy.java:374)
	at org.springframework.security.web.FilterChainProxy.doFilterInternal(FilterChainProxy.java:233)
	at org.springframework.security.web.FilterChainProxy.doFilter(FilterChainProxy.java:191)
	at org.springframework.web.filter.DelegatingFilterProxy.invokeDelegate(DelegatingFilterProxy.java:352)
	at org.springframework.web.filter.DelegatingFilterProxy.doFilter(DelegatingFilterProxy.java:268)
	at org.apache.catalina.core.ApplicationFilterChain.internalDoFilter(ApplicationFilterChain.java:174)
	at org.apache.catalina.core.ApplicationFilterChain.doFilter(ApplicationFilterChain.java:149)
	at org.springframework.web.filter.RequestContextFilter.doFilterInternal(RequestContextFilter.java:100)
	at org.springframework.web.filter.OncePerRequestFilter.doFilter(OncePerRequestFilter.java:116)
	at org.apache.catalina.core.ApplicationFilterChain.internalDoFilter(ApplicationFilterChain.java:174)
	at org.apache.catalina.core.ApplicationFilterChain.doFilter(ApplicationFilterChain.java:149)
	at org.springframework.web.filter.FormContentFilter.doFilterInternal(FormContentFilter.java:93)
	at org.springframework.web.filter.OncePerRequestFilter.doFilter(OncePerRequestFilter.java:116)
	at org.apache.catalina.core.ApplicationFilterChain.internalDoFilter(ApplicationFilterChain.java:174)
	at org.apache.catalina.core.ApplicationFilterChain.doFilter(ApplicationFilterChain.java:149)
	at org.springframework.web.filter.CharacterEncodingFilter.doFilterInternal(CharacterEncodingFilter.java:201)
	at org.springframework.web.filter.OncePerRequestFilter.doFilter(OncePerRequestFilter.java:116)
	at org.apache.catalina.core.ApplicationFilterChain.internalDoFilter(ApplicationFilterChain.java:174)
	at org.apache.catalina.core.ApplicationFilterChain.doFilter(ApplicationFilterChain.java:149)
	at org.apache.catalina.core.StandardWrapperValve.invoke(StandardWrapperValve.java:167)
	at org.apache.catalina.core.StandardContextValve.invoke(StandardContextValve.java:90)
	at org.apache.catalina.authenticator.AuthenticatorBase.invoke(AuthenticatorBase.java:482)
	at org.apache.catalina.core.StandardHostValve.invoke(StandardHostValve.java:115)
	at org.apache.catalina.valves.ErrorReportValve.invoke(ErrorReportValve.java:93)
	at org.apache.catalina.core.StandardEngineValve.invoke(StandardEngineValve.java:74)
	at org.apache.catalina.connector.CoyoteAdapter.service(CoyoteAdapter.java:340)
	at org.apache.coyote.http11.Http11Processor.service(Http11Processor.java:391)
	at org.apache.coyote.AbstractProcessorLight.process(AbstractProcessorLight.java:63)
	at org.apache.coyote.AbstractProtocol$ConnectionHandler.process(AbstractProtocol.java:896)
	at org.apache.tomcat.util.net.NioEndpoint$SocketProcessor.doRun(NioEndpoint.java:1744)
	at org.apache.tomcat.util.net.SocketProcessorBase.run(SocketProcessorBase.java:52)
	at org.apache.tomcat.util.threads.ThreadPoolExecutor.runWorker(ThreadPoolExecutor.java:1191)
	at org.apache.tomcat.util.threads.ThreadPoolExecutor$Worker.run(ThreadPoolExecutor.java:659)
	at org.apache.tomcat.util.threads.TaskThread$WrappingRunnable.run(TaskThread.java:61)
	at java.base/java.lang.Thread.run(Thread.java:840)

2025-04-30T08:27:09.470+09:00  INFO 16156 --- [http-nio-4080-exec-3] c.e.cco.security.JwtAuthorizationFilter  : token =eyJhbGciOiJIUzUxMiJ9.eyJzdWIiOiJhZG1pbiIsInJvbGUiOiJBRE1JTiIsImlhdCI6MTc0NTg4NDI0MywiZXhwIjoxNzQ1OTEzMDQzfQ.QZnJalCzGQ4V7E0Bfp6AOeYaa-3lVy5-uRIrPWuto09HFpZQ13WPTmwie-n_Ks9OMeDZL0NuCHDSebuH6XVWmw
2025-04-30T08:27:09.474+09:00  INFO 16156 --- [http-nio-4080-exec-3] c.e.cco.security.JwtAuthorizationFilter  : 토큰만료
2025-04-30T08:27:09.478+09:00 ERROR 16156 --- [http-nio-4080-exec-3] c.e.c.s.CustomAuthenticationEntryPoint   : org.springframework.security.authentication.InsufficientAuthenticationException: Full authentication is required to access this resource
	at org.springframework.security.web.access.ExceptionTranslationFilter.handleAccessDeniedException(ExceptionTranslationFilter.java:199)
	at org.springframework.security.web.access.ExceptionTranslationFilter.handleSpringSecurityException(ExceptionTranslationFilter.java:178)
	at org.springframework.security.web.access.ExceptionTranslationFilter.doFilter(ExceptionTranslationFilter.java:147)
	at org.springframework.security.web.access.ExceptionTranslationFilter.doFilter(ExceptionTranslationFilter.java:120)
	at org.springframework.security.web.FilterChainProxy$VirtualFilterChain.doFilter(FilterChainProxy.java:374)
	at org.springframework.security.web.session.SessionManagementFilter.doFilter(SessionManagementFilter.java:131)
	at org.springframework.security.web.session.SessionManagementFilter.doFilter(SessionManagementFilter.java:85)
	at org.springframework.security.web.FilterChainProxy$VirtualFilterChain.doFilter(FilterChainProxy.java:374)
	at org.springframework.security.web.authentication.AnonymousAuthenticationFilter.doFilter(AnonymousAuthenticationFilter.java:100)
	at org.springframework.security.web.FilterChainProxy$VirtualFilterChain.doFilter(FilterChainProxy.java:374)
	at org.springframework.security.web.servletapi.SecurityContextHolderAwareRequestFilter.doFilter(SecurityContextHolderAwareRequestFilter.java:179)
	at org.springframework.security.web.FilterChainProxy$VirtualFilterChain.doFilter(FilterChainProxy.java:374)
	at org.springframework.security.web.savedrequest.RequestCacheAwareFilter.doFilter(RequestCacheAwareFilter.java:63)
	at org.springframework.security.web.FilterChainProxy$VirtualFilterChain.doFilter(FilterChainProxy.java:374)
	at org.springframework.security.web.authentication.AbstractAuthenticationProcessingFilter.doFilter(AbstractAuthenticationProcessingFilter.java:227)
	at org.springframework.security.web.authentication.AbstractAuthenticationProcessingFilter.doFilter(AbstractAuthenticationProcessingFilter.java:221)
	at org.springframework.security.web.FilterChainProxy$VirtualFilterChain.doFilter(FilterChainProxy.java:374)
	at com.example.cco.security.JwtAuthorizationFilter.doFilterInternal(JwtAuthorizationFilter.java:48)
	at org.springframework.web.filter.OncePerRequestFilter.doFilter(OncePerRequestFilter.java:116)
	at org.springframework.security.web.FilterChainProxy$VirtualFilterChain.doFilter(FilterChainProxy.java:374)
	at org.springframework.security.web.authentication.logout.LogoutFilter.doFilter(LogoutFilter.java:107)
	at org.springframework.security.web.authentication.logout.LogoutFilter.doFilter(LogoutFilter.java:93)
	at org.springframework.security.web.FilterChainProxy$VirtualFilterChain.doFilter(FilterChainProxy.java:374)
	at org.springframework.web.filter.CorsFilter.doFilterInternal(CorsFilter.java:91)
	at org.springframework.web.filter.OncePerRequestFilter.doFilter(OncePerRequestFilter.java:116)
	at org.springframework.security.web.FilterChainProxy$VirtualFilterChain.doFilter(FilterChainProxy.java:374)
	at org.springframework.security.web.header.HeaderWriterFilter.doHeadersAfter(HeaderWriterFilter.java:90)
	at org.springframework.security.web.header.HeaderWriterFilter.doFilterInternal(HeaderWriterFilter.java:75)
	at org.springframework.web.filter.OncePerRequestFilter.doFilter(OncePerRequestFilter.java:116)
	at org.springframework.security.web.FilterChainProxy$VirtualFilterChain.doFilter(FilterChainProxy.java:374)
	at org.springframework.security.web.context.SecurityContextHolderFilter.doFilter(SecurityContextHolderFilter.java:82)
	at org.springframework.security.web.context.SecurityContextHolderFilter.doFilter(SecurityContextHolderFilter.java:69)
	at org.springframework.security.web.FilterChainProxy$VirtualFilterChain.doFilter(FilterChainProxy.java:374)
	at org.springframework.security.web.context.request.async.WebAsyncManagerIntegrationFilter.doFilterInternal(WebAsyncManagerIntegrationFilter.java:62)
	at org.springframework.web.filter.OncePerRequestFilter.doFilter(OncePerRequestFilter.java:116)
	at org.springframework.security.web.FilterChainProxy$VirtualFilterChain.doFilter(FilterChainProxy.java:374)
	at org.springframework.security.web.session.DisableEncodeUrlFilter.doFilterInternal(DisableEncodeUrlFilter.java:42)
	at org.springframework.web.filter.OncePerRequestFilter.doFilter(OncePerRequestFilter.java:116)
	at org.springframework.security.web.FilterChainProxy$VirtualFilterChain.doFilter(FilterChainProxy.java:374)
	at org.springframework.security.web.FilterChainProxy.doFilterInternal(FilterChainProxy.java:233)
	at org.springframework.security.web.FilterChainProxy.doFilter(FilterChainProxy.java:191)
	at org.springframework.web.filter.DelegatingFilterProxy.invokeDelegate(DelegatingFilterProxy.java:352)
	at org.springframework.web.filter.DelegatingFilterProxy.doFilter(DelegatingFilterProxy.java:268)
	at org.apache.catalina.core.ApplicationFilterChain.internalDoFilter(ApplicationFilterChain.java:174)
	at org.apache.catalina.core.ApplicationFilterChain.doFilter(ApplicationFilterChain.java:149)
	at org.springframework.web.filter.RequestContextFilter.doFilterInternal(RequestContextFilter.java:100)
	at org.springframework.web.filter.OncePerRequestFilter.doFilter(OncePerRequestFilter.java:116)
	at org.apache.catalina.core.ApplicationFilterChain.internalDoFilter(ApplicationFilterChain.java:174)
	at org.apache.catalina.core.ApplicationFilterChain.doFilter(ApplicationFilterChain.java:149)
	at org.springframework.web.filter.FormContentFilter.doFilterInternal(FormContentFilter.java:93)
	at org.springframework.web.filter.OncePerRequestFilter.doFilter(OncePerRequestFilter.java:116)
	at org.apache.catalina.core.ApplicationFilterChain.internalDoFilter(ApplicationFilterChain.java:174)
	at org.apache.catalina.core.ApplicationFilterChain.doFilter(ApplicationFilterChain.java:149)
	at org.springframework.web.filter.CharacterEncodingFilter.doFilterInternal(CharacterEncodingFilter.java:201)
	at org.springframework.web.filter.OncePerRequestFilter.doFilter(OncePerRequestFilter.java:116)
	at org.apache.catalina.core.ApplicationFilterChain.internalDoFilter(ApplicationFilterChain.java:174)
	at org.apache.catalina.core.ApplicationFilterChain.doFilter(ApplicationFilterChain.java:149)
	at org.apache.catalina.core.StandardWrapperValve.invoke(StandardWrapperValve.java:167)
	at org.apache.catalina.core.StandardContextValve.invoke(StandardContextValve.java:90)
	at org.apache.catalina.authenticator.AuthenticatorBase.invoke(AuthenticatorBase.java:482)
	at org.apache.catalina.core.StandardHostValve.invoke(StandardHostValve.java:115)
	at org.apache.catalina.valves.ErrorReportValve.invoke(ErrorReportValve.java:93)
	at org.apache.catalina.core.StandardEngineValve.invoke(StandardEngineValve.java:74)
	at org.apache.catalina.connector.CoyoteAdapter.service(CoyoteAdapter.java:340)
	at org.apache.coyote.http11.Http11Processor.service(Http11Processor.java:391)
	at org.apache.coyote.AbstractProcessorLight.process(AbstractProcessorLight.java:63)
	at org.apache.coyote.AbstractProtocol$ConnectionHandler.process(AbstractProtocol.java:896)
	at org.apache.tomcat.util.net.NioEndpoint$SocketProcessor.doRun(NioEndpoint.java:1744)
	at org.apache.tomcat.util.net.SocketProcessorBase.run(SocketProcessorBase.java:52)
	at org.apache.tomcat.util.threads.ThreadPoolExecutor.runWorker(ThreadPoolExecutor.java:1191)
	at org.apache.tomcat.util.threads.ThreadPoolExecutor$Worker.run(ThreadPoolExecutor.java:659)
	at org.apache.tomcat.util.threads.TaskThread$WrappingRunnable.run(TaskThread.java:61)
	at java.base/java.lang.Thread.run(Thread.java:840)

2025-04-30T08:27:11.498+09:00  INFO 16156 --- [http-nio-4080-exec-4] c.e.cco.security.JwtAuthorizationFilter  : token =eyJhbGciOiJIUzUxMiJ9.eyJzdWIiOiJhZG1pbiIsInJvbGUiOiJBRE1JTiIsImlhdCI6MTc0NTg4NDI0MywiZXhwIjoxNzQ1OTEzMDQzfQ.QZnJalCzGQ4V7E0Bfp6AOeYaa-3lVy5-uRIrPWuto09HFpZQ13WPTmwie-n_Ks9OMeDZL0NuCHDSebuH6XVWmw
2025-04-30T08:27:11.500+09:00  INFO 16156 --- [http-nio-4080-exec-4] c.e.cco.security.JwtAuthorizationFilter  : 토큰만료
2025-04-30T08:27:11.504+09:00 ERROR 16156 --- [http-nio-4080-exec-4] c.e.c.s.CustomAuthenticationEntryPoint   : org.springframework.security.authentication.InsufficientAuthenticationException: Full authentication is required to access this resource
	at org.springframework.security.web.access.ExceptionTranslationFilter.handleAccessDeniedException(ExceptionTranslationFilter.java:199)
	at org.springframework.security.web.access.ExceptionTranslationFilter.handleSpringSecurityException(ExceptionTranslationFilter.java:178)
	at org.springframework.security.web.access.ExceptionTranslationFilter.doFilter(ExceptionTranslationFilter.java:147)
	at org.springframework.security.web.access.ExceptionTranslationFilter.doFilter(ExceptionTranslationFilter.java:120)
	at org.springframework.security.web.FilterChainProxy$VirtualFilterChain.doFilter(FilterChainProxy.java:374)
	at org.springframework.security.web.session.SessionManagementFilter.doFilter(SessionManagementFilter.java:131)
	at org.springframework.security.web.session.SessionManagementFilter.doFilter(SessionManagementFilter.java:85)
	at org.springframework.security.web.FilterChainProxy$VirtualFilterChain.doFilter(FilterChainProxy.java:374)
	at org.springframework.security.web.authentication.AnonymousAuthenticationFilter.doFilter(AnonymousAuthenticationFilter.java:100)
	at org.springframework.security.web.FilterChainProxy$VirtualFilterChain.doFilter(FilterChainProxy.java:374)
	at org.springframework.security.web.servletapi.SecurityContextHolderAwareRequestFilter.doFilter(SecurityContextHolderAwareRequestFilter.java:179)
	at org.springframework.security.web.FilterChainProxy$VirtualFilterChain.doFilter(FilterChainProxy.java:374)
	at org.springframework.security.web.savedrequest.RequestCacheAwareFilter.doFilter(RequestCacheAwareFilter.java:63)
	at org.springframework.security.web.FilterChainProxy$VirtualFilterChain.doFilter(FilterChainProxy.java:374)
	at org.springframework.security.web.authentication.AbstractAuthenticationProcessingFilter.doFilter(AbstractAuthenticationProcessingFilter.java:227)
	at org.springframework.security.web.authentication.AbstractAuthenticationProcessingFilter.doFilter(AbstractAuthenticationProcessingFilter.java:221)
	at org.springframework.security.web.FilterChainProxy$VirtualFilterChain.doFilter(FilterChainProxy.java:374)
	at com.example.cco.security.JwtAuthorizationFilter.doFilterInternal(JwtAuthorizationFilter.java:48)
	at org.springframework.web.filter.OncePerRequestFilter.doFilter(OncePerRequestFilter.java:116)
	at org.springframework.security.web.FilterChainProxy$VirtualFilterChain.doFilter(FilterChainProxy.java:374)
	at org.springframework.security.web.authentication.logout.LogoutFilter.doFilter(LogoutFilter.java:107)
	at org.springframework.security.web.authentication.logout.LogoutFilter.doFilter(LogoutFilter.java:93)
	at org.springframework.security.web.FilterChainProxy$VirtualFilterChain.doFilter(FilterChainProxy.java:374)
	at org.springframework.web.filter.CorsFilter.doFilterInternal(CorsFilter.java:91)
	at org.springframework.web.filter.OncePerRequestFilter.doFilter(OncePerRequestFilter.java:116)
	at org.springframework.security.web.FilterChainProxy$VirtualFilterChain.doFilter(FilterChainProxy.java:374)
	at org.springframework.security.web.header.HeaderWriterFilter.doHeadersAfter(HeaderWriterFilter.java:90)
	at org.springframework.security.web.header.HeaderWriterFilter.doFilterInternal(HeaderWriterFilter.java:75)
	at org.springframework.web.filter.OncePerRequestFilter.doFilter(OncePerRequestFilter.java:116)
	at org.springframework.security.web.FilterChainProxy$VirtualFilterChain.doFilter(FilterChainProxy.java:374)
	at org.springframework.security.web.context.SecurityContextHolderFilter.doFilter(SecurityContextHolderFilter.java:82)
	at org.springframework.security.web.context.SecurityContextHolderFilter.doFilter(SecurityContextHolderFilter.java:69)
	at org.springframework.security.web.FilterChainProxy$VirtualFilterChain.doFilter(FilterChainProxy.java:374)
	at org.springframework.security.web.context.request.async.WebAsyncManagerIntegrationFilter.doFilterInternal(WebAsyncManagerIntegrationFilter.java:62)
	at org.springframework.web.filter.OncePerRequestFilter.doFilter(OncePerRequestFilter.java:116)
	at org.springframework.security.web.FilterChainProxy$VirtualFilterChain.doFilter(FilterChainProxy.java:374)
	at org.springframework.security.web.session.DisableEncodeUrlFilter.doFilterInternal(DisableEncodeUrlFilter.java:42)
	at org.springframework.web.filter.OncePerRequestFilter.doFilter(OncePerRequestFilter.java:116)
	at org.springframework.security.web.FilterChainProxy$VirtualFilterChain.doFilter(FilterChainProxy.java:374)
	at org.springframework.security.web.FilterChainProxy.doFilterInternal(FilterChainProxy.java:233)
	at org.springframework.security.web.FilterChainProxy.doFilter(FilterChainProxy.java:191)
	at org.springframework.web.filter.DelegatingFilterProxy.invokeDelegate(DelegatingFilterProxy.java:352)
	at org.springframework.web.filter.DelegatingFilterProxy.doFilter(DelegatingFilterProxy.java:268)
	at org.apache.catalina.core.ApplicationFilterChain.internalDoFilter(ApplicationFilterChain.java:174)
	at org.apache.catalina.core.ApplicationFilterChain.doFilter(ApplicationFilterChain.java:149)
	at org.springframework.web.filter.RequestContextFilter.doFilterInternal(RequestContextFilter.java:100)
	at org.springframework.web.filter.OncePerRequestFilter.doFilter(OncePerRequestFilter.java:116)
	at org.apache.catalina.core.ApplicationFilterChain.internalDoFilter(ApplicationFilterChain.java:174)
	at org.apache.catalina.core.ApplicationFilterChain.doFilter(ApplicationFilterChain.java:149)
	at org.springframework.web.filter.FormContentFilter.doFilterInternal(FormContentFilter.java:93)
	at org.springframework.web.filter.OncePerRequestFilter.doFilter(OncePerRequestFilter.java:116)
	at org.apache.catalina.core.ApplicationFilterChain.internalDoFilter(ApplicationFilterChain.java:174)
	at org.apache.catalina.core.ApplicationFilterChain.doFilter(ApplicationFilterChain.java:149)
	at org.springframework.web.filter.CharacterEncodingFilter.doFilterInternal(CharacterEncodingFilter.java:201)
	at org.springframework.web.filter.OncePerRequestFilter.doFilter(OncePerRequestFilter.java:116)
	at org.apache.catalina.core.ApplicationFilterChain.internalDoFilter(ApplicationFilterChain.java:174)
	at org.apache.catalina.core.ApplicationFilterChain.doFilter(ApplicationFilterChain.java:149)
	at org.apache.catalina.core.StandardWrapperValve.invoke(StandardWrapperValve.java:167)
	at org.apache.catalina.core.StandardContextValve.invoke(StandardContextValve.java:90)
	at org.apache.catalina.authenticator.AuthenticatorBase.invoke(AuthenticatorBase.java:482)
	at org.apache.catalina.core.StandardHostValve.invoke(StandardHostValve.java:115)
	at org.apache.catalina.valves.ErrorReportValve.invoke(ErrorReportValve.java:93)
	at org.apache.catalina.core.StandardEngineValve.invoke(StandardEngineValve.java:74)
	at org.apache.catalina.connector.CoyoteAdapter.service(CoyoteAdapter.java:340)
	at org.apache.coyote.http11.Http11Processor.service(Http11Processor.java:391)
	at org.apache.coyote.AbstractProcessorLight.process(AbstractProcessorLight.java:63)
	at org.apache.coyote.AbstractProtocol$ConnectionHandler.process(AbstractProtocol.java:896)
	at org.apache.tomcat.util.net.NioEndpoint$SocketProcessor.doRun(NioEndpoint.java:1744)
	at org.apache.tomcat.util.net.SocketProcessorBase.run(SocketProcessorBase.java:52)
	at org.apache.tomcat.util.threads.ThreadPoolExecutor.runWorker(ThreadPoolExecutor.java:1191)
	at org.apache.tomcat.util.threads.ThreadPoolExecutor$Worker.run(ThreadPoolExecutor.java:659)
	at org.apache.tomcat.util.threads.TaskThread$WrappingRunnable.run(TaskThread.java:61)
	at java.base/java.lang.Thread.run(Thread.java:840)

2025-04-30T08:27:16.948+09:00  INFO 16156 --- [http-nio-4080-exec-6] c.e.cco.security.JwtAuthorizationFilter  : token =null
2025-04-30T08:27:17.366+09:00  INFO 16156 --- [http-nio-4080-exec-6] c.e.c.security.JwtAuthenticationFilter   : $2a$10$X0fueljTjwWu9QTjUtn41OjwmxMDC.Iy2Zl7VJIzNHdO0X1dkeide
2025-04-30T08:27:18.283+09:00  INFO 16156 --- [http-nio-4080-exec-7] c.e.cco.security.JwtAuthorizationFilter  : token =eyJhbGciOiJIUzUxMiJ9.eyJzdWIiOiJhZG1pbiIsInJvbGUiOiJBRE1JTiIsImlhdCI6MTc0NTk2OTIzNywiZXhwIjoxNzQ1OTk4MDM3fQ.wiA_QqMmtrXJb4uNDkhaCfIK3bC8lZxSd3ID7_G7j-8l50Fxom-SdwSZGTmZp6ugeUaqXdXNiH8-1-s7fcZFCw
2025-04-30T08:27:18.287+09:00  INFO 16156 --- [http-nio-4080-exec-7] c.example.cco.security.JwtTokenProvider  : Wed Apr 30 08:27:18 KST 2025
2025-04-30T08:27:18.288+09:00  INFO 16156 --- [http-nio-4080-exec-7] c.example.cco.security.JwtTokenProvider  : false
2025-04-30T08:27:18.373+09:00  INFO 16156 --- [http-nio-4080-exec-10] c.e.cco.security.JwtAuthorizationFilter  : token =eyJhbGciOiJIUzUxMiJ9.eyJzdWIiOiJhZG1pbiIsInJvbGUiOiJBRE1JTiIsImlhdCI6MTc0NTk2OTIzNywiZXhwIjoxNzQ1OTk4MDM3fQ.wiA_QqMmtrXJb4uNDkhaCfIK3bC8lZxSd3ID7_G7j-8l50Fxom-SdwSZGTmZp6ugeUaqXdXNiH8-1-s7fcZFCw
2025-04-30T08:27:18.376+09:00  INFO 16156 --- [http-nio-4080-exec-10] c.example.cco.security.JwtTokenProvider  : Wed Apr 30 08:27:18 KST 2025
2025-04-30T08:27:18.376+09:00  INFO 16156 --- [http-nio-4080-exec-10] c.example.cco.security.JwtTokenProvider  : false
2025-04-30T08:27:18.404+09:00  INFO 16156 --- [http-nio-4080-exec-10] c.e.cco.settlement.SettlementController  : search=
2025-04-30T08:27:18.585+09:00  INFO 16156 --- [http-nio-4080-exec-1] c.e.cco.security.JwtAuthorizationFilter  : token =eyJhbGciOiJIUzUxMiJ9.eyJzdWIiOiJhZG1pbiIsInJvbGUiOiJBRE1JTiIsImlhdCI6MTc0NTk2OTIzNywiZXhwIjoxNzQ1OTk4MDM3fQ.wiA_QqMmtrXJb4uNDkhaCfIK3bC8lZxSd3ID7_G7j-8l50Fxom-SdwSZGTmZp6ugeUaqXdXNiH8-1-s7fcZFCw
2025-04-30T08:27:18.587+09:00  INFO 16156 --- [http-nio-4080-exec-1] c.example.cco.security.JwtTokenProvider  : Wed Apr 30 08:27:18 KST 2025
2025-04-30T08:27:18.587+09:00  INFO 16156 --- [http-nio-4080-exec-1] c.example.cco.security.JwtTokenProvider  : false
2025-04-30T08:27:18.596+09:00  INFO 16156 --- [http-nio-4080-exec-1] c.e.cco.settlement.SettlementController  : search=
2025-04-30T08:27:19.690+09:00  INFO 16156 --- [http-nio-4080-exec-2] c.e.cco.security.JwtAuthorizationFilter  : token =eyJhbGciOiJIUzUxMiJ9.eyJzdWIiOiJhZG1pbiIsInJvbGUiOiJBRE1JTiIsImlhdCI6MTc0NTk2OTIzNywiZXhwIjoxNzQ1OTk4MDM3fQ.wiA_QqMmtrXJb4uNDkhaCfIK3bC8lZxSd3ID7_G7j-8l50Fxom-SdwSZGTmZp6ugeUaqXdXNiH8-1-s7fcZFCw
2025-04-30T08:27:19.691+09:00  INFO 16156 --- [http-nio-4080-exec-2] c.example.cco.security.JwtTokenProvider  : Wed Apr 30 08:27:19 KST 2025
2025-04-30T08:27:19.692+09:00  INFO 16156 --- [http-nio-4080-exec-2] c.example.cco.security.JwtTokenProvider  : false
2025-04-30T08:27:19.703+09:00  INFO 16156 --- [http-nio-4080-exec-2] c.e.cco.settlement.SettlementController  : search=
2025-04-30T08:27:21.495+09:00  INFO 16156 --- [http-nio-4080-exec-4] c.e.cco.security.JwtAuthorizationFilter  : token =eyJhbGciOiJIUzUxMiJ9.eyJzdWIiOiJhZG1pbiIsInJvbGUiOiJBRE1JTiIsImlhdCI6MTc0NTk2OTIzNywiZXhwIjoxNzQ1OTk4MDM3fQ.wiA_QqMmtrXJb4uNDkhaCfIK3bC8lZxSd3ID7_G7j-8l50Fxom-SdwSZGTmZp6ugeUaqXdXNiH8-1-s7fcZFCw
2025-04-30T08:27:21.497+09:00  INFO 16156 --- [http-nio-4080-exec-4] c.example.cco.security.JwtTokenProvider  : Wed Apr 30 08:27:21 KST 2025
2025-04-30T08:27:21.497+09:00  INFO 16156 --- [http-nio-4080-exec-4] c.example.cco.security.JwtTokenProvider  : false
2025-04-30T08:27:21.539+09:00  WARN 16156 --- [http-nio-4080-exec-4] o.h.engine.jdbc.spi.SqlExceptionHelper   : SQL Error: 0, SQLState: 42703
2025-04-30T08:27:21.539+09:00 ERROR 16156 --- [http-nio-4080-exec-4] o.h.engine.jdbc.spi.SqlExceptionHelper   : ERROR: column vte1_0.settle_amount does not exist
  Position: 3893
2025-04-30T08:27:21.540+09:00  INFO 16156 --- [http-nio-4080-exec-4] o.h.e.internal.DefaultLoadEventListener  : HHH000327: Error performing load command

org.hibernate.exception.SQLGrammarException: JDBC exception executing SQL [select vte1_0.pkey,vte1_0.a1card,vte1_0.a1card_note,vte1_0.a1cash,vte1_0.a1cash_note,vte1_0.a1extra1,vte1_0.a1extra1name,vte1_0.a1extra1note,vte1_0.a1extra2,vte1_0.a1extra2name,vte1_0.a1extra2note,vte1_0.a1extra3,vte1_0.a1extra3name,vte1_0.a1extra3note,vte1_0.a1extra4,vte1_0.a1extra4name,vte1_0.a1extra4note,vte1_0.a1extra5,vte1_0.a1extra5name,vte1_0.a1extra5note,vte1_0.a1tax,vte1_0.a1tax_note,vte1_0.active_yn,vte1_0.a_total,vte1_0.b1electricity,vte1_0.b1electricity_note,vte1_0.b1etc_expense,vte1_0.b1etc_expense_note,vte1_0.b1extra1,vte1_0.b1extra1name,vte1_0.b1extra1note,vte1_0.b1extra2,vte1_0.b1extra2name,vte1_0.b1extra2note,vte1_0.b1extra3,vte1_0.b1extra3name,vte1_0.b1extra3note,vte1_0.b1extra4,vte1_0.b1extra4name,vte1_0.b1extra4note,vte1_0.b1extra5,vte1_0.b1extra5name,vte1_0.b1extra5note,vte1_0.b1gas,vte1_0.b1gas_note,vte1_0.b1internet,vte1_0.b1internet_note,vte1_0.b1maint,vte1_0.b1maint_note,vte1_0.b1rent,vte1_0.b1rent_note,vte1_0.b2charge,vte1_0.b2charge_note,vte1_0.b3etc,vte1_0.b3etc_note,vte1_0.b3extra1,vte1_0.b3extra1name,vte1_0.b3extra1note,vte1_0.b3extra2,vte1_0.b3extra2name,vte1_0.b3extra2note,vte1_0.b3extra3,vte1_0.b3extra3name,vte1_0.b3extra3note,vte1_0.b3extra4,vte1_0.b3extra4name,vte1_0.b3extra4note,vte1_0.b3extra5,vte1_0.b3extra5name,vte1_0.b3extra5note,vte1_0.b3material,vte1_0.b3material_note,vte1_0.b4donation,vte1_0.b4donation_note,vte1_0.b4extra1,vte1_0.b4extra1name,vte1_0.b4extra1note,vte1_0.b4extra2,vte1_0.b4extra2name,vte1_0.b4extra2note,vte1_0.b4extra3,vte1_0.b4extra3name,vte1_0.b4extra3note,vte1_0.b4extra4,vte1_0.b4extra4name,vte1_0.b4extra4note,vte1_0.b4extra5,vte1_0.b4extra5name,vte1_0.b4extra5note,vte1_0.b4init_product,vte1_0.b4init_product_note,vte1_0.bank,vte1_0.bank_account,vte1_0.bank_account_number,vte1_0.brand_cd,vte1_0.brand_name,vte1_0.b_total,vte1_0.c1card_fee,vte1_0.c1card_fee_note,vte1_0.c1electricity,vte1_0.c1electricity_note,vte1_0.c1etc_expense,vte1_0.c1etc_expense_note,vte1_0.c1extra1,vte1_0.c1extra1name,vte1_0.c1extra1note,vte1_0.c1extra2,vte1_0.c1extra2name,vte1_0.c1extra2note,vte1_0.c1extra3,vte1_0.c1extra3name,vte1_0.c1extra3note,vte1_0.c1extra4,vte1_0.c1extra4name,vte1_0.c1extra4note,vte1_0.c1extra5,vte1_0.c1extra5name,vte1_0.c1extra5note,vte1_0.c1gas,vte1_0.c1gas_note,vte1_0.c1insurance,vte1_0.c1insurance_note,vte1_0.c1rent,vte1_0.c1rent_note,vte1_0.c1water,vte1_0.c1water_note,vte1_0.c2extra1,vte1_0.c2extra1name,vte1_0.c2extra1note,vte1_0.c2extra2,vte1_0.c2extra2name,vte1_0.c2extra2note,vte1_0.c2extra3,vte1_0.c2extra3name,vte1_0.c2extra3note,vte1_0.c2extra4,vte1_0.c2extra4name,vte1_0.c2extra4note,vte1_0.c2extra5,vte1_0.c2extra5name,vte1_0.c2extra5note,vte1_0.c2interest_cost,vte1_0.c2interest_cost_note,vte1_0.closed_yn,vte1_0.d1carryover,vte1_0.d1carryover_note,vte1_0.d1extra1,vte1_0.d1extra1name,vte1_0.d1extra1note,vte1_0.d1extra2,vte1_0.d1extra2name,vte1_0.d1extra2note,vte1_0.d1extra3,vte1_0.d1extra3name,vte1_0.d1extra3note,vte1_0.d1extra4,vte1_0.d1extra4name,vte1_0.d1extra4note,vte1_0.d1extra5,vte1_0.d1extra5name,vte1_0.d1extra5note,vte1_0.d1material,vte1_0.d1material_note,vte1_0.d1store_maint,vte1_0.d1store_maint_note,vte1_0.d2cash,vte1_0.d2cash_note,vte1_0.d2extra1,vte1_0.d2extra1name,vte1_0.d2extra1note,vte1_0.d2extra2,vte1_0.d2extra2name,vte1_0.d2extra2note,vte1_0.d2extra3,vte1_0.d2extra3name,vte1_0.d2extra3note,vte1_0.d2extra4,vte1_0.d2extra4name,vte1_0.d2extra4note,vte1_0.d2extra5,vte1_0.d2extra5name,vte1_0.d2extra5note,vte1_0.d3extra1,vte1_0.d3extra1name,vte1_0.d3extra1note,vte1_0.d3extra2,vte1_0.d3extra2name,vte1_0.d3extra2note,vte1_0.d3extra3,vte1_0.d3extra3name,vte1_0.d3extra3note,vte1_0.d3extra4,vte1_0.d3extra4name,vte1_0.d3extra4note,vte1_0.d3extra5,vte1_0.d3extra5name,vte1_0.d3extra5note,vte1_0.d3init_product,vte1_0.d3init_product_note,vte1_0.d3rent,vte1_0.d3rent_note,vte1_0.deposit_amount,vte1_0.insert_timestamp,vte1_0.owner,vte1_0.phone,vte1_0.sales_profit,vte1_0.settle_amount,vte1_0.settlement_amount,vte1_0.settlement_cd,vte1_0.settlement_title,vte1_0.settlement_ymd,vte1_0.src_a1card,vte1_0.src_a1cash,vte1_0.src_b1electricity,vte1_0.src_b3material,vte1_0.src_c1card_fee,vte1_0.src_d1material,vte1_0.store_code,vte1_0.store_name,vte1_0.update_timestamp from cnco.vsettlement_total vte1_0 where vte1_0.pkey=?] [ERROR: column vte1_0.settle_amount does not exist
  Position: 3893] [n/a]
	at org.hibernate.exception.internal.SQLStateConversionDelegate.convert(SQLStateConversionDelegate.java:91) ~[hibernate-core-6.3.1.Final.jar:6.3.1.Final]
	at org.hibernate.exception.internal.StandardSQLExceptionConverter.convert(StandardSQLExceptionConverter.java:58) ~[hibernate-core-6.3.1.Final.jar:6.3.1.Final]
	at org.hibernate.engine.jdbc.spi.SqlExceptionHelper.convert(SqlExceptionHelper.java:108) ~[hibernate-core-6.3.1.Final.jar:6.3.1.Final]
	at org.hibernate.engine.jdbc.spi.SqlExceptionHelper.convert(SqlExceptionHelper.java:94) ~[hibernate-core-6.3.1.Final.jar:6.3.1.Final]
	at org.hibernate.sql.results.jdbc.internal.DeferredResultSetAccess.executeQuery(DeferredResultSetAccess.java:258) ~[hibernate-core-6.3.1.Final.jar:6.3.1.Final]
	at org.hibernate.sql.results.jdbc.internal.DeferredResultSetAccess.getResultSet(DeferredResultSetAccess.java:164) ~[hibernate-core-6.3.1.Final.jar:6.3.1.Final]
	at org.hibernate.sql.results.jdbc.internal.JdbcValuesResultSetImpl.advanceNext(JdbcValuesResultSetImpl.java:218) ~[hibernate-core-6.3.1.Final.jar:6.3.1.Final]
	at org.hibernate.sql.results.jdbc.internal.JdbcValuesResultSetImpl.processNext(JdbcValuesResultSetImpl.java:98) ~[hibernate-core-6.3.1.Final.jar:6.3.1.Final]
	at org.hibernate.sql.results.jdbc.internal.AbstractJdbcValues.next(AbstractJdbcValues.java:19) ~[hibernate-core-6.3.1.Final.jar:6.3.1.Final]
	at org.hibernate.sql.results.internal.RowProcessingStateStandardImpl.next(RowProcessingStateStandardImpl.java:66) ~[hibernate-core-6.3.1.Final.jar:6.3.1.Final]
	at org.hibernate.sql.results.spi.ListResultsConsumer.consume(ListResultsConsumer.java:186) ~[hibernate-core-6.3.1.Final.jar:6.3.1.Final]
	at org.hibernate.sql.results.spi.ListResultsConsumer.consume(ListResultsConsumer.java:33) ~[hibernate-core-6.3.1.Final.jar:6.3.1.Final]
	at org.hibernate.sql.exec.internal.JdbcSelectExecutorStandardImpl.doExecuteQuery(JdbcSelectExecutorStandardImpl.java:361) ~[hibernate-core-6.3.1.Final.jar:6.3.1.Final]
	at org.hibernate.sql.exec.internal.JdbcSelectExecutorStandardImpl.executeQuery(JdbcSelectExecutorStandardImpl.java:168) ~[hibernate-core-6.3.1.Final.jar:6.3.1.Final]
	at org.hibernate.sql.exec.internal.JdbcSelectExecutorStandardImpl.list(JdbcSelectExecutorStandardImpl.java:93) ~[hibernate-core-6.3.1.Final.jar:6.3.1.Final]
	at org.hibernate.sql.exec.spi.JdbcSelectExecutor.list(JdbcSelectExecutor.java:31) ~[hibernate-core-6.3.1.Final.jar:6.3.1.Final]
	at org.hibernate.loader.ast.internal.SingleIdLoadPlan.load(SingleIdLoadPlan.java:145) ~[hibernate-core-6.3.1.Final.jar:6.3.1.Final]
	at org.hibernate.loader.ast.internal.SingleIdLoadPlan.load(SingleIdLoadPlan.java:117) ~[hibernate-core-6.3.1.Final.jar:6.3.1.Final]
	at org.hibernate.loader.ast.internal.SingleIdEntityLoaderStandardImpl.load(SingleIdEntityLoaderStandardImpl.java:75) ~[hibernate-core-6.3.1.Final.jar:6.3.1.Final]
	at org.hibernate.persister.entity.AbstractEntityPersister.doLoad(AbstractEntityPersister.java:3673) ~[hibernate-core-6.3.1.Final.jar:6.3.1.Final]
	at org.hibernate.persister.entity.AbstractEntityPersister.load(AbstractEntityPersister.java:3662) ~[hibernate-core-6.3.1.Final.jar:6.3.1.Final]
	at org.hibernate.event.internal.DefaultLoadEventListener.loadFromDatasource(DefaultLoadEventListener.java:591) ~[hibernate-core-6.3.1.Final.jar:6.3.1.Final]
	at org.hibernate.event.internal.DefaultLoadEventListener.loadFromCacheOrDatasource(DefaultLoadEventListener.java:577) ~[hibernate-core-6.3.1.Final.jar:6.3.1.Final]
	at org.hibernate.event.internal.DefaultLoadEventListener.load(DefaultLoadEventListener.java:547) ~[hibernate-core-6.3.1.Final.jar:6.3.1.Final]
	at org.hibernate.event.internal.DefaultLoadEventListener.doLoad(DefaultLoadEventListener.java:531) ~[hibernate-core-6.3.1.Final.jar:6.3.1.Final]
	at org.hibernate.event.internal.DefaultLoadEventListener.load(DefaultLoadEventListener.java:206) ~[hibernate-core-6.3.1.Final.jar:6.3.1.Final]
	at org.hibernate.event.internal.DefaultLoadEventListener.loadWithRegularProxy(DefaultLoadEventListener.java:286) ~[hibernate-core-6.3.1.Final.jar:6.3.1.Final]
	at org.hibernate.event.internal.DefaultLoadEventListener.proxyOrLoad(DefaultLoadEventListener.java:241) ~[hibernate-core-6.3.1.Final.jar:6.3.1.Final]
	at org.hibernate.event.internal.DefaultLoadEventListener.doOnLoad(DefaultLoadEventListener.java:110) ~[hibernate-core-6.3.1.Final.jar:6.3.1.Final]
	at org.hibernate.event.internal.DefaultLoadEventListener.onLoad(DefaultLoadEventListener.java:67) ~[hibernate-core-6.3.1.Final.jar:6.3.1.Final]
	at org.hibernate.event.service.internal.EventListenerGroupImpl.fireEventOnEachListener(EventListenerGroupImpl.java:138) ~[hibernate-core-6.3.1.Final.jar:6.3.1.Final]
	at org.hibernate.internal.SessionImpl.fireLoadNoChecks(SessionImpl.java:1234) ~[hibernate-core-6.3.1.Final.jar:6.3.1.Final]
	at org.hibernate.internal.SessionImpl.fireLoad(SessionImpl.java:1222) ~[hibernate-core-6.3.1.Final.jar:6.3.1.Final]
	at org.hibernate.loader.internal.IdentifierLoadAccessImpl.load(IdentifierLoadAccessImpl.java:209) ~[hibernate-core-6.3.1.Final.jar:6.3.1.Final]
	at org.hibernate.loader.internal.IdentifierLoadAccessImpl.doLoad(IdentifierLoadAccessImpl.java:160) ~[hibernate-core-6.3.1.Final.jar:6.3.1.Final]
	at org.hibernate.loader.internal.IdentifierLoadAccessImpl.lambda$load$1(IdentifierLoadAccessImpl.java:149) ~[hibernate-core-6.3.1.Final.jar:6.3.1.Final]
	at org.hibernate.loader.internal.IdentifierLoadAccessImpl.perform(IdentifierLoadAccessImpl.java:112) ~[hibernate-core-6.3.1.Final.jar:6.3.1.Final]
	at org.hibernate.loader.internal.IdentifierLoadAccessImpl.load(IdentifierLoadAccessImpl.java:149) ~[hibernate-core-6.3.1.Final.jar:6.3.1.Final]
	at org.hibernate.internal.SessionImpl.find(SessionImpl.java:2430) ~[hibernate-core-6.3.1.Final.jar:6.3.1.Final]
	at org.hibernate.internal.SessionImpl.find(SessionImpl.java:2401) ~[hibernate-core-6.3.1.Final.jar:6.3.1.Final]
	at java.base/jdk.internal.reflect.NativeMethodAccessorImpl.invoke0(Native Method) ~[na:na]
	at java.base/jdk.internal.reflect.NativeMethodAccessorImpl.invoke(NativeMethodAccessorImpl.java:77) ~[na:na]
	at java.base/jdk.internal.reflect.DelegatingMethodAccessorImpl.invoke(DelegatingMethodAccessorImpl.java:43) ~[na:na]
	at java.base/java.lang.reflect.Method.invoke(Method.java:569) ~[na:na]
	at org.springframework.orm.jpa.ExtendedEntityManagerCreator$ExtendedEntityManagerInvocationHandler.invoke(ExtendedEntityManagerCreator.java:360) ~[spring-orm-6.1.1.jar:6.1.1]
	at jdk.proxy2/jdk.proxy2.$Proxy134.find(Unknown Source) ~[na:na]
	at java.base/jdk.internal.reflect.NativeMethodAccessorImpl.invoke0(Native Method) ~[na:na]
	at java.base/jdk.internal.reflect.NativeMethodAccessorImpl.invoke(NativeMethodAccessorImpl.java:77) ~[na:na]
	at java.base/jdk.internal.reflect.DelegatingMethodAccessorImpl.invoke(DelegatingMethodAccessorImpl.java:43) ~[na:na]
	at java.base/java.lang.reflect.Method.invoke(Method.java:569) ~[na:na]
	at org.springframework.orm.jpa.SharedEntityManagerCreator$SharedEntityManagerInvocationHandler.invoke(SharedEntityManagerCreator.java:311) ~[spring-orm-6.1.1.jar:6.1.1]
	at jdk.proxy2/jdk.proxy2.$Proxy134.find(Unknown Source) ~[na:na]
	at org.springframework.data.jpa.repository.support.SimpleJpaRepository.findById(SimpleJpaRepository.java:313) ~[spring-data-jpa-3.2.0.jar:3.2.0]
	at java.base/jdk.internal.reflect.NativeMethodAccessorImpl.invoke0(Native Method) ~[na:na]
	at java.base/jdk.internal.reflect.NativeMethodAccessorImpl.invoke(NativeMethodAccessorImpl.java:77) ~[na:na]
	at java.base/jdk.internal.reflect.DelegatingMethodAccessorImpl.invoke(DelegatingMethodAccessorImpl.java:43) ~[na:na]
	at java.base/java.lang.reflect.Method.invoke(Method.java:569) ~[na:na]
	at org.springframework.aop.support.AopUtils.invokeJoinpointUsingReflection(AopUtils.java:352) ~[spring-aop-6.1.1.jar:6.1.1]
	at org.springframework.data.repository.core.support.RepositoryMethodInvoker$RepositoryFragmentMethodInvoker.lambda$new$0(RepositoryMethodInvoker.java:277) ~[spring-data-commons-3.2.0.jar:3.2.0]
	at org.springframework.data.repository.core.support.RepositoryMethodInvoker.doInvoke(RepositoryMethodInvoker.java:170) ~[spring-data-commons-3.2.0.jar:3.2.0]
	at org.springframework.data.repository.core.support.RepositoryMethodInvoker.invoke(RepositoryMethodInvoker.java:158) ~[spring-data-commons-3.2.0.jar:3.2.0]
	at org.springframework.data.repository.core.support.RepositoryComposition$RepositoryFragments.invoke(RepositoryComposition.java:516) ~[spring-data-commons-3.2.0.jar:3.2.0]
	at org.springframework.data.repository.core.support.RepositoryComposition.invoke(RepositoryComposition.java:285) ~[spring-data-commons-3.2.0.jar:3.2.0]
	at org.springframework.data.repository.core.support.RepositoryFactorySupport$ImplementationMethodExecutionInterceptor.invoke(RepositoryFactorySupport.java:628) ~[spring-data-commons-3.2.0.jar:3.2.0]
	at org.springframework.aop.framework.ReflectiveMethodInvocation.proceed(ReflectiveMethodInvocation.java:184) ~[spring-aop-6.1.1.jar:6.1.1]
	at org.springframework.data.repository.core.support.QueryExecutorMethodInterceptor.doInvoke(QueryExecutorMethodInterceptor.java:168) ~[spring-data-commons-3.2.0.jar:3.2.0]
	at org.springframework.data.repository.core.support.QueryExecutorMethodInterceptor.invoke(QueryExecutorMethodInterceptor.java:143) ~[spring-data-commons-3.2.0.jar:3.2.0]
	at org.springframework.aop.framework.ReflectiveMethodInvocation.proceed(ReflectiveMethodInvocation.java:184) ~[spring-aop-6.1.1.jar:6.1.1]
	at org.springframework.data.projection.DefaultMethodInvokingMethodInterceptor.invoke(DefaultMethodInvokingMethodInterceptor.java:70) ~[spring-data-commons-3.2.0.jar:3.2.0]
	at org.springframework.aop.framework.ReflectiveMethodInvocation.proceed(ReflectiveMethodInvocation.java:184) ~[spring-aop-6.1.1.jar:6.1.1]
	at org.springframework.transaction.interceptor.TransactionInterceptor$1.proceedWithInvocation(TransactionInterceptor.java:123) ~[spring-tx-6.1.1.jar:6.1.1]
	at org.springframework.transaction.interceptor.TransactionAspectSupport.invokeWithinTransaction(TransactionAspectSupport.java:385) ~[spring-tx-6.1.1.jar:6.1.1]
	at org.springframework.transaction.interceptor.TransactionInterceptor.invoke(TransactionInterceptor.java:119) ~[spring-tx-6.1.1.jar:6.1.1]
	at org.springframework.aop.framework.ReflectiveMethodInvocation.proceed(ReflectiveMethodInvocation.java:184) ~[spring-aop-6.1.1.jar:6.1.1]
	at org.springframework.dao.support.PersistenceExceptionTranslationInterceptor.invoke(PersistenceExceptionTranslationInterceptor.java:137) ~[spring-tx-6.1.1.jar:6.1.1]
	at org.springframework.aop.framework.ReflectiveMethodInvocation.proceed(ReflectiveMethodInvocation.java:184) ~[spring-aop-6.1.1.jar:6.1.1]
	at org.springframework.data.jpa.repository.support.CrudMethodMetadataPostProcessor$CrudMethodMetadataPopulatingMethodInterceptor.invoke(CrudMethodMetadataPostProcessor.java:164) ~[spring-data-jpa-3.2.0.jar:3.2.0]
	at org.springframework.aop.framework.ReflectiveMethodInvocation.proceed(ReflectiveMethodInvocation.java:184) ~[spring-aop-6.1.1.jar:6.1.1]
	at org.springframework.aop.interceptor.ExposeInvocationInterceptor.invoke(ExposeInvocationInterceptor.java:97) ~[spring-aop-6.1.1.jar:6.1.1]
	at org.springframework.aop.framework.ReflectiveMethodInvocation.proceed(ReflectiveMethodInvocation.java:184) ~[spring-aop-6.1.1.jar:6.1.1]
	at org.springframework.aop.framework.JdkDynamicAopProxy.invoke(JdkDynamicAopProxy.java:249) ~[spring-aop-6.1.1.jar:6.1.1]
	at jdk.proxy2/jdk.proxy2.$Proxy146.findById(Unknown Source) ~[na:na]
	at com.example.cco.settlement.SettlementServiceImpl.getSettlementDetail(SettlementServiceImpl.java:564) ~[main/:na]
	at java.base/jdk.internal.reflect.NativeMethodAccessorImpl.invoke0(Native Method) ~[na:na]
	at java.base/jdk.internal.reflect.NativeMethodAccessorImpl.invoke(NativeMethodAccessorImpl.java:77) ~[na:na]
	at java.base/jdk.internal.reflect.DelegatingMethodAccessorImpl.invoke(DelegatingMethodAccessorImpl.java:43) ~[na:na]
	at java.base/java.lang.reflect.Method.invoke(Method.java:569) ~[na:na]
	at org.springframework.aop.support.AopUtils.invokeJoinpointUsingReflection(AopUtils.java:352) ~[spring-aop-6.1.1.jar:6.1.1]
	at org.springframework.aop.framework.ReflectiveMethodInvocation.invokeJoinpoint(ReflectiveMethodInvocation.java:196) ~[spring-aop-6.1.1.jar:6.1.1]
	at org.springframework.aop.framework.ReflectiveMethodInvocation.proceed(ReflectiveMethodInvocation.java:163) ~[spring-aop-6.1.1.jar:6.1.1]
	at org.springframework.aop.framework.CglibAopProxy$CglibMethodInvocation.proceed(CglibAopProxy.java:765) ~[spring-aop-6.1.1.jar:6.1.1]
	at org.springframework.transaction.interceptor.TransactionInterceptor$1.proceedWithInvocation(TransactionInterceptor.java:123) ~[spring-tx-6.1.1.jar:6.1.1]
	at org.springframework.transaction.interceptor.TransactionAspectSupport.invokeWithinTransaction(TransactionAspectSupport.java:385) ~[spring-tx-6.1.1.jar:6.1.1]
	at org.springframework.transaction.interceptor.TransactionInterceptor.invoke(TransactionInterceptor.java:119) ~[spring-tx-6.1.1.jar:6.1.1]
	at org.springframework.aop.framework.ReflectiveMethodInvocation.proceed(ReflectiveMethodInvocation.java:184) ~[spring-aop-6.1.1.jar:6.1.1]
	at org.springframework.aop.framework.CglibAopProxy$CglibMethodInvocation.proceed(CglibAopProxy.java:765) ~[spring-aop-6.1.1.jar:6.1.1]
	at org.springframework.aop.framework.CglibAopProxy$DynamicAdvisedInterceptor.intercept(CglibAopProxy.java:717) ~[spring-aop-6.1.1.jar:6.1.1]
	at com.example.cco.settlement.SettlementServiceImpl$$SpringCGLIB$$0.getSettlementDetail(<generated>) ~[main/:na]
	at com.example.cco.settlement.SettlementController.getSettlementDetail(SettlementController.java:79) ~[main/:na]
	at java.base/jdk.internal.reflect.NativeMethodAccessorImpl.invoke0(Native Method) ~[na:na]
	at java.base/jdk.internal.reflect.NativeMethodAccessorImpl.invoke(NativeMethodAccessorImpl.java:77) ~[na:na]
	at java.base/jdk.internal.reflect.DelegatingMethodAccessorImpl.invoke(DelegatingMethodAccessorImpl.java:43) ~[na:na]
	at java.base/java.lang.reflect.Method.invoke(Method.java:569) ~[na:na]
	at org.springframework.web.method.support.InvocableHandlerMethod.doInvoke(InvocableHandlerMethod.java:254) ~[spring-web-6.1.1.jar:6.1.1]
	at org.springframework.web.method.support.InvocableHandlerMethod.invokeForRequest(InvocableHandlerMethod.java:182) ~[spring-web-6.1.1.jar:6.1.1]
	at org.springframework.web.servlet.mvc.method.annotation.ServletInvocableHandlerMethod.invokeAndHandle(ServletInvocableHandlerMethod.java:118) ~[spring-webmvc-6.1.1.jar:6.1.1]
	at org.springframework.web.servlet.mvc.method.annotation.RequestMappingHandlerAdapter.invokeHandlerMethod(RequestMappingHandlerAdapter.java:917) ~[spring-webmvc-6.1.1.jar:6.1.1]
	at org.springframework.web.servlet.mvc.method.annotation.RequestMappingHandlerAdapter.handleInternal(RequestMappingHandlerAdapter.java:829) ~[spring-webmvc-6.1.1.jar:6.1.1]
	at org.springframework.web.servlet.mvc.method.AbstractHandlerMethodAdapter.handle(AbstractHandlerMethodAdapter.java:87) ~[spring-webmvc-6.1.1.jar:6.1.1]
	at org.springframework.web.servlet.DispatcherServlet.doDispatch(DispatcherServlet.java:1089) ~[spring-webmvc-6.1.1.jar:6.1.1]
	at org.springframework.web.servlet.DispatcherServlet.doService(DispatcherServlet.java:979) ~[spring-webmvc-6.1.1.jar:6.1.1]
	at org.springframework.web.servlet.FrameworkServlet.processRequest(FrameworkServlet.java:1014) ~[spring-webmvc-6.1.1.jar:6.1.1]
	at org.springframework.web.servlet.FrameworkServlet.doGet(FrameworkServlet.java:903) ~[spring-webmvc-6.1.1.jar:6.1.1]
	at jakarta.servlet.http.HttpServlet.service(HttpServlet.java:564) ~[tomcat-embed-core-10.1.16.jar:6.0]
	at org.springframework.web.servlet.FrameworkServlet.service(FrameworkServlet.java:885) ~[spring-webmvc-6.1.1.jar:6.1.1]
	at jakarta.servlet.http.HttpServlet.service(HttpServlet.java:658) ~[tomcat-embed-core-10.1.16.jar:6.0]
	at org.apache.catalina.core.ApplicationFilterChain.internalDoFilter(ApplicationFilterChain.java:205) ~[tomcat-embed-core-10.1.16.jar:10.1.16]
	at org.apache.catalina.core.ApplicationFilterChain.doFilter(ApplicationFilterChain.java:149) ~[tomcat-embed-core-10.1.16.jar:10.1.16]
	at org.apache.tomcat.websocket.server.WsFilter.doFilter(WsFilter.java:51) ~[tomcat-embed-websocket-10.1.16.jar:10.1.16]
	at org.apache.catalina.core.ApplicationFilterChain.internalDoFilter(ApplicationFilterChain.java:174) ~[tomcat-embed-core-10.1.16.jar:10.1.16]
	at org.apache.catalina.core.ApplicationFilterChain.doFilter(ApplicationFilterChain.java:149) ~[tomcat-embed-core-10.1.16.jar:10.1.16]
	at org.springframework.security.web.FilterChainProxy.lambda$doFilterInternal$3(FilterChainProxy.java:231) ~[spring-security-web-6.2.0.jar:6.2.0]
	at org.springframework.security.web.FilterChainProxy$VirtualFilterChain.doFilter(FilterChainProxy.java:365) ~[spring-security-web-6.2.0.jar:6.2.0]
	at org.springframework.security.web.access.intercept.AuthorizationFilter.doFilter(AuthorizationFilter.java:100) ~[spring-security-web-6.2.0.jar:6.2.0]
	at org.springframework.security.web.FilterChainProxy$VirtualFilterChain.doFilter(FilterChainProxy.java:374) ~[spring-security-web-6.2.0.jar:6.2.0]
	at org.springframework.security.web.access.ExceptionTranslationFilter.doFilter(ExceptionTranslationFilter.java:126) ~[spring-security-web-6.2.0.jar:6.2.0]
	at org.springframework.security.web.access.ExceptionTranslationFilter.doFilter(ExceptionTranslationFilter.java:120) ~[spring-security-web-6.2.0.jar:6.2.0]
	at org.springframework.security.web.FilterChainProxy$VirtualFilterChain.doFilter(FilterChainProxy.java:374) ~[spring-security-web-6.2.0.jar:6.2.0]
	at org.springframework.security.web.session.SessionManagementFilter.doFilter(SessionManagementFilter.java:131) ~[spring-security-web-6.2.0.jar:6.2.0]
	at org.springframework.security.web.session.SessionManagementFilter.doFilter(SessionManagementFilter.java:85) ~[spring-security-web-6.2.0.jar:6.2.0]
	at org.springframework.security.web.FilterChainProxy$VirtualFilterChain.doFilter(FilterChainProxy.java:374) ~[spring-security-web-6.2.0.jar:6.2.0]
	at org.springframework.security.web.authentication.AnonymousAuthenticationFilter.doFilter(AnonymousAuthenticationFilter.java:100) ~[spring-security-web-6.2.0.jar:6.2.0]
	at org.springframework.security.web.FilterChainProxy$VirtualFilterChain.doFilter(FilterChainProxy.java:374) ~[spring-security-web-6.2.0.jar:6.2.0]
	at org.springframework.security.web.servletapi.SecurityContextHolderAwareRequestFilter.doFilter(SecurityContextHolderAwareRequestFilter.java:179) ~[spring-security-web-6.2.0.jar:6.2.0]
	at org.springframework.security.web.FilterChainProxy$VirtualFilterChain.doFilter(FilterChainProxy.java:374) ~[spring-security-web-6.2.0.jar:6.2.0]
	at org.springframework.security.web.savedrequest.RequestCacheAwareFilter.doFilter(RequestCacheAwareFilter.java:63) ~[spring-security-web-6.2.0.jar:6.2.0]
	at org.springframework.security.web.FilterChainProxy$VirtualFilterChain.doFilter(FilterChainProxy.java:374) ~[spring-security-web-6.2.0.jar:6.2.0]
	at org.springframework.security.web.authentication.AbstractAuthenticationProcessingFilter.doFilter(AbstractAuthenticationProcessingFilter.java:227) ~[spring-security-web-6.2.0.jar:6.2.0]
	at org.springframework.security.web.authentication.AbstractAuthenticationProcessingFilter.doFilter(AbstractAuthenticationProcessingFilter.java:221) ~[spring-security-web-6.2.0.jar:6.2.0]
	at org.springframework.security.web.FilterChainProxy$VirtualFilterChain.doFilter(FilterChainProxy.java:374) ~[spring-security-web-6.2.0.jar:6.2.0]
	at com.example.cco.security.JwtAuthorizationFilter.doFilterInternal(JwtAuthorizationFilter.java:48) ~[main/:na]
	at org.springframework.web.filter.OncePerRequestFilter.doFilter(OncePerRequestFilter.java:116) ~[spring-web-6.1.1.jar:6.1.1]
	at org.springframework.security.web.FilterChainProxy$VirtualFilterChain.doFilter(FilterChainProxy.java:374) ~[spring-security-web-6.2.0.jar:6.2.0]
	at org.springframework.security.web.authentication.logout.LogoutFilter.doFilter(LogoutFilter.java:107) ~[spring-security-web-6.2.0.jar:6.2.0]
	at org.springframework.security.web.authentication.logout.LogoutFilter.doFilter(LogoutFilter.java:93) ~[spring-security-web-6.2.0.jar:6.2.0]
	at org.springframework.security.web.FilterChainProxy$VirtualFilterChain.doFilter(FilterChainProxy.java:374) ~[spring-security-web-6.2.0.jar:6.2.0]
	at org.springframework.web.filter.CorsFilter.doFilterInternal(CorsFilter.java:91) ~[spring-web-6.1.1.jar:6.1.1]
	at org.springframework.web.filter.OncePerRequestFilter.doFilter(OncePerRequestFilter.java:116) ~[spring-web-6.1.1.jar:6.1.1]
	at org.springframework.security.web.FilterChainProxy$VirtualFilterChain.doFilter(FilterChainProxy.java:374) ~[spring-security-web-6.2.0.jar:6.2.0]
	at org.springframework.security.web.header.HeaderWriterFilter.doHeadersAfter(HeaderWriterFilter.java:90) ~[spring-security-web-6.2.0.jar:6.2.0]
	at org.springframework.security.web.header.HeaderWriterFilter.doFilterInternal(HeaderWriterFilter.java:75) ~[spring-security-web-6.2.0.jar:6.2.0]
	at org.springframework.web.filter.OncePerRequestFilter.doFilter(OncePerRequestFilter.java:116) ~[spring-web-6.1.1.jar:6.1.1]
	at org.springframework.security.web.FilterChainProxy$VirtualFilterChain.doFilter(FilterChainProxy.java:374) ~[spring-security-web-6.2.0.jar:6.2.0]
	at org.springframework.security.web.context.SecurityContextHolderFilter.doFilter(SecurityContextHolderFilter.java:82) ~[spring-security-web-6.2.0.jar:6.2.0]
	at org.springframework.security.web.context.SecurityContextHolderFilter.doFilter(SecurityContextHolderFilter.java:69) ~[spring-security-web-6.2.0.jar:6.2.0]
	at org.springframework.security.web.FilterChainProxy$VirtualFilterChain.doFilter(FilterChainProxy.java:374) ~[spring-security-web-6.2.0.jar:6.2.0]
	at org.springframework.security.web.context.request.async.WebAsyncManagerIntegrationFilter.doFilterInternal(WebAsyncManagerIntegrationFilter.java:62) ~[spring-security-web-6.2.0.jar:6.2.0]
	at org.springframework.web.filter.OncePerRequestFilter.doFilter(OncePerRequestFilter.java:116) ~[spring-web-6.1.1.jar:6.1.1]
	at org.springframework.security.web.FilterChainProxy$VirtualFilterChain.doFilter(FilterChainProxy.java:374) ~[spring-security-web-6.2.0.jar:6.2.0]
	at org.springframework.security.web.session.DisableEncodeUrlFilter.doFilterInternal(DisableEncodeUrlFilter.java:42) ~[spring-security-web-6.2.0.jar:6.2.0]
	at org.springframework.web.filter.OncePerRequestFilter.doFilter(OncePerRequestFilter.java:116) ~[spring-web-6.1.1.jar:6.1.1]
	at org.springframework.security.web.FilterChainProxy$VirtualFilterChain.doFilter(FilterChainProxy.java:374) ~[spring-security-web-6.2.0.jar:6.2.0]
	at org.springframework.security.web.FilterChainProxy.doFilterInternal(FilterChainProxy.java:233) ~[spring-security-web-6.2.0.jar:6.2.0]
	at org.springframework.security.web.FilterChainProxy.doFilter(FilterChainProxy.java:191) ~[spring-security-web-6.2.0.jar:6.2.0]
	at org.springframework.web.filter.DelegatingFilterProxy.invokeDelegate(DelegatingFilterProxy.java:352) ~[spring-web-6.1.1.jar:6.1.1]
	at org.springframework.web.filter.DelegatingFilterProxy.doFilter(DelegatingFilterProxy.java:268) ~[spring-web-6.1.1.jar:6.1.1]
	at org.apache.catalina.core.ApplicationFilterChain.internalDoFilter(ApplicationFilterChain.java:174) ~[tomcat-embed-core-10.1.16.jar:10.1.16]
	at org.apache.catalina.core.ApplicationFilterChain.doFilter(ApplicationFilterChain.java:149) ~[tomcat-embed-core-10.1.16.jar:10.1.16]
	at org.springframework.web.filter.RequestContextFilter.doFilterInternal(RequestContextFilter.java:100) ~[spring-web-6.1.1.jar:6.1.1]
	at org.springframework.web.filter.OncePerRequestFilter.doFilter(OncePerRequestFilter.java:116) ~[spring-web-6.1.1.jar:6.1.1]
	at org.apache.catalina.core.ApplicationFilterChain.internalDoFilter(ApplicationFilterChain.java:174) ~[tomcat-embed-core-10.1.16.jar:10.1.16]
	at org.apache.catalina.core.ApplicationFilterChain.doFilter(ApplicationFilterChain.java:149) ~[tomcat-embed-core-10.1.16.jar:10.1.16]
	at org.springframework.web.filter.FormContentFilter.doFilterInternal(FormContentFilter.java:93) ~[spring-web-6.1.1.jar:6.1.1]
	at org.springframework.web.filter.OncePerRequestFilter.doFilter(OncePerRequestFilter.java:116) ~[spring-web-6.1.1.jar:6.1.1]
	at org.apache.catalina.core.ApplicationFilterChain.internalDoFilter(ApplicationFilterChain.java:174) ~[tomcat-embed-core-10.1.16.jar:10.1.16]
	at org.apache.catalina.core.ApplicationFilterChain.doFilter(ApplicationFilterChain.java:149) ~[tomcat-embed-core-10.1.16.jar:10.1.16]
	at org.springframework.web.filter.CharacterEncodingFilter.doFilterInternal(CharacterEncodingFilter.java:201) ~[spring-web-6.1.1.jar:6.1.1]
	at org.springframework.web.filter.OncePerRequestFilter.doFilter(OncePerRequestFilter.java:116) ~[spring-web-6.1.1.jar:6.1.1]
	at org.apache.catalina.core.ApplicationFilterChain.internalDoFilter(ApplicationFilterChain.java:174) ~[tomcat-embed-core-10.1.16.jar:10.1.16]
	at org.apache.catalina.core.ApplicationFilterChain.doFilter(ApplicationFilterChain.java:149) ~[tomcat-embed-core-10.1.16.jar:10.1.16]
	at org.apache.catalina.core.StandardWrapperValve.invoke(StandardWrapperValve.java:167) ~[tomcat-embed-core-10.1.16.jar:10.1.16]
	at org.apache.catalina.core.StandardContextValve.invoke(StandardContextValve.java:90) ~[tomcat-embed-core-10.1.16.jar:10.1.16]
	at org.apache.catalina.authenticator.AuthenticatorBase.invoke(AuthenticatorBase.java:482) ~[tomcat-embed-core-10.1.16.jar:10.1.16]
	at org.apache.catalina.core.StandardHostValve.invoke(StandardHostValve.java:115) ~[tomcat-embed-core-10.1.16.jar:10.1.16]
	at org.apache.catalina.valves.ErrorReportValve.invoke(ErrorReportValve.java:93) ~[tomcat-embed-core-10.1.16.jar:10.1.16]
	at org.apache.catalina.core.StandardEngineValve.invoke(StandardEngineValve.java:74) ~[tomcat-embed-core-10.1.16.jar:10.1.16]
	at org.apache.catalina.connector.CoyoteAdapter.service(CoyoteAdapter.java:340) ~[tomcat-embed-core-10.1.16.jar:10.1.16]
	at org.apache.coyote.http11.Http11Processor.service(Http11Processor.java:391) ~[tomcat-embed-core-10.1.16.jar:10.1.16]
	at org.apache.coyote.AbstractProcessorLight.process(AbstractProcessorLight.java:63) ~[tomcat-embed-core-10.1.16.jar:10.1.16]
	at org.apache.coyote.AbstractProtocol$ConnectionHandler.process(AbstractProtocol.java:896) ~[tomcat-embed-core-10.1.16.jar:10.1.16]
	at org.apache.tomcat.util.net.NioEndpoint$SocketProcessor.doRun(NioEndpoint.java:1744) ~[tomcat-embed-core-10.1.16.jar:10.1.16]
	at org.apache.tomcat.util.net.SocketProcessorBase.run(SocketProcessorBase.java:52) ~[tomcat-embed-core-10.1.16.jar:10.1.16]
	at org.apache.tomcat.util.threads.ThreadPoolExecutor.runWorker(ThreadPoolExecutor.java:1191) ~[tomcat-embed-core-10.1.16.jar:10.1.16]
	at org.apache.tomcat.util.threads.ThreadPoolExecutor$Worker.run(ThreadPoolExecutor.java:659) ~[tomcat-embed-core-10.1.16.jar:10.1.16]
	at org.apache.tomcat.util.threads.TaskThread$WrappingRunnable.run(TaskThread.java:61) ~[tomcat-embed-core-10.1.16.jar:10.1.16]
	at java.base/java.lang.Thread.run(Thread.java:840) ~[na:na]
Caused by: org.postgresql.util.PSQLException: ERROR: column vte1_0.settle_amount does not exist
  Position: 3893
	at org.postgresql.core.v3.QueryExecutorImpl.receiveErrorResponse(QueryExecutorImpl.java:2713) ~[postgresql-42.6.0.jar:42.6.0]
	at org.postgresql.core.v3.QueryExecutorImpl.processResults(QueryExecutorImpl.java:2401) ~[postgresql-42.6.0.jar:42.6.0]
	at org.postgresql.core.v3.QueryExecutorImpl.execute(QueryExecutorImpl.java:368) ~[postgresql-42.6.0.jar:42.6.0]
	at org.postgresql.jdbc.PgStatement.executeInternal(PgStatement.java:498) ~[postgresql-42.6.0.jar:42.6.0]
	at org.postgresql.jdbc.PgStatement.execute(PgStatement.java:415) ~[postgresql-42.6.0.jar:42.6.0]
	at org.postgresql.jdbc.PgPreparedStatement.executeWithFlags(PgPreparedStatement.java:190) ~[postgresql-42.6.0.jar:42.6.0]
	at org.postgresql.jdbc.PgPreparedStatement.executeQuery(PgPreparedStatement.java:134) ~[postgresql-42.6.0.jar:42.6.0]
	at com.zaxxer.hikari.pool.ProxyPreparedStatement.executeQuery(ProxyPreparedStatement.java:52) ~[HikariCP-5.0.1.jar:na]
	at com.zaxxer.hikari.pool.HikariProxyPreparedStatement.executeQuery(HikariProxyPreparedStatement.java) ~[HikariCP-5.0.1.jar:na]
	at org.hibernate.sql.results.jdbc.internal.DeferredResultSetAccess.executeQuery(DeferredResultSetAccess.java:240) ~[hibernate-core-6.3.1.Final.jar:6.3.1.Final]
	... 191 common frames omitted

2025-04-30T08:27:21.562+09:00 ERROR 16156 --- [http-nio-4080-exec-4] c.example.cco.exception.ExceptionAdvice  : org.springframework.dao.InvalidDataAccessResourceUsageException: JDBC exception executing SQL [select vte1_0.pkey,vte1_0.a1card,vte1_0.a1card_note,vte1_0.a1cash,vte1_0.a1cash_note,vte1_0.a1extra1,vte1_0.a1extra1name,vte1_0.a1extra1note,vte1_0.a1extra2,vte1_0.a1extra2name,vte1_0.a1extra2note,vte1_0.a1extra3,vte1_0.a1extra3name,vte1_0.a1extra3note,vte1_0.a1extra4,vte1_0.a1extra4name,vte1_0.a1extra4note,vte1_0.a1extra5,vte1_0.a1extra5name,vte1_0.a1extra5note,vte1_0.a1tax,vte1_0.a1tax_note,vte1_0.active_yn,vte1_0.a_total,vte1_0.b1electricity,vte1_0.b1electricity_note,vte1_0.b1etc_expense,vte1_0.b1etc_expense_note,vte1_0.b1extra1,vte1_0.b1extra1name,vte1_0.b1extra1note,vte1_0.b1extra2,vte1_0.b1extra2name,vte1_0.b1extra2note,vte1_0.b1extra3,vte1_0.b1extra3name,vte1_0.b1extra3note,vte1_0.b1extra4,vte1_0.b1extra4name,vte1_0.b1extra4note,vte1_0.b1extra5,vte1_0.b1extra5name,vte1_0.b1extra5note,vte1_0.b1gas,vte1_0.b1gas_note,vte1_0.b1internet,vte1_0.b1internet_note,vte1_0.b1maint,vte1_0.b1maint_note,vte1_0.b1rent,vte1_0.b1rent_note,vte1_0.b2charge,vte1_0.b2charge_note,vte1_0.b3etc,vte1_0.b3etc_note,vte1_0.b3extra1,vte1_0.b3extra1name,vte1_0.b3extra1note,vte1_0.b3extra2,vte1_0.b3extra2name,vte1_0.b3extra2note,vte1_0.b3extra3,vte1_0.b3extra3name,vte1_0.b3extra3note,vte1_0.b3extra4,vte1_0.b3extra4name,vte1_0.b3extra4note,vte1_0.b3extra5,vte1_0.b3extra5name,vte1_0.b3extra5note,vte1_0.b3material,vte1_0.b3material_note,vte1_0.b4donation,vte1_0.b4donation_note,vte1_0.b4extra1,vte1_0.b4extra1name,vte1_0.b4extra1note,vte1_0.b4extra2,vte1_0.b4extra2name,vte1_0.b4extra2note,vte1_0.b4extra3,vte1_0.b4extra3name,vte1_0.b4extra3note,vte1_0.b4extra4,vte1_0.b4extra4name,vte1_0.b4extra4note,vte1_0.b4extra5,vte1_0.b4extra5name,vte1_0.b4extra5note,vte1_0.b4init_product,vte1_0.b4init_product_note,vte1_0.bank,vte1_0.bank_account,vte1_0.bank_account_number,vte1_0.brand_cd,vte1_0.brand_name,vte1_0.b_total,vte1_0.c1card_fee,vte1_0.c1card_fee_note,vte1_0.c1electricity,vte1_0.c1electricity_note,vte1_0.c1etc_expense,vte1_0.c1etc_expense_note,vte1_0.c1extra1,vte1_0.c1extra1name,vte1_0.c1extra1note,vte1_0.c1extra2,vte1_0.c1extra2name,vte1_0.c1extra2note,vte1_0.c1extra3,vte1_0.c1extra3name,vte1_0.c1extra3note,vte1_0.c1extra4,vte1_0.c1extra4name,vte1_0.c1extra4note,vte1_0.c1extra5,vte1_0.c1extra5name,vte1_0.c1extra5note,vte1_0.c1gas,vte1_0.c1gas_note,vte1_0.c1insurance,vte1_0.c1insurance_note,vte1_0.c1rent,vte1_0.c1rent_note,vte1_0.c1water,vte1_0.c1water_note,vte1_0.c2extra1,vte1_0.c2extra1name,vte1_0.c2extra1note,vte1_0.c2extra2,vte1_0.c2extra2name,vte1_0.c2extra2note,vte1_0.c2extra3,vte1_0.c2extra3name,vte1_0.c2extra3note,vte1_0.c2extra4,vte1_0.c2extra4name,vte1_0.c2extra4note,vte1_0.c2extra5,vte1_0.c2extra5name,vte1_0.c2extra5note,vte1_0.c2interest_cost,vte1_0.c2interest_cost_note,vte1_0.closed_yn,vte1_0.d1carryover,vte1_0.d1carryover_note,vte1_0.d1extra1,vte1_0.d1extra1name,vte1_0.d1extra1note,vte1_0.d1extra2,vte1_0.d1extra2name,vte1_0.d1extra2note,vte1_0.d1extra3,vte1_0.d1extra3name,vte1_0.d1extra3note,vte1_0.d1extra4,vte1_0.d1extra4name,vte1_0.d1extra4note,vte1_0.d1extra5,vte1_0.d1extra5name,vte1_0.d1extra5note,vte1_0.d1material,vte1_0.d1material_note,vte1_0.d1store_maint,vte1_0.d1store_maint_note,vte1_0.d2cash,vte1_0.d2cash_note,vte1_0.d2extra1,vte1_0.d2extra1name,vte1_0.d2extra1note,vte1_0.d2extra2,vte1_0.d2extra2name,vte1_0.d2extra2note,vte1_0.d2extra3,vte1_0.d2extra3name,vte1_0.d2extra3note,vte1_0.d2extra4,vte1_0.d2extra4name,vte1_0.d2extra4note,vte1_0.d2extra5,vte1_0.d2extra5name,vte1_0.d2extra5note,vte1_0.d3extra1,vte1_0.d3extra1name,vte1_0.d3extra1note,vte1_0.d3extra2,vte1_0.d3extra2name,vte1_0.d3extra2note,vte1_0.d3extra3,vte1_0.d3extra3name,vte1_0.d3extra3note,vte1_0.d3extra4,vte1_0.d3extra4name,vte1_0.d3extra4note,vte1_0.d3extra5,vte1_0.d3extra5name,vte1_0.d3extra5note,vte1_0.d3init_product,vte1_0.d3init_product_note,vte1_0.d3rent,vte1_0.d3rent_note,vte1_0.deposit_amount,vte1_0.insert_timestamp,vte1_0.owner,vte1_0.phone,vte1_0.sales_profit,vte1_0.settle_amount,vte1_0.settlement_amount,vte1_0.settlement_cd,vte1_0.settlement_title,vte1_0.settlement_ymd,vte1_0.src_a1card,vte1_0.src_a1cash,vte1_0.src_b1electricity,vte1_0.src_b3material,vte1_0.src_c1card_fee,vte1_0.src_d1material,vte1_0.store_code,vte1_0.store_name,vte1_0.update_timestamp from cnco.vsettlement_total vte1_0 where vte1_0.pkey=?] [ERROR: column vte1_0.settle_amount does not exist
  Position: 3893] [n/a]; SQL [n/a]
	at org.springframework.orm.jpa.vendor.HibernateJpaDialect.convertHibernateAccessException(HibernateJpaDialect.java:277)
	at org.springframework.orm.jpa.vendor.HibernateJpaDialect.translateExceptionIfPossible(HibernateJpaDialect.java:241)
	at org.springframework.orm.jpa.AbstractEntityManagerFactoryBean.translateExceptionIfPossible(AbstractEntityManagerFactoryBean.java:550)
	at org.springframework.dao.support.ChainedPersistenceExceptionTranslator.translateExceptionIfPossible(ChainedPersistenceExceptionTranslator.java:61)
	at org.springframework.dao.support.DataAccessUtils.translateIfNecessary(DataAccessUtils.java:335)
	at org.springframework.dao.support.PersistenceExceptionTranslationInterceptor.invoke(PersistenceExceptionTranslationInterceptor.java:152)
	at org.springframework.aop.framework.ReflectiveMethodInvocation.proceed(ReflectiveMethodInvocation.java:184)
	at org.springframework.data.jpa.repository.support.CrudMethodMetadataPostProcessor$CrudMethodMetadataPopulatingMethodInterceptor.invoke(CrudMethodMetadataPostProcessor.java:164)
	at org.springframework.aop.framework.ReflectiveMethodInvocation.proceed(ReflectiveMethodInvocation.java:184)
	at org.springframework.aop.interceptor.ExposeInvocationInterceptor.invoke(ExposeInvocationInterceptor.java:97)
	at org.springframework.aop.framework.ReflectiveMethodInvocation.proceed(ReflectiveMethodInvocation.java:184)
	at org.springframework.aop.framework.JdkDynamicAopProxy.invoke(JdkDynamicAopProxy.java:249)
	at jdk.proxy2/jdk.proxy2.$Proxy146.findById(Unknown Source)
	at com.example.cco.settlement.SettlementServiceImpl.getSettlementDetail(SettlementServiceImpl.java:564)
	at java.base/jdk.internal.reflect.NativeMethodAccessorImpl.invoke0(Native Method)
	at java.base/jdk.internal.reflect.NativeMethodAccessorImpl.invoke(NativeMethodAccessorImpl.java:77)
	at java.base/jdk.internal.reflect.DelegatingMethodAccessorImpl.invoke(DelegatingMethodAccessorImpl.java:43)
	at java.base/java.lang.reflect.Method.invoke(Method.java:569)
	at org.springframework.aop.support.AopUtils.invokeJoinpointUsingReflection(AopUtils.java:352)
	at org.springframework.aop.framework.ReflectiveMethodInvocation.invokeJoinpoint(ReflectiveMethodInvocation.java:196)
	at org.springframework.aop.framework.ReflectiveMethodInvocation.proceed(ReflectiveMethodInvocation.java:163)
	at org.springframework.aop.framework.CglibAopProxy$CglibMethodInvocation.proceed(CglibAopProxy.java:765)
	at org.springframework.transaction.interceptor.TransactionInterceptor$1.proceedWithInvocation(TransactionInterceptor.java:123)
	at org.springframework.transaction.interceptor.TransactionAspectSupport.invokeWithinTransaction(TransactionAspectSupport.java:385)
	at org.springframework.transaction.interceptor.TransactionInterceptor.invoke(TransactionInterceptor.java:119)
	at org.springframework.aop.framework.ReflectiveMethodInvocation.proceed(ReflectiveMethodInvocation.java:184)
	at org.springframework.aop.framework.CglibAopProxy$CglibMethodInvocation.proceed(CglibAopProxy.java:765)
	at org.springframework.aop.framework.CglibAopProxy$DynamicAdvisedInterceptor.intercept(CglibAopProxy.java:717)
	at com.example.cco.settlement.SettlementServiceImpl$$SpringCGLIB$$0.getSettlementDetail(<generated>)
	at com.example.cco.settlement.SettlementController.getSettlementDetail(SettlementController.java:79)
	at java.base/jdk.internal.reflect.NativeMethodAccessorImpl.invoke0(Native Method)
	at java.base/jdk.internal.reflect.NativeMethodAccessorImpl.invoke(NativeMethodAccessorImpl.java:77)
	at java.base/jdk.internal.reflect.DelegatingMethodAccessorImpl.invoke(DelegatingMethodAccessorImpl.java:43)
	at java.base/java.lang.reflect.Method.invoke(Method.java:569)
	at org.springframework.web.method.support.InvocableHandlerMethod.doInvoke(InvocableHandlerMethod.java:254)
	at org.springframework.web.method.support.InvocableHandlerMethod.invokeForRequest(InvocableHandlerMethod.java:182)
	at org.springframework.web.servlet.mvc.method.annotation.ServletInvocableHandlerMethod.invokeAndHandle(ServletInvocableHandlerMethod.java:118)
	at org.springframework.web.servlet.mvc.method.annotation.RequestMappingHandlerAdapter.invokeHandlerMethod(RequestMappingHandlerAdapter.java:917)
	at org.springframework.web.servlet.mvc.method.annotation.RequestMappingHandlerAdapter.handleInternal(RequestMappingHandlerAdapter.java:829)
	at org.springframework.web.servlet.mvc.method.AbstractHandlerMethodAdapter.handle(AbstractHandlerMethodAdapter.java:87)
	at org.springframework.web.servlet.DispatcherServlet.doDispatch(DispatcherServlet.java:1089)
	at org.springframework.web.servlet.DispatcherServlet.doService(DispatcherServlet.java:979)
	at org.springframework.web.servlet.FrameworkServlet.processRequest(FrameworkServlet.java:1014)
	at org.springframework.web.servlet.FrameworkServlet.doGet(FrameworkServlet.java:903)
	at jakarta.servlet.http.HttpServlet.service(HttpServlet.java:564)
	at org.springframework.web.servlet.FrameworkServlet.service(FrameworkServlet.java:885)
	at jakarta.servlet.http.HttpServlet.service(HttpServlet.java:658)
	at org.apache.catalina.core.ApplicationFilterChain.internalDoFilter(ApplicationFilterChain.java:205)
	at org.apache.catalina.core.ApplicationFilterChain.doFilter(ApplicationFilterChain.java:149)
	at org.apache.tomcat.websocket.server.WsFilter.doFilter(WsFilter.java:51)
	at org.apache.catalina.core.ApplicationFilterChain.internalDoFilter(ApplicationFilterChain.java:174)
	at org.apache.catalina.core.ApplicationFilterChain.doFilter(ApplicationFilterChain.java:149)
	at org.springframework.security.web.FilterChainProxy.lambda$doFilterInternal$3(FilterChainProxy.java:231)
	at org.springframework.security.web.FilterChainProxy$VirtualFilterChain.doFilter(FilterChainProxy.java:365)
	at org.springframework.security.web.access.intercept.AuthorizationFilter.doFilter(AuthorizationFilter.java:100)
	at org.springframework.security.web.FilterChainProxy$VirtualFilterChain.doFilter(FilterChainProxy.java:374)
	at org.springframework.security.web.access.ExceptionTranslationFilter.doFilter(ExceptionTranslationFilter.java:126)
	at org.springframework.security.web.access.ExceptionTranslationFilter.doFilter(ExceptionTranslationFilter.java:120)
	at org.springframework.security.web.FilterChainProxy$VirtualFilterChain.doFilter(FilterChainProxy.java:374)
	at org.springframework.security.web.session.SessionManagementFilter.doFilter(SessionManagementFilter.java:131)
	at org.springframework.security.web.session.SessionManagementFilter.doFilter(SessionManagementFilter.java:85)
	at org.springframework.security.web.FilterChainProxy$VirtualFilterChain.doFilter(FilterChainProxy.java:374)
	at org.springframework.security.web.authentication.AnonymousAuthenticationFilter.doFilter(AnonymousAuthenticationFilter.java:100)
	at org.springframework.security.web.FilterChainProxy$VirtualFilterChain.doFilter(FilterChainProxy.java:374)
	at org.springframework.security.web.servletapi.SecurityContextHolderAwareRequestFilter.doFilter(SecurityContextHolderAwareRequestFilter.java:179)
	at org.springframework.security.web.FilterChainProxy$VirtualFilterChain.doFilter(FilterChainProxy.java:374)
	at org.springframework.security.web.savedrequest.RequestCacheAwareFilter.doFilter(RequestCacheAwareFilter.java:63)
	at org.springframework.security.web.FilterChainProxy$VirtualFilterChain.doFilter(FilterChainProxy.java:374)
	at org.springframework.security.web.authentication.AbstractAuthenticationProcessingFilter.doFilter(AbstractAuthenticationProcessingFilter.java:227)
	at org.springframework.security.web.authentication.AbstractAuthenticationProcessingFilter.doFilter(AbstractAuthenticationProcessingFilter.java:221)
	at org.springframework.security.web.FilterChainProxy$VirtualFilterChain.doFilter(FilterChainProxy.java:374)
	at com.example.cco.security.JwtAuthorizationFilter.doFilterInternal(JwtAuthorizationFilter.java:48)
	at org.springframework.web.filter.OncePerRequestFilter.doFilter(OncePerRequestFilter.java:116)
	at org.springframework.security.web.FilterChainProxy$VirtualFilterChain.doFilter(FilterChainProxy.java:374)
	at org.springframework.security.web.authentication.logout.LogoutFilter.doFilter(LogoutFilter.java:107)
	at org.springframework.security.web.authentication.logout.LogoutFilter.doFilter(LogoutFilter.java:93)
	at org.springframework.security.web.FilterChainProxy$VirtualFilterChain.doFilter(FilterChainProxy.java:374)
	at org.springframework.web.filter.CorsFilter.doFilterInternal(CorsFilter.java:91)
	at org.springframework.web.filter.OncePerRequestFilter.doFilter(OncePerRequestFilter.java:116)
	at org.springframework.security.web.FilterChainProxy$VirtualFilterChain.doFilter(FilterChainProxy.java:374)
	at org.springframework.security.web.header.HeaderWriterFilter.doHeadersAfter(HeaderWriterFilter.java:90)
	at org.springframework.security.web.header.HeaderWriterFilter.doFilterInternal(HeaderWriterFilter.java:75)
	at org.springframework.web.filter.OncePerRequestFilter.doFilter(OncePerRequestFilter.java:116)
	at org.springframework.security.web.FilterChainProxy$VirtualFilterChain.doFilter(FilterChainProxy.java:374)
	at org.springframework.security.web.context.SecurityContextHolderFilter.doFilter(SecurityContextHolderFilter.java:82)
	at org.springframework.security.web.context.SecurityContextHolderFilter.doFilter(SecurityContextHolderFilter.java:69)
	at org.springframework.security.web.FilterChainProxy$VirtualFilterChain.doFilter(FilterChainProxy.java:374)
	at org.springframework.security.web.context.request.async.WebAsyncManagerIntegrationFilter.doFilterInternal(WebAsyncManagerIntegrationFilter.java:62)
	at org.springframework.web.filter.OncePerRequestFilter.doFilter(OncePerRequestFilter.java:116)
	at org.springframework.security.web.FilterChainProxy$VirtualFilterChain.doFilter(FilterChainProxy.java:374)
	at org.springframework.security.web.session.DisableEncodeUrlFilter.doFilterInternal(DisableEncodeUrlFilter.java:42)
	at org.springframework.web.filter.OncePerRequestFilter.doFilter(OncePerRequestFilter.java:116)
	at org.springframework.security.web.FilterChainProxy$VirtualFilterChain.doFilter(FilterChainProxy.java:374)
	at org.springframework.security.web.FilterChainProxy.doFilterInternal(FilterChainProxy.java:233)
	at org.springframework.security.web.FilterChainProxy.doFilter(FilterChainProxy.java:191)
	at org.springframework.web.filter.DelegatingFilterProxy.invokeDelegate(DelegatingFilterProxy.java:352)
	at org.springframework.web.filter.DelegatingFilterProxy.doFilter(DelegatingFilterProxy.java:268)
	at org.apache.catalina.core.ApplicationFilterChain.internalDoFilter(ApplicationFilterChain.java:174)
	at org.apache.catalina.core.ApplicationFilterChain.doFilter(ApplicationFilterChain.java:149)
	at org.springframework.web.filter.RequestContextFilter.doFilterInternal(RequestContextFilter.java:100)
	at org.springframework.web.filter.OncePerRequestFilter.doFilter(OncePerRequestFilter.java:116)
	at org.apache.catalina.core.ApplicationFilterChain.internalDoFilter(ApplicationFilterChain.java:174)
	at org.apache.catalina.core.ApplicationFilterChain.doFilter(ApplicationFilterChain.java:149)
	at org.springframework.web.filter.FormContentFilter.doFilterInternal(FormContentFilter.java:93)
	at org.springframework.web.filter.OncePerRequestFilter.doFilter(OncePerRequestFilter.java:116)
	at org.apache.catalina.core.ApplicationFilterChain.internalDoFilter(ApplicationFilterChain.java:174)
	at org.apache.catalina.core.ApplicationFilterChain.doFilter(ApplicationFilterChain.java:149)
	at org.springframework.web.filter.CharacterEncodingFilter.doFilterInternal(CharacterEncodingFilter.java:201)
	at org.springframework.web.filter.OncePerRequestFilter.doFilter(OncePerRequestFilter.java:116)
	at org.apache.catalina.core.ApplicationFilterChain.internalDoFilter(ApplicationFilterChain.java:174)
	at org.apache.catalina.core.ApplicationFilterChain.doFilter(ApplicationFilterChain.java:149)
	at org.apache.catalina.core.StandardWrapperValve.invoke(StandardWrapperValve.java:167)
	at org.apache.catalina.core.StandardContextValve.invoke(StandardContextValve.java:90)
	at org.apache.catalina.authenticator.AuthenticatorBase.invoke(AuthenticatorBase.java:482)
	at org.apache.catalina.core.StandardHostValve.invoke(StandardHostValve.java:115)
	at org.apache.catalina.valves.ErrorReportValve.invoke(ErrorReportValve.java:93)
	at org.apache.catalina.core.StandardEngineValve.invoke(StandardEngineValve.java:74)
	at org.apache.catalina.connector.CoyoteAdapter.service(CoyoteAdapter.java:340)
	at org.apache.coyote.http11.Http11Processor.service(Http11Processor.java:391)
	at org.apache.coyote.AbstractProcessorLight.process(AbstractProcessorLight.java:63)
	at org.apache.coyote.AbstractProtocol$ConnectionHandler.process(AbstractProtocol.java:896)
	at org.apache.tomcat.util.net.NioEndpoint$SocketProcessor.doRun(NioEndpoint.java:1744)
	at org.apache.tomcat.util.net.SocketProcessorBase.run(SocketProcessorBase.java:52)
	at org.apache.tomcat.util.threads.ThreadPoolExecutor.runWorker(ThreadPoolExecutor.java:1191)
	at org.apache.tomcat.util.threads.ThreadPoolExecutor$Worker.run(ThreadPoolExecutor.java:659)
	at org.apache.tomcat.util.threads.TaskThread$WrappingRunnable.run(TaskThread.java:61)
	at java.base/java.lang.Thread.run(Thread.java:840)
Caused by: org.hibernate.exception.SQLGrammarException: JDBC exception executing SQL [select vte1_0.pkey,vte1_0.a1card,vte1_0.a1card_note,vte1_0.a1cash,vte1_0.a1cash_note,vte1_0.a1extra1,vte1_0.a1extra1name,vte1_0.a1extra1note,vte1_0.a1extra2,vte1_0.a1extra2name,vte1_0.a1extra2note,vte1_0.a1extra3,vte1_0.a1extra3name,vte1_0.a1extra3note,vte1_0.a1extra4,vte1_0.a1extra4name,vte1_0.a1extra4note,vte1_0.a1extra5,vte1_0.a1extra5name,vte1_0.a1extra5note,vte1_0.a1tax,vte1_0.a1tax_note,vte1_0.active_yn,vte1_0.a_total,vte1_0.b1electricity,vte1_0.b1electricity_note,vte1_0.b1etc_expense,vte1_0.b1etc_expense_note,vte1_0.b1extra1,vte1_0.b1extra1name,vte1_0.b1extra1note,vte1_0.b1extra2,vte1_0.b1extra2name,vte1_0.b1extra2note,vte1_0.b1extra3,vte1_0.b1extra3name,vte1_0.b1extra3note,vte1_0.b1extra4,vte1_0.b1extra4name,vte1_0.b1extra4note,vte1_0.b1extra5,vte1_0.b1extra5name,vte1_0.b1extra5note,vte1_0.b1gas,vte1_0.b1gas_note,vte1_0.b1internet,vte1_0.b1internet_note,vte1_0.b1maint,vte1_0.b1maint_note,vte1_0.b1rent,vte1_0.b1rent_note,vte1_0.b2charge,vte1_0.b2charge_note,vte1_0.b3etc,vte1_0.b3etc_note,vte1_0.b3extra1,vte1_0.b3extra1name,vte1_0.b3extra1note,vte1_0.b3extra2,vte1_0.b3extra2name,vte1_0.b3extra2note,vte1_0.b3extra3,vte1_0.b3extra3name,vte1_0.b3extra3note,vte1_0.b3extra4,vte1_0.b3extra4name,vte1_0.b3extra4note,vte1_0.b3extra5,vte1_0.b3extra5name,vte1_0.b3extra5note,vte1_0.b3material,vte1_0.b3material_note,vte1_0.b4donation,vte1_0.b4donation_note,vte1_0.b4extra1,vte1_0.b4extra1name,vte1_0.b4extra1note,vte1_0.b4extra2,vte1_0.b4extra2name,vte1_0.b4extra2note,vte1_0.b4extra3,vte1_0.b4extra3name,vte1_0.b4extra3note,vte1_0.b4extra4,vte1_0.b4extra4name,vte1_0.b4extra4note,vte1_0.b4extra5,vte1_0.b4extra5name,vte1_0.b4extra5note,vte1_0.b4init_product,vte1_0.b4init_product_note,vte1_0.bank,vte1_0.bank_account,vte1_0.bank_account_number,vte1_0.brand_cd,vte1_0.brand_name,vte1_0.b_total,vte1_0.c1card_fee,vte1_0.c1card_fee_note,vte1_0.c1electricity,vte1_0.c1electricity_note,vte1_0.c1etc_expense,vte1_0.c1etc_expense_note,vte1_0.c1extra1,vte1_0.c1extra1name,vte1_0.c1extra1note,vte1_0.c1extra2,vte1_0.c1extra2name,vte1_0.c1extra2note,vte1_0.c1extra3,vte1_0.c1extra3name,vte1_0.c1extra3note,vte1_0.c1extra4,vte1_0.c1extra4name,vte1_0.c1extra4note,vte1_0.c1extra5,vte1_0.c1extra5name,vte1_0.c1extra5note,vte1_0.c1gas,vte1_0.c1gas_note,vte1_0.c1insurance,vte1_0.c1insurance_note,vte1_0.c1rent,vte1_0.c1rent_note,vte1_0.c1water,vte1_0.c1water_note,vte1_0.c2extra1,vte1_0.c2extra1name,vte1_0.c2extra1note,vte1_0.c2extra2,vte1_0.c2extra2name,vte1_0.c2extra2note,vte1_0.c2extra3,vte1_0.c2extra3name,vte1_0.c2extra3note,vte1_0.c2extra4,vte1_0.c2extra4name,vte1_0.c2extra4note,vte1_0.c2extra5,vte1_0.c2extra5name,vte1_0.c2extra5note,vte1_0.c2interest_cost,vte1_0.c2interest_cost_note,vte1_0.closed_yn,vte1_0.d1carryover,vte1_0.d1carryover_note,vte1_0.d1extra1,vte1_0.d1extra1name,vte1_0.d1extra1note,vte1_0.d1extra2,vte1_0.d1extra2name,vte1_0.d1extra2note,vte1_0.d1extra3,vte1_0.d1extra3name,vte1_0.d1extra3note,vte1_0.d1extra4,vte1_0.d1extra4name,vte1_0.d1extra4note,vte1_0.d1extra5,vte1_0.d1extra5name,vte1_0.d1extra5note,vte1_0.d1material,vte1_0.d1material_note,vte1_0.d1store_maint,vte1_0.d1store_maint_note,vte1_0.d2cash,vte1_0.d2cash_note,vte1_0.d2extra1,vte1_0.d2extra1name,vte1_0.d2extra1note,vte1_0.d2extra2,vte1_0.d2extra2name,vte1_0.d2extra2note,vte1_0.d2extra3,vte1_0.d2extra3name,vte1_0.d2extra3note,vte1_0.d2extra4,vte1_0.d2extra4name,vte1_0.d2extra4note,vte1_0.d2extra5,vte1_0.d2extra5name,vte1_0.d2extra5note,vte1_0.d3extra1,vte1_0.d3extra1name,vte1_0.d3extra1note,vte1_0.d3extra2,vte1_0.d3extra2name,vte1_0.d3extra2note,vte1_0.d3extra3,vte1_0.d3extra3name,vte1_0.d3extra3note,vte1_0.d3extra4,vte1_0.d3extra4name,vte1_0.d3extra4note,vte1_0.d3extra5,vte1_0.d3extra5name,vte1_0.d3extra5note,vte1_0.d3init_product,vte1_0.d3init_product_note,vte1_0.d3rent,vte1_0.d3rent_note,vte1_0.deposit_amount,vte1_0.insert_timestamp,vte1_0.owner,vte1_0.phone,vte1_0.sales_profit,vte1_0.settle_amount,vte1_0.settlement_amount,vte1_0.settlement_cd,vte1_0.settlement_title,vte1_0.settlement_ymd,vte1_0.src_a1card,vte1_0.src_a1cash,vte1_0.src_b1electricity,vte1_0.src_b3material,vte1_0.src_c1card_fee,vte1_0.src_d1material,vte1_0.store_code,vte1_0.store_name,vte1_0.update_timestamp from cnco.vsettlement_total vte1_0 where vte1_0.pkey=?] [ERROR: column vte1_0.settle_amount does not exist
  Position: 3893] [n/a]
	at org.hibernate.exception.internal.SQLStateConversionDelegate.convert(SQLStateConversionDelegate.java:91)
	at org.hibernate.exception.internal.StandardSQLExceptionConverter.convert(StandardSQLExceptionConverter.java:58)
	at org.hibernate.engine.jdbc.spi.SqlExceptionHelper.convert(SqlExceptionHelper.java:108)
	at org.hibernate.engine.jdbc.spi.SqlExceptionHelper.convert(SqlExceptionHelper.java:94)
	at org.hibernate.sql.results.jdbc.internal.DeferredResultSetAccess.executeQuery(DeferredResultSetAccess.java:258)
	at org.hibernate.sql.results.jdbc.internal.DeferredResultSetAccess.getResultSet(DeferredResultSetAccess.java:164)
	at org.hibernate.sql.results.jdbc.internal.JdbcValuesResultSetImpl.advanceNext(JdbcValuesResultSetImpl.java:218)
	at org.hibernate.sql.results.jdbc.internal.JdbcValuesResultSetImpl.processNext(JdbcValuesResultSetImpl.java:98)
	at org.hibernate.sql.results.jdbc.internal.AbstractJdbcValues.next(AbstractJdbcValues.java:19)
	at org.hibernate.sql.results.internal.RowProcessingStateStandardImpl.next(RowProcessingStateStandardImpl.java:66)
	at org.hibernate.sql.results.spi.ListResultsConsumer.consume(ListResultsConsumer.java:186)
	at org.hibernate.sql.results.spi.ListResultsConsumer.consume(ListResultsConsumer.java:33)
	at org.hibernate.sql.exec.internal.JdbcSelectExecutorStandardImpl.doExecuteQuery(JdbcSelectExecutorStandardImpl.java:361)
	at org.hibernate.sql.exec.internal.JdbcSelectExecutorStandardImpl.executeQuery(JdbcSelectExecutorStandardImpl.java:168)
	at org.hibernate.sql.exec.internal.JdbcSelectExecutorStandardImpl.list(JdbcSelectExecutorStandardImpl.java:93)
	at org.hibernate.sql.exec.spi.JdbcSelectExecutor.list(JdbcSelectExecutor.java:31)
	at org.hibernate.loader.ast.internal.SingleIdLoadPlan.load(SingleIdLoadPlan.java:145)
	at org.hibernate.loader.ast.internal.SingleIdLoadPlan.load(SingleIdLoadPlan.java:117)
	at org.hibernate.loader.ast.internal.SingleIdEntityLoaderStandardImpl.load(SingleIdEntityLoaderStandardImpl.java:75)
	at org.hibernate.persister.entity.AbstractEntityPersister.doLoad(AbstractEntityPersister.java:3673)
	at org.hibernate.persister.entity.AbstractEntityPersister.load(AbstractEntityPersister.java:3662)
	at org.hibernate.event.internal.DefaultLoadEventListener.loadFromDatasource(DefaultLoadEventListener.java:591)
	at org.hibernate.event.internal.DefaultLoadEventListener.loadFromCacheOrDatasource(DefaultLoadEventListener.java:577)
	at org.hibernate.event.internal.DefaultLoadEventListener.load(DefaultLoadEventListener.java:547)
	at org.hibernate.event.internal.DefaultLoadEventListener.doLoad(DefaultLoadEventListener.java:531)
	at org.hibernate.event.internal.DefaultLoadEventListener.load(DefaultLoadEventListener.java:206)
	at org.hibernate.event.internal.DefaultLoadEventListener.loadWithRegularProxy(DefaultLoadEventListener.java:286)
	at org.hibernate.event.internal.DefaultLoadEventListener.proxyOrLoad(DefaultLoadEventListener.java:241)
	at org.hibernate.event.internal.DefaultLoadEventListener.doOnLoad(DefaultLoadEventListener.java:110)
	at org.hibernate.event.internal.DefaultLoadEventListener.onLoad(DefaultLoadEventListener.java:67)
	at org.hibernate.event.service.internal.EventListenerGroupImpl.fireEventOnEachListener(EventListenerGroupImpl.java:138)
	at org.hibernate.internal.SessionImpl.fireLoadNoChecks(SessionImpl.java:1234)
	at org.hibernate.internal.SessionImpl.fireLoad(SessionImpl.java:1222)
	at org.hibernate.loader.internal.IdentifierLoadAccessImpl.load(IdentifierLoadAccessImpl.java:209)
	at org.hibernate.loader.internal.IdentifierLoadAccessImpl.doLoad(IdentifierLoadAccessImpl.java:160)
	at org.hibernate.loader.internal.IdentifierLoadAccessImpl.lambda$load$1(IdentifierLoadAccessImpl.java:149)
	at org.hibernate.loader.internal.IdentifierLoadAccessImpl.perform(IdentifierLoadAccessImpl.java:112)
	at org.hibernate.loader.internal.IdentifierLoadAccessImpl.load(IdentifierLoadAccessImpl.java:149)
	at org.hibernate.internal.SessionImpl.find(SessionImpl.java:2430)
	at org.hibernate.internal.SessionImpl.find(SessionImpl.java:2401)
	at java.base/jdk.internal.reflect.NativeMethodAccessorImpl.invoke0(Native Method)
	at java.base/jdk.internal.reflect.NativeMethodAccessorImpl.invoke(NativeMethodAccessorImpl.java:77)
	at java.base/jdk.internal.reflect.DelegatingMethodAccessorImpl.invoke(DelegatingMethodAccessorImpl.java:43)
	at java.base/java.lang.reflect.Method.invoke(Method.java:569)
	at org.springframework.orm.jpa.ExtendedEntityManagerCreator$ExtendedEntityManagerInvocationHandler.invoke(ExtendedEntityManagerCreator.java:360)
	at jdk.proxy2/jdk.proxy2.$Proxy134.find(Unknown Source)
	at java.base/jdk.internal.reflect.NativeMethodAccessorImpl.invoke0(Native Method)
	at java.base/jdk.internal.reflect.NativeMethodAccessorImpl.invoke(NativeMethodAccessorImpl.java:77)
	at java.base/jdk.internal.reflect.DelegatingMethodAccessorImpl.invoke(DelegatingMethodAccessorImpl.java:43)
	at java.base/java.lang.reflect.Method.invoke(Method.java:569)
	at org.springframework.orm.jpa.SharedEntityManagerCreator$SharedEntityManagerInvocationHandler.invoke(SharedEntityManagerCreator.java:311)
	at jdk.proxy2/jdk.proxy2.$Proxy134.find(Unknown Source)
	at org.springframework.data.jpa.repository.support.SimpleJpaRepository.findById(SimpleJpaRepository.java:313)
	at java.base/jdk.internal.reflect.NativeMethodAccessorImpl.invoke0(Native Method)
	at java.base/jdk.internal.reflect.NativeMethodAccessorImpl.invoke(NativeMethodAccessorImpl.java:77)
	at java.base/jdk.internal.reflect.DelegatingMethodAccessorImpl.invoke(DelegatingMethodAccessorImpl.java:43)
	at java.base/java.lang.reflect.Method.invoke(Method.java:569)
	at org.springframework.aop.support.AopUtils.invokeJoinpointUsingReflection(AopUtils.java:352)
	at org.springframework.data.repository.core.support.RepositoryMethodInvoker$RepositoryFragmentMethodInvoker.lambda$new$0(RepositoryMethodInvoker.java:277)
	at org.springframework.data.repository.core.support.RepositoryMethodInvoker.doInvoke(RepositoryMethodInvoker.java:170)
	at org.springframework.data.repository.core.support.RepositoryMethodInvoker.invoke(RepositoryMethodInvoker.java:158)
	at org.springframework.data.repository.core.support.RepositoryComposition$RepositoryFragments.invoke(RepositoryComposition.java:516)
	at org.springframework.data.repository.core.support.RepositoryComposition.invoke(RepositoryComposition.java:285)
	at org.springframework.data.repository.core.support.RepositoryFactorySupport$ImplementationMethodExecutionInterceptor.invoke(RepositoryFactorySupport.java:628)
	at org.springframework.aop.framework.ReflectiveMethodInvocation.proceed(ReflectiveMethodInvocation.java:184)
	at org.springframework.data.repository.core.support.QueryExecutorMethodInterceptor.doInvoke(QueryExecutorMethodInterceptor.java:168)
	at org.springframework.data.repository.core.support.QueryExecutorMethodInterceptor.invoke(QueryExecutorMethodInterceptor.java:143)
	at org.springframework.aop.framework.ReflectiveMethodInvocation.proceed(ReflectiveMethodInvocation.java:184)
	at org.springframework.data.projection.DefaultMethodInvokingMethodInterceptor.invoke(DefaultMethodInvokingMethodInterceptor.java:70)
	at org.springframework.aop.framework.ReflectiveMethodInvocation.proceed(ReflectiveMethodInvocation.java:184)
	at org.springframework.transaction.interceptor.TransactionInterceptor$1.proceedWithInvocation(TransactionInterceptor.java:123)
	at org.springframework.transaction.interceptor.TransactionAspectSupport.invokeWithinTransaction(TransactionAspectSupport.java:385)
	at org.springframework.transaction.interceptor.TransactionInterceptor.invoke(TransactionInterceptor.java:119)
	at org.springframework.aop.framework.ReflectiveMethodInvocation.proceed(ReflectiveMethodInvocation.java:184)
	at org.springframework.dao.support.PersistenceExceptionTranslationInterceptor.invoke(PersistenceExceptionTranslationInterceptor.java:137)
	... 121 more
Caused by: org.postgresql.util.PSQLException: ERROR: column vte1_0.settle_amount does not exist
  Position: 3893
	at org.postgresql.core.v3.QueryExecutorImpl.receiveErrorResponse(QueryExecutorImpl.java:2713)
	at org.postgresql.core.v3.QueryExecutorImpl.processResults(QueryExecutorImpl.java:2401)
	at org.postgresql.core.v3.QueryExecutorImpl.execute(QueryExecutorImpl.java:368)
	at org.postgresql.jdbc.PgStatement.executeInternal(PgStatement.java:498)
	at org.postgresql.jdbc.PgStatement.execute(PgStatement.java:415)
	at org.postgresql.jdbc.PgPreparedStatement.executeWithFlags(PgPreparedStatement.java:190)
	at org.postgresql.jdbc.PgPreparedStatement.executeQuery(PgPreparedStatement.java:134)
	at com.zaxxer.hikari.pool.ProxyPreparedStatement.executeQuery(ProxyPreparedStatement.java:52)
	at com.zaxxer.hikari.pool.HikariProxyPreparedStatement.executeQuery(HikariProxyPreparedStatement.java)
	at org.hibernate.sql.results.jdbc.internal.DeferredResultSetAccess.executeQuery(DeferredResultSetAccess.java:240)
	... 191 more

2025-04-30T08:27:22.570+09:00  INFO 16156 --- [http-nio-4080-exec-5] c.e.cco.security.JwtAuthorizationFilter  : token =eyJhbGciOiJIUzUxMiJ9.eyJzdWIiOiJhZG1pbiIsInJvbGUiOiJBRE1JTiIsImlhdCI6MTc0NTk2OTIzNywiZXhwIjoxNzQ1OTk4MDM3fQ.wiA_QqMmtrXJb4uNDkhaCfIK3bC8lZxSd3ID7_G7j-8l50Fxom-SdwSZGTmZp6ugeUaqXdXNiH8-1-s7fcZFCw
2025-04-30T08:27:22.571+09:00  INFO 16156 --- [http-nio-4080-exec-5] c.example.cco.security.JwtTokenProvider  : Wed Apr 30 08:27:22 KST 2025
2025-04-30T08:27:22.572+09:00  INFO 16156 --- [http-nio-4080-exec-5] c.example.cco.security.JwtTokenProvider  : false
2025-04-30T08:27:22.588+09:00  WARN 16156 --- [http-nio-4080-exec-5] o.h.engine.jdbc.spi.SqlExceptionHelper   : SQL Error: 0, SQLState: 42703
2025-04-30T08:27:22.588+09:00 ERROR 16156 --- [http-nio-4080-exec-5] o.h.engine.jdbc.spi.SqlExceptionHelper   : ERROR: column vte1_0.settle_amount does not exist
  Position: 3893
2025-04-30T08:27:22.588+09:00  INFO 16156 --- [http-nio-4080-exec-5] o.h.e.internal.DefaultLoadEventListener  : HHH000327: Error performing load command

org.hibernate.exception.SQLGrammarException: JDBC exception executing SQL [select vte1_0.pkey,vte1_0.a1card,vte1_0.a1card_note,vte1_0.a1cash,vte1_0.a1cash_note,vte1_0.a1extra1,vte1_0.a1extra1name,vte1_0.a1extra1note,vte1_0.a1extra2,vte1_0.a1extra2name,vte1_0.a1extra2note,vte1_0.a1extra3,vte1_0.a1extra3name,vte1_0.a1extra3note,vte1_0.a1extra4,vte1_0.a1extra4name,vte1_0.a1extra4note,vte1_0.a1extra5,vte1_0.a1extra5name,vte1_0.a1extra5note,vte1_0.a1tax,vte1_0.a1tax_note,vte1_0.active_yn,vte1_0.a_total,vte1_0.b1electricity,vte1_0.b1electricity_note,vte1_0.b1etc_expense,vte1_0.b1etc_expense_note,vte1_0.b1extra1,vte1_0.b1extra1name,vte1_0.b1extra1note,vte1_0.b1extra2,vte1_0.b1extra2name,vte1_0.b1extra2note,vte1_0.b1extra3,vte1_0.b1extra3name,vte1_0.b1extra3note,vte1_0.b1extra4,vte1_0.b1extra4name,vte1_0.b1extra4note,vte1_0.b1extra5,vte1_0.b1extra5name,vte1_0.b1extra5note,vte1_0.b1gas,vte1_0.b1gas_note,vte1_0.b1internet,vte1_0.b1internet_note,vte1_0.b1maint,vte1_0.b1maint_note,vte1_0.b1rent,vte1_0.b1rent_note,vte1_0.b2charge,vte1_0.b2charge_note,vte1_0.b3etc,vte1_0.b3etc_note,vte1_0.b3extra1,vte1_0.b3extra1name,vte1_0.b3extra1note,vte1_0.b3extra2,vte1_0.b3extra2name,vte1_0.b3extra2note,vte1_0.b3extra3,vte1_0.b3extra3name,vte1_0.b3extra3note,vte1_0.b3extra4,vte1_0.b3extra4name,vte1_0.b3extra4note,vte1_0.b3extra5,vte1_0.b3extra5name,vte1_0.b3extra5note,vte1_0.b3material,vte1_0.b3material_note,vte1_0.b4donation,vte1_0.b4donation_note,vte1_0.b4extra1,vte1_0.b4extra1name,vte1_0.b4extra1note,vte1_0.b4extra2,vte1_0.b4extra2name,vte1_0.b4extra2note,vte1_0.b4extra3,vte1_0.b4extra3name,vte1_0.b4extra3note,vte1_0.b4extra4,vte1_0.b4extra4name,vte1_0.b4extra4note,vte1_0.b4extra5,vte1_0.b4extra5name,vte1_0.b4extra5note,vte1_0.b4init_product,vte1_0.b4init_product_note,vte1_0.bank,vte1_0.bank_account,vte1_0.bank_account_number,vte1_0.brand_cd,vte1_0.brand_name,vte1_0.b_total,vte1_0.c1card_fee,vte1_0.c1card_fee_note,vte1_0.c1electricity,vte1_0.c1electricity_note,vte1_0.c1etc_expense,vte1_0.c1etc_expense_note,vte1_0.c1extra1,vte1_0.c1extra1name,vte1_0.c1extra1note,vte1_0.c1extra2,vte1_0.c1extra2name,vte1_0.c1extra2note,vte1_0.c1extra3,vte1_0.c1extra3name,vte1_0.c1extra3note,vte1_0.c1extra4,vte1_0.c1extra4name,vte1_0.c1extra4note,vte1_0.c1extra5,vte1_0.c1extra5name,vte1_0.c1extra5note,vte1_0.c1gas,vte1_0.c1gas_note,vte1_0.c1insurance,vte1_0.c1insurance_note,vte1_0.c1rent,vte1_0.c1rent_note,vte1_0.c1water,vte1_0.c1water_note,vte1_0.c2extra1,vte1_0.c2extra1name,vte1_0.c2extra1note,vte1_0.c2extra2,vte1_0.c2extra2name,vte1_0.c2extra2note,vte1_0.c2extra3,vte1_0.c2extra3name,vte1_0.c2extra3note,vte1_0.c2extra4,vte1_0.c2extra4name,vte1_0.c2extra4note,vte1_0.c2extra5,vte1_0.c2extra5name,vte1_0.c2extra5note,vte1_0.c2interest_cost,vte1_0.c2interest_cost_note,vte1_0.closed_yn,vte1_0.d1carryover,vte1_0.d1carryover_note,vte1_0.d1extra1,vte1_0.d1extra1name,vte1_0.d1extra1note,vte1_0.d1extra2,vte1_0.d1extra2name,vte1_0.d1extra2note,vte1_0.d1extra3,vte1_0.d1extra3name,vte1_0.d1extra3note,vte1_0.d1extra4,vte1_0.d1extra4name,vte1_0.d1extra4note,vte1_0.d1extra5,vte1_0.d1extra5name,vte1_0.d1extra5note,vte1_0.d1material,vte1_0.d1material_note,vte1_0.d1store_maint,vte1_0.d1store_maint_note,vte1_0.d2cash,vte1_0.d2cash_note,vte1_0.d2extra1,vte1_0.d2extra1name,vte1_0.d2extra1note,vte1_0.d2extra2,vte1_0.d2extra2name,vte1_0.d2extra2note,vte1_0.d2extra3,vte1_0.d2extra3name,vte1_0.d2extra3note,vte1_0.d2extra4,vte1_0.d2extra4name,vte1_0.d2extra4note,vte1_0.d2extra5,vte1_0.d2extra5name,vte1_0.d2extra5note,vte1_0.d3extra1,vte1_0.d3extra1name,vte1_0.d3extra1note,vte1_0.d3extra2,vte1_0.d3extra2name,vte1_0.d3extra2note,vte1_0.d3extra3,vte1_0.d3extra3name,vte1_0.d3extra3note,vte1_0.d3extra4,vte1_0.d3extra4name,vte1_0.d3extra4note,vte1_0.d3extra5,vte1_0.d3extra5name,vte1_0.d3extra5note,vte1_0.d3init_product,vte1_0.d3init_product_note,vte1_0.d3rent,vte1_0.d3rent_note,vte1_0.deposit_amount,vte1_0.insert_timestamp,vte1_0.owner,vte1_0.phone,vte1_0.sales_profit,vte1_0.settle_amount,vte1_0.settlement_amount,vte1_0.settlement_cd,vte1_0.settlement_title,vte1_0.settlement_ymd,vte1_0.src_a1card,vte1_0.src_a1cash,vte1_0.src_b1electricity,vte1_0.src_b3material,vte1_0.src_c1card_fee,vte1_0.src_d1material,vte1_0.store_code,vte1_0.store_name,vte1_0.update_timestamp from cnco.vsettlement_total vte1_0 where vte1_0.pkey=?] [ERROR: column vte1_0.settle_amount does not exist
  Position: 3893] [n/a]
	at org.hibernate.exception.internal.SQLStateConversionDelegate.convert(SQLStateConversionDelegate.java:91) ~[hibernate-core-6.3.1.Final.jar:6.3.1.Final]
	at org.hibernate.exception.internal.StandardSQLExceptionConverter.convert(StandardSQLExceptionConverter.java:58) ~[hibernate-core-6.3.1.Final.jar:6.3.1.Final]
	at org.hibernate.engine.jdbc.spi.SqlExceptionHelper.convert(SqlExceptionHelper.java:108) ~[hibernate-core-6.3.1.Final.jar:6.3.1.Final]
	at org.hibernate.engine.jdbc.spi.SqlExceptionHelper.convert(SqlExceptionHelper.java:94) ~[hibernate-core-6.3.1.Final.jar:6.3.1.Final]
	at org.hibernate.sql.results.jdbc.internal.DeferredResultSetAccess.executeQuery(DeferredResultSetAccess.java:258) ~[hibernate-core-6.3.1.Final.jar:6.3.1.Final]
	at org.hibernate.sql.results.jdbc.internal.DeferredResultSetAccess.getResultSet(DeferredResultSetAccess.java:164) ~[hibernate-core-6.3.1.Final.jar:6.3.1.Final]
	at org.hibernate.sql.results.jdbc.internal.JdbcValuesResultSetImpl.advanceNext(JdbcValuesResultSetImpl.java:218) ~[hibernate-core-6.3.1.Final.jar:6.3.1.Final]
	at org.hibernate.sql.results.jdbc.internal.JdbcValuesResultSetImpl.processNext(JdbcValuesResultSetImpl.java:98) ~[hibernate-core-6.3.1.Final.jar:6.3.1.Final]
	at org.hibernate.sql.results.jdbc.internal.AbstractJdbcValues.next(AbstractJdbcValues.java:19) ~[hibernate-core-6.3.1.Final.jar:6.3.1.Final]
	at org.hibernate.sql.results.internal.RowProcessingStateStandardImpl.next(RowProcessingStateStandardImpl.java:66) ~[hibernate-core-6.3.1.Final.jar:6.3.1.Final]
	at org.hibernate.sql.results.spi.ListResultsConsumer.consume(ListResultsConsumer.java:186) ~[hibernate-core-6.3.1.Final.jar:6.3.1.Final]
	at org.hibernate.sql.results.spi.ListResultsConsumer.consume(ListResultsConsumer.java:33) ~[hibernate-core-6.3.1.Final.jar:6.3.1.Final]
	at org.hibernate.sql.exec.internal.JdbcSelectExecutorStandardImpl.doExecuteQuery(JdbcSelectExecutorStandardImpl.java:361) ~[hibernate-core-6.3.1.Final.jar:6.3.1.Final]
	at org.hibernate.sql.exec.internal.JdbcSelectExecutorStandardImpl.executeQuery(JdbcSelectExecutorStandardImpl.java:168) ~[hibernate-core-6.3.1.Final.jar:6.3.1.Final]
	at org.hibernate.sql.exec.internal.JdbcSelectExecutorStandardImpl.list(JdbcSelectExecutorStandardImpl.java:93) ~[hibernate-core-6.3.1.Final.jar:6.3.1.Final]
	at org.hibernate.sql.exec.spi.JdbcSelectExecutor.list(JdbcSelectExecutor.java:31) ~[hibernate-core-6.3.1.Final.jar:6.3.1.Final]
	at org.hibernate.loader.ast.internal.SingleIdLoadPlan.load(SingleIdLoadPlan.java:145) ~[hibernate-core-6.3.1.Final.jar:6.3.1.Final]
	at org.hibernate.loader.ast.internal.SingleIdLoadPlan.load(SingleIdLoadPlan.java:117) ~[hibernate-core-6.3.1.Final.jar:6.3.1.Final]
	at org.hibernate.loader.ast.internal.SingleIdEntityLoaderStandardImpl.load(SingleIdEntityLoaderStandardImpl.java:75) ~[hibernate-core-6.3.1.Final.jar:6.3.1.Final]
	at org.hibernate.persister.entity.AbstractEntityPersister.doLoad(AbstractEntityPersister.java:3673) ~[hibernate-core-6.3.1.Final.jar:6.3.1.Final]
	at org.hibernate.persister.entity.AbstractEntityPersister.load(AbstractEntityPersister.java:3662) ~[hibernate-core-6.3.1.Final.jar:6.3.1.Final]
	at org.hibernate.event.internal.DefaultLoadEventListener.loadFromDatasource(DefaultLoadEventListener.java:591) ~[hibernate-core-6.3.1.Final.jar:6.3.1.Final]
	at org.hibernate.event.internal.DefaultLoadEventListener.loadFromCacheOrDatasource(DefaultLoadEventListener.java:577) ~[hibernate-core-6.3.1.Final.jar:6.3.1.Final]
	at org.hibernate.event.internal.DefaultLoadEventListener.load(DefaultLoadEventListener.java:547) ~[hibernate-core-6.3.1.Final.jar:6.3.1.Final]
	at org.hibernate.event.internal.DefaultLoadEventListener.doLoad(DefaultLoadEventListener.java:531) ~[hibernate-core-6.3.1.Final.jar:6.3.1.Final]
	at org.hibernate.event.internal.DefaultLoadEventListener.load(DefaultLoadEventListener.java:206) ~[hibernate-core-6.3.1.Final.jar:6.3.1.Final]
	at org.hibernate.event.internal.DefaultLoadEventListener.loadWithRegularProxy(DefaultLoadEventListener.java:286) ~[hibernate-core-6.3.1.Final.jar:6.3.1.Final]
	at org.hibernate.event.internal.DefaultLoadEventListener.proxyOrLoad(DefaultLoadEventListener.java:241) ~[hibernate-core-6.3.1.Final.jar:6.3.1.Final]
	at org.hibernate.event.internal.DefaultLoadEventListener.doOnLoad(DefaultLoadEventListener.java:110) ~[hibernate-core-6.3.1.Final.jar:6.3.1.Final]
	at org.hibernate.event.internal.DefaultLoadEventListener.onLoad(DefaultLoadEventListener.java:67) ~[hibernate-core-6.3.1.Final.jar:6.3.1.Final]
	at org.hibernate.event.service.internal.EventListenerGroupImpl.fireEventOnEachListener(EventListenerGroupImpl.java:138) ~[hibernate-core-6.3.1.Final.jar:6.3.1.Final]
	at org.hibernate.internal.SessionImpl.fireLoadNoChecks(SessionImpl.java:1234) ~[hibernate-core-6.3.1.Final.jar:6.3.1.Final]
	at org.hibernate.internal.SessionImpl.fireLoad(SessionImpl.java:1222) ~[hibernate-core-6.3.1.Final.jar:6.3.1.Final]
	at org.hibernate.loader.internal.IdentifierLoadAccessImpl.load(IdentifierLoadAccessImpl.java:209) ~[hibernate-core-6.3.1.Final.jar:6.3.1.Final]
	at org.hibernate.loader.internal.IdentifierLoadAccessImpl.doLoad(IdentifierLoadAccessImpl.java:160) ~[hibernate-core-6.3.1.Final.jar:6.3.1.Final]
	at org.hibernate.loader.internal.IdentifierLoadAccessImpl.lambda$load$1(IdentifierLoadAccessImpl.java:149) ~[hibernate-core-6.3.1.Final.jar:6.3.1.Final]
	at org.hibernate.loader.internal.IdentifierLoadAccessImpl.perform(IdentifierLoadAccessImpl.java:112) ~[hibernate-core-6.3.1.Final.jar:6.3.1.Final]
	at org.hibernate.loader.internal.IdentifierLoadAccessImpl.load(IdentifierLoadAccessImpl.java:149) ~[hibernate-core-6.3.1.Final.jar:6.3.1.Final]
	at org.hibernate.internal.SessionImpl.find(SessionImpl.java:2430) ~[hibernate-core-6.3.1.Final.jar:6.3.1.Final]
	at org.hibernate.internal.SessionImpl.find(SessionImpl.java:2401) ~[hibernate-core-6.3.1.Final.jar:6.3.1.Final]
	at java.base/jdk.internal.reflect.NativeMethodAccessorImpl.invoke0(Native Method) ~[na:na]
	at java.base/jdk.internal.reflect.NativeMethodAccessorImpl.invoke(NativeMethodAccessorImpl.java:77) ~[na:na]
	at java.base/jdk.internal.reflect.DelegatingMethodAccessorImpl.invoke(DelegatingMethodAccessorImpl.java:43) ~[na:na]
	at java.base/java.lang.reflect.Method.invoke(Method.java:569) ~[na:na]
	at org.springframework.orm.jpa.ExtendedEntityManagerCreator$ExtendedEntityManagerInvocationHandler.invoke(ExtendedEntityManagerCreator.java:360) ~[spring-orm-6.1.1.jar:6.1.1]
	at jdk.proxy2/jdk.proxy2.$Proxy134.find(Unknown Source) ~[na:na]
	at java.base/jdk.internal.reflect.NativeMethodAccessorImpl.invoke0(Native Method) ~[na:na]
	at java.base/jdk.internal.reflect.NativeMethodAccessorImpl.invoke(NativeMethodAccessorImpl.java:77) ~[na:na]
	at java.base/jdk.internal.reflect.DelegatingMethodAccessorImpl.invoke(DelegatingMethodAccessorImpl.java:43) ~[na:na]
	at java.base/java.lang.reflect.Method.invoke(Method.java:569) ~[na:na]
	at org.springframework.orm.jpa.SharedEntityManagerCreator$SharedEntityManagerInvocationHandler.invoke(SharedEntityManagerCreator.java:311) ~[spring-orm-6.1.1.jar:6.1.1]
	at jdk.proxy2/jdk.proxy2.$Proxy134.find(Unknown Source) ~[na:na]
	at org.springframework.data.jpa.repository.support.SimpleJpaRepository.findById(SimpleJpaRepository.java:313) ~[spring-data-jpa-3.2.0.jar:3.2.0]
	at java.base/jdk.internal.reflect.NativeMethodAccessorImpl.invoke0(Native Method) ~[na:na]
	at java.base/jdk.internal.reflect.NativeMethodAccessorImpl.invoke(NativeMethodAccessorImpl.java:77) ~[na:na]
	at java.base/jdk.internal.reflect.DelegatingMethodAccessorImpl.invoke(DelegatingMethodAccessorImpl.java:43) ~[na:na]
	at java.base/java.lang.reflect.Method.invoke(Method.java:569) ~[na:na]
	at org.springframework.aop.support.AopUtils.invokeJoinpointUsingReflection(AopUtils.java:352) ~[spring-aop-6.1.1.jar:6.1.1]
	at org.springframework.data.repository.core.support.RepositoryMethodInvoker$RepositoryFragmentMethodInvoker.lambda$new$0(RepositoryMethodInvoker.java:277) ~[spring-data-commons-3.2.0.jar:3.2.0]
	at org.springframework.data.repository.core.support.RepositoryMethodInvoker.doInvoke(RepositoryMethodInvoker.java:170) ~[spring-data-commons-3.2.0.jar:3.2.0]
	at org.springframework.data.repository.core.support.RepositoryMethodInvoker.invoke(RepositoryMethodInvoker.java:158) ~[spring-data-commons-3.2.0.jar:3.2.0]
	at org.springframework.data.repository.core.support.RepositoryComposition$RepositoryFragments.invoke(RepositoryComposition.java:516) ~[spring-data-commons-3.2.0.jar:3.2.0]
	at org.springframework.data.repository.core.support.RepositoryComposition.invoke(RepositoryComposition.java:285) ~[spring-data-commons-3.2.0.jar:3.2.0]
	at org.springframework.data.repository.core.support.RepositoryFactorySupport$ImplementationMethodExecutionInterceptor.invoke(RepositoryFactorySupport.java:628) ~[spring-data-commons-3.2.0.jar:3.2.0]
	at org.springframework.aop.framework.ReflectiveMethodInvocation.proceed(ReflectiveMethodInvocation.java:184) ~[spring-aop-6.1.1.jar:6.1.1]
	at org.springframework.data.repository.core.support.QueryExecutorMethodInterceptor.doInvoke(QueryExecutorMethodInterceptor.java:168) ~[spring-data-commons-3.2.0.jar:3.2.0]
	at org.springframework.data.repository.core.support.QueryExecutorMethodInterceptor.invoke(QueryExecutorMethodInterceptor.java:143) ~[spring-data-commons-3.2.0.jar:3.2.0]
	at org.springframework.aop.framework.ReflectiveMethodInvocation.proceed(ReflectiveMethodInvocation.java:184) ~[spring-aop-6.1.1.jar:6.1.1]
	at org.springframework.data.projection.DefaultMethodInvokingMethodInterceptor.invoke(DefaultMethodInvokingMethodInterceptor.java:70) ~[spring-data-commons-3.2.0.jar:3.2.0]
	at org.springframework.aop.framework.ReflectiveMethodInvocation.proceed(ReflectiveMethodInvocation.java:184) ~[spring-aop-6.1.1.jar:6.1.1]
	at org.springframework.transaction.interceptor.TransactionInterceptor$1.proceedWithInvocation(TransactionInterceptor.java:123) ~[spring-tx-6.1.1.jar:6.1.1]
	at org.springframework.transaction.interceptor.TransactionAspectSupport.invokeWithinTransaction(TransactionAspectSupport.java:385) ~[spring-tx-6.1.1.jar:6.1.1]
	at org.springframework.transaction.interceptor.TransactionInterceptor.invoke(TransactionInterceptor.java:119) ~[spring-tx-6.1.1.jar:6.1.1]
	at org.springframework.aop.framework.ReflectiveMethodInvocation.proceed(ReflectiveMethodInvocation.java:184) ~[spring-aop-6.1.1.jar:6.1.1]
	at org.springframework.dao.support.PersistenceExceptionTranslationInterceptor.invoke(PersistenceExceptionTranslationInterceptor.java:137) ~[spring-tx-6.1.1.jar:6.1.1]
	at org.springframework.aop.framework.ReflectiveMethodInvocation.proceed(ReflectiveMethodInvocation.java:184) ~[spring-aop-6.1.1.jar:6.1.1]
	at org.springframework.data.jpa.repository.support.CrudMethodMetadataPostProcessor$CrudMethodMetadataPopulatingMethodInterceptor.invoke(CrudMethodMetadataPostProcessor.java:164) ~[spring-data-jpa-3.2.0.jar:3.2.0]
	at org.springframework.aop.framework.ReflectiveMethodInvocation.proceed(ReflectiveMethodInvocation.java:184) ~[spring-aop-6.1.1.jar:6.1.1]
	at org.springframework.aop.interceptor.ExposeInvocationInterceptor.invoke(ExposeInvocationInterceptor.java:97) ~[spring-aop-6.1.1.jar:6.1.1]
	at org.springframework.aop.framework.ReflectiveMethodInvocation.proceed(ReflectiveMethodInvocation.java:184) ~[spring-aop-6.1.1.jar:6.1.1]
	at org.springframework.aop.framework.JdkDynamicAopProxy.invoke(JdkDynamicAopProxy.java:249) ~[spring-aop-6.1.1.jar:6.1.1]
	at jdk.proxy2/jdk.proxy2.$Proxy146.findById(Unknown Source) ~[na:na]
	at com.example.cco.settlement.SettlementServiceImpl.getSettlementDetail(SettlementServiceImpl.java:564) ~[main/:na]
	at java.base/jdk.internal.reflect.NativeMethodAccessorImpl.invoke0(Native Method) ~[na:na]
	at java.base/jdk.internal.reflect.NativeMethodAccessorImpl.invoke(NativeMethodAccessorImpl.java:77) ~[na:na]
	at java.base/jdk.internal.reflect.DelegatingMethodAccessorImpl.invoke(DelegatingMethodAccessorImpl.java:43) ~[na:na]
	at java.base/java.lang.reflect.Method.invoke(Method.java:569) ~[na:na]
	at org.springframework.aop.support.AopUtils.invokeJoinpointUsingReflection(AopUtils.java:352) ~[spring-aop-6.1.1.jar:6.1.1]
	at org.springframework.aop.framework.ReflectiveMethodInvocation.invokeJoinpoint(ReflectiveMethodInvocation.java:196) ~[spring-aop-6.1.1.jar:6.1.1]
	at org.springframework.aop.framework.ReflectiveMethodInvocation.proceed(ReflectiveMethodInvocation.java:163) ~[spring-aop-6.1.1.jar:6.1.1]
	at org.springframework.aop.framework.CglibAopProxy$CglibMethodInvocation.proceed(CglibAopProxy.java:765) ~[spring-aop-6.1.1.jar:6.1.1]
	at org.springframework.transaction.interceptor.TransactionInterceptor$1.proceedWithInvocation(TransactionInterceptor.java:123) ~[spring-tx-6.1.1.jar:6.1.1]
	at org.springframework.transaction.interceptor.TransactionAspectSupport.invokeWithinTransaction(TransactionAspectSupport.java:385) ~[spring-tx-6.1.1.jar:6.1.1]
	at org.springframework.transaction.interceptor.TransactionInterceptor.invoke(TransactionInterceptor.java:119) ~[spring-tx-6.1.1.jar:6.1.1]
	at org.springframework.aop.framework.ReflectiveMethodInvocation.proceed(ReflectiveMethodInvocation.java:184) ~[spring-aop-6.1.1.jar:6.1.1]
	at org.springframework.aop.framework.CglibAopProxy$CglibMethodInvocation.proceed(CglibAopProxy.java:765) ~[spring-aop-6.1.1.jar:6.1.1]
	at org.springframework.aop.framework.CglibAopProxy$DynamicAdvisedInterceptor.intercept(CglibAopProxy.java:717) ~[spring-aop-6.1.1.jar:6.1.1]
	at com.example.cco.settlement.SettlementServiceImpl$$SpringCGLIB$$0.getSettlementDetail(<generated>) ~[main/:na]
	at com.example.cco.settlement.SettlementController.getSettlementDetail(SettlementController.java:79) ~[main/:na]
	at java.base/jdk.internal.reflect.NativeMethodAccessorImpl.invoke0(Native Method) ~[na:na]
	at java.base/jdk.internal.reflect.NativeMethodAccessorImpl.invoke(NativeMethodAccessorImpl.java:77) ~[na:na]
	at java.base/jdk.internal.reflect.DelegatingMethodAccessorImpl.invoke(DelegatingMethodAccessorImpl.java:43) ~[na:na]
	at java.base/java.lang.reflect.Method.invoke(Method.java:569) ~[na:na]
	at org.springframework.web.method.support.InvocableHandlerMethod.doInvoke(InvocableHandlerMethod.java:254) ~[spring-web-6.1.1.jar:6.1.1]
	at org.springframework.web.method.support.InvocableHandlerMethod.invokeForRequest(InvocableHandlerMethod.java:182) ~[spring-web-6.1.1.jar:6.1.1]
	at org.springframework.web.servlet.mvc.method.annotation.ServletInvocableHandlerMethod.invokeAndHandle(ServletInvocableHandlerMethod.java:118) ~[spring-webmvc-6.1.1.jar:6.1.1]
	at org.springframework.web.servlet.mvc.method.annotation.RequestMappingHandlerAdapter.invokeHandlerMethod(RequestMappingHandlerAdapter.java:917) ~[spring-webmvc-6.1.1.jar:6.1.1]
	at org.springframework.web.servlet.mvc.method.annotation.RequestMappingHandlerAdapter.handleInternal(RequestMappingHandlerAdapter.java:829) ~[spring-webmvc-6.1.1.jar:6.1.1]
	at org.springframework.web.servlet.mvc.method.AbstractHandlerMethodAdapter.handle(AbstractHandlerMethodAdapter.java:87) ~[spring-webmvc-6.1.1.jar:6.1.1]
	at org.springframework.web.servlet.DispatcherServlet.doDispatch(DispatcherServlet.java:1089) ~[spring-webmvc-6.1.1.jar:6.1.1]
	at org.springframework.web.servlet.DispatcherServlet.doService(DispatcherServlet.java:979) ~[spring-webmvc-6.1.1.jar:6.1.1]
	at org.springframework.web.servlet.FrameworkServlet.processRequest(FrameworkServlet.java:1014) ~[spring-webmvc-6.1.1.jar:6.1.1]
	at org.springframework.web.servlet.FrameworkServlet.doGet(FrameworkServlet.java:903) ~[spring-webmvc-6.1.1.jar:6.1.1]
	at jakarta.servlet.http.HttpServlet.service(HttpServlet.java:564) ~[tomcat-embed-core-10.1.16.jar:6.0]
	at org.springframework.web.servlet.FrameworkServlet.service(FrameworkServlet.java:885) ~[spring-webmvc-6.1.1.jar:6.1.1]
	at jakarta.servlet.http.HttpServlet.service(HttpServlet.java:658) ~[tomcat-embed-core-10.1.16.jar:6.0]
	at org.apache.catalina.core.ApplicationFilterChain.internalDoFilter(ApplicationFilterChain.java:205) ~[tomcat-embed-core-10.1.16.jar:10.1.16]
	at org.apache.catalina.core.ApplicationFilterChain.doFilter(ApplicationFilterChain.java:149) ~[tomcat-embed-core-10.1.16.jar:10.1.16]
	at org.apache.tomcat.websocket.server.WsFilter.doFilter(WsFilter.java:51) ~[tomcat-embed-websocket-10.1.16.jar:10.1.16]
	at org.apache.catalina.core.ApplicationFilterChain.internalDoFilter(ApplicationFilterChain.java:174) ~[tomcat-embed-core-10.1.16.jar:10.1.16]
	at org.apache.catalina.core.ApplicationFilterChain.doFilter(ApplicationFilterChain.java:149) ~[tomcat-embed-core-10.1.16.jar:10.1.16]
	at org.springframework.security.web.FilterChainProxy.lambda$doFilterInternal$3(FilterChainProxy.java:231) ~[spring-security-web-6.2.0.jar:6.2.0]
	at org.springframework.security.web.FilterChainProxy$VirtualFilterChain.doFilter(FilterChainProxy.java:365) ~[spring-security-web-6.2.0.jar:6.2.0]
	at org.springframework.security.web.access.intercept.AuthorizationFilter.doFilter(AuthorizationFilter.java:100) ~[spring-security-web-6.2.0.jar:6.2.0]
	at org.springframework.security.web.FilterChainProxy$VirtualFilterChain.doFilter(FilterChainProxy.java:374) ~[spring-security-web-6.2.0.jar:6.2.0]
	at org.springframework.security.web.access.ExceptionTranslationFilter.doFilter(ExceptionTranslationFilter.java:126) ~[spring-security-web-6.2.0.jar:6.2.0]
	at org.springframework.security.web.access.ExceptionTranslationFilter.doFilter(ExceptionTranslationFilter.java:120) ~[spring-security-web-6.2.0.jar:6.2.0]
	at org.springframework.security.web.FilterChainProxy$VirtualFilterChain.doFilter(FilterChainProxy.java:374) ~[spring-security-web-6.2.0.jar:6.2.0]
	at org.springframework.security.web.session.SessionManagementFilter.doFilter(SessionManagementFilter.java:131) ~[spring-security-web-6.2.0.jar:6.2.0]
	at org.springframework.security.web.session.SessionManagementFilter.doFilter(SessionManagementFilter.java:85) ~[spring-security-web-6.2.0.jar:6.2.0]
	at org.springframework.security.web.FilterChainProxy$VirtualFilterChain.doFilter(FilterChainProxy.java:374) ~[spring-security-web-6.2.0.jar:6.2.0]
	at org.springframework.security.web.authentication.AnonymousAuthenticationFilter.doFilter(AnonymousAuthenticationFilter.java:100) ~[spring-security-web-6.2.0.jar:6.2.0]
	at org.springframework.security.web.FilterChainProxy$VirtualFilterChain.doFilter(FilterChainProxy.java:374) ~[spring-security-web-6.2.0.jar:6.2.0]
	at org.springframework.security.web.servletapi.SecurityContextHolderAwareRequestFilter.doFilter(SecurityContextHolderAwareRequestFilter.java:179) ~[spring-security-web-6.2.0.jar:6.2.0]
	at org.springframework.security.web.FilterChainProxy$VirtualFilterChain.doFilter(FilterChainProxy.java:374) ~[spring-security-web-6.2.0.jar:6.2.0]
	at org.springframework.security.web.savedrequest.RequestCacheAwareFilter.doFilter(RequestCacheAwareFilter.java:63) ~[spring-security-web-6.2.0.jar:6.2.0]
	at org.springframework.security.web.FilterChainProxy$VirtualFilterChain.doFilter(FilterChainProxy.java:374) ~[spring-security-web-6.2.0.jar:6.2.0]
	at org.springframework.security.web.authentication.AbstractAuthenticationProcessingFilter.doFilter(AbstractAuthenticationProcessingFilter.java:227) ~[spring-security-web-6.2.0.jar:6.2.0]
	at org.springframework.security.web.authentication.AbstractAuthenticationProcessingFilter.doFilter(AbstractAuthenticationProcessingFilter.java:221) ~[spring-security-web-6.2.0.jar:6.2.0]
	at org.springframework.security.web.FilterChainProxy$VirtualFilterChain.doFilter(FilterChainProxy.java:374) ~[spring-security-web-6.2.0.jar:6.2.0]
	at com.example.cco.security.JwtAuthorizationFilter.doFilterInternal(JwtAuthorizationFilter.java:48) ~[main/:na]
	at org.springframework.web.filter.OncePerRequestFilter.doFilter(OncePerRequestFilter.java:116) ~[spring-web-6.1.1.jar:6.1.1]
	at org.springframework.security.web.FilterChainProxy$VirtualFilterChain.doFilter(FilterChainProxy.java:374) ~[spring-security-web-6.2.0.jar:6.2.0]
	at org.springframework.security.web.authentication.logout.LogoutFilter.doFilter(LogoutFilter.java:107) ~[spring-security-web-6.2.0.jar:6.2.0]
	at org.springframework.security.web.authentication.logout.LogoutFilter.doFilter(LogoutFilter.java:93) ~[spring-security-web-6.2.0.jar:6.2.0]
	at org.springframework.security.web.FilterChainProxy$VirtualFilterChain.doFilter(FilterChainProxy.java:374) ~[spring-security-web-6.2.0.jar:6.2.0]
	at org.springframework.web.filter.CorsFilter.doFilterInternal(CorsFilter.java:91) ~[spring-web-6.1.1.jar:6.1.1]
	at org.springframework.web.filter.OncePerRequestFilter.doFilter(OncePerRequestFilter.java:116) ~[spring-web-6.1.1.jar:6.1.1]
	at org.springframework.security.web.FilterChainProxy$VirtualFilterChain.doFilter(FilterChainProxy.java:374) ~[spring-security-web-6.2.0.jar:6.2.0]
	at org.springframework.security.web.header.HeaderWriterFilter.doHeadersAfter(HeaderWriterFilter.java:90) ~[spring-security-web-6.2.0.jar:6.2.0]
	at org.springframework.security.web.header.HeaderWriterFilter.doFilterInternal(HeaderWriterFilter.java:75) ~[spring-security-web-6.2.0.jar:6.2.0]
	at org.springframework.web.filter.OncePerRequestFilter.doFilter(OncePerRequestFilter.java:116) ~[spring-web-6.1.1.jar:6.1.1]
	at org.springframework.security.web.FilterChainProxy$VirtualFilterChain.doFilter(FilterChainProxy.java:374) ~[spring-security-web-6.2.0.jar:6.2.0]
	at org.springframework.security.web.context.SecurityContextHolderFilter.doFilter(SecurityContextHolderFilter.java:82) ~[spring-security-web-6.2.0.jar:6.2.0]
	at org.springframework.security.web.context.SecurityContextHolderFilter.doFilter(SecurityContextHolderFilter.java:69) ~[spring-security-web-6.2.0.jar:6.2.0]
	at org.springframework.security.web.FilterChainProxy$VirtualFilterChain.doFilter(FilterChainProxy.java:374) ~[spring-security-web-6.2.0.jar:6.2.0]
	at org.springframework.security.web.context.request.async.WebAsyncManagerIntegrationFilter.doFilterInternal(WebAsyncManagerIntegrationFilter.java:62) ~[spring-security-web-6.2.0.jar:6.2.0]
	at org.springframework.web.filter.OncePerRequestFilter.doFilter(OncePerRequestFilter.java:116) ~[spring-web-6.1.1.jar:6.1.1]
	at org.springframework.security.web.FilterChainProxy$VirtualFilterChain.doFilter(FilterChainProxy.java:374) ~[spring-security-web-6.2.0.jar:6.2.0]
	at org.springframework.security.web.session.DisableEncodeUrlFilter.doFilterInternal(DisableEncodeUrlFilter.java:42) ~[spring-security-web-6.2.0.jar:6.2.0]
	at org.springframework.web.filter.OncePerRequestFilter.doFilter(OncePerRequestFilter.java:116) ~[spring-web-6.1.1.jar:6.1.1]
	at org.springframework.security.web.FilterChainProxy$VirtualFilterChain.doFilter(FilterChainProxy.java:374) ~[spring-security-web-6.2.0.jar:6.2.0]
	at org.springframework.security.web.FilterChainProxy.doFilterInternal(FilterChainProxy.java:233) ~[spring-security-web-6.2.0.jar:6.2.0]
	at org.springframework.security.web.FilterChainProxy.doFilter(FilterChainProxy.java:191) ~[spring-security-web-6.2.0.jar:6.2.0]
	at org.springframework.web.filter.DelegatingFilterProxy.invokeDelegate(DelegatingFilterProxy.java:352) ~[spring-web-6.1.1.jar:6.1.1]
	at org.springframework.web.filter.DelegatingFilterProxy.doFilter(DelegatingFilterProxy.java:268) ~[spring-web-6.1.1.jar:6.1.1]
	at org.apache.catalina.core.ApplicationFilterChain.internalDoFilter(ApplicationFilterChain.java:174) ~[tomcat-embed-core-10.1.16.jar:10.1.16]
	at org.apache.catalina.core.ApplicationFilterChain.doFilter(ApplicationFilterChain.java:149) ~[tomcat-embed-core-10.1.16.jar:10.1.16]
	at org.springframework.web.filter.RequestContextFilter.doFilterInternal(RequestContextFilter.java:100) ~[spring-web-6.1.1.jar:6.1.1]
	at org.springframework.web.filter.OncePerRequestFilter.doFilter(OncePerRequestFilter.java:116) ~[spring-web-6.1.1.jar:6.1.1]
	at org.apache.catalina.core.ApplicationFilterChain.internalDoFilter(ApplicationFilterChain.java:174) ~[tomcat-embed-core-10.1.16.jar:10.1.16]
	at org.apache.catalina.core.ApplicationFilterChain.doFilter(ApplicationFilterChain.java:149) ~[tomcat-embed-core-10.1.16.jar:10.1.16]
	at org.springframework.web.filter.FormContentFilter.doFilterInternal(FormContentFilter.java:93) ~[spring-web-6.1.1.jar:6.1.1]
	at org.springframework.web.filter.OncePerRequestFilter.doFilter(OncePerRequestFilter.java:116) ~[spring-web-6.1.1.jar:6.1.1]
	at org.apache.catalina.core.ApplicationFilterChain.internalDoFilter(ApplicationFilterChain.java:174) ~[tomcat-embed-core-10.1.16.jar:10.1.16]
	at org.apache.catalina.core.ApplicationFilterChain.doFilter(ApplicationFilterChain.java:149) ~[tomcat-embed-core-10.1.16.jar:10.1.16]
	at org.springframework.web.filter.CharacterEncodingFilter.doFilterInternal(CharacterEncodingFilter.java:201) ~[spring-web-6.1.1.jar:6.1.1]
	at org.springframework.web.filter.OncePerRequestFilter.doFilter(OncePerRequestFilter.java:116) ~[spring-web-6.1.1.jar:6.1.1]
	at org.apache.catalina.core.ApplicationFilterChain.internalDoFilter(ApplicationFilterChain.java:174) ~[tomcat-embed-core-10.1.16.jar:10.1.16]
	at org.apache.catalina.core.ApplicationFilterChain.doFilter(ApplicationFilterChain.java:149) ~[tomcat-embed-core-10.1.16.jar:10.1.16]
	at org.apache.catalina.core.StandardWrapperValve.invoke(StandardWrapperValve.java:167) ~[tomcat-embed-core-10.1.16.jar:10.1.16]
	at org.apache.catalina.core.StandardContextValve.invoke(StandardContextValve.java:90) ~[tomcat-embed-core-10.1.16.jar:10.1.16]
	at org.apache.catalina.authenticator.AuthenticatorBase.invoke(AuthenticatorBase.java:482) ~[tomcat-embed-core-10.1.16.jar:10.1.16]
	at org.apache.catalina.core.StandardHostValve.invoke(StandardHostValve.java:115) ~[tomcat-embed-core-10.1.16.jar:10.1.16]
	at org.apache.catalina.valves.ErrorReportValve.invoke(ErrorReportValve.java:93) ~[tomcat-embed-core-10.1.16.jar:10.1.16]
	at org.apache.catalina.core.StandardEngineValve.invoke(StandardEngineValve.java:74) ~[tomcat-embed-core-10.1.16.jar:10.1.16]
	at org.apache.catalina.connector.CoyoteAdapter.service(CoyoteAdapter.java:340) ~[tomcat-embed-core-10.1.16.jar:10.1.16]
	at org.apache.coyote.http11.Http11Processor.service(Http11Processor.java:391) ~[tomcat-embed-core-10.1.16.jar:10.1.16]
	at org.apache.coyote.AbstractProcessorLight.process(AbstractProcessorLight.java:63) ~[tomcat-embed-core-10.1.16.jar:10.1.16]
	at org.apache.coyote.AbstractProtocol$ConnectionHandler.process(AbstractProtocol.java:896) ~[tomcat-embed-core-10.1.16.jar:10.1.16]
	at org.apache.tomcat.util.net.NioEndpoint$SocketProcessor.doRun(NioEndpoint.java:1744) ~[tomcat-embed-core-10.1.16.jar:10.1.16]
	at org.apache.tomcat.util.net.SocketProcessorBase.run(SocketProcessorBase.java:52) ~[tomcat-embed-core-10.1.16.jar:10.1.16]
	at org.apache.tomcat.util.threads.ThreadPoolExecutor.runWorker(ThreadPoolExecutor.java:1191) ~[tomcat-embed-core-10.1.16.jar:10.1.16]
	at org.apache.tomcat.util.threads.ThreadPoolExecutor$Worker.run(ThreadPoolExecutor.java:659) ~[tomcat-embed-core-10.1.16.jar:10.1.16]
	at org.apache.tomcat.util.threads.TaskThread$WrappingRunnable.run(TaskThread.java:61) ~[tomcat-embed-core-10.1.16.jar:10.1.16]
	at java.base/java.lang.Thread.run(Thread.java:840) ~[na:na]
Caused by: org.postgresql.util.PSQLException: ERROR: column vte1_0.settle_amount does not exist
  Position: 3893
	at org.postgresql.core.v3.QueryExecutorImpl.receiveErrorResponse(QueryExecutorImpl.java:2713) ~[postgresql-42.6.0.jar:42.6.0]
	at org.postgresql.core.v3.QueryExecutorImpl.processResults(QueryExecutorImpl.java:2401) ~[postgresql-42.6.0.jar:42.6.0]
	at org.postgresql.core.v3.QueryExecutorImpl.execute(QueryExecutorImpl.java:368) ~[postgresql-42.6.0.jar:42.6.0]
	at org.postgresql.jdbc.PgStatement.executeInternal(PgStatement.java:498) ~[postgresql-42.6.0.jar:42.6.0]
	at org.postgresql.jdbc.PgStatement.execute(PgStatement.java:415) ~[postgresql-42.6.0.jar:42.6.0]
	at org.postgresql.jdbc.PgPreparedStatement.executeWithFlags(PgPreparedStatement.java:190) ~[postgresql-42.6.0.jar:42.6.0]
	at org.postgresql.jdbc.PgPreparedStatement.executeQuery(PgPreparedStatement.java:134) ~[postgresql-42.6.0.jar:42.6.0]
	at com.zaxxer.hikari.pool.ProxyPreparedStatement.executeQuery(ProxyPreparedStatement.java:52) ~[HikariCP-5.0.1.jar:na]
	at com.zaxxer.hikari.pool.HikariProxyPreparedStatement.executeQuery(HikariProxyPreparedStatement.java) ~[HikariCP-5.0.1.jar:na]
	at org.hibernate.sql.results.jdbc.internal.DeferredResultSetAccess.executeQuery(DeferredResultSetAccess.java:240) ~[hibernate-core-6.3.1.Final.jar:6.3.1.Final]
	... 191 common frames omitted

2025-04-30T08:27:22.593+09:00 ERROR 16156 --- [http-nio-4080-exec-5] c.example.cco.exception.ExceptionAdvice  : org.springframework.dao.InvalidDataAccessResourceUsageException: JDBC exception executing SQL [select vte1_0.pkey,vte1_0.a1card,vte1_0.a1card_note,vte1_0.a1cash,vte1_0.a1cash_note,vte1_0.a1extra1,vte1_0.a1extra1name,vte1_0.a1extra1note,vte1_0.a1extra2,vte1_0.a1extra2name,vte1_0.a1extra2note,vte1_0.a1extra3,vte1_0.a1extra3name,vte1_0.a1extra3note,vte1_0.a1extra4,vte1_0.a1extra4name,vte1_0.a1extra4note,vte1_0.a1extra5,vte1_0.a1extra5name,vte1_0.a1extra5note,vte1_0.a1tax,vte1_0.a1tax_note,vte1_0.active_yn,vte1_0.a_total,vte1_0.b1electricity,vte1_0.b1electricity_note,vte1_0.b1etc_expense,vte1_0.b1etc_expense_note,vte1_0.b1extra1,vte1_0.b1extra1name,vte1_0.b1extra1note,vte1_0.b1extra2,vte1_0.b1extra2name,vte1_0.b1extra2note,vte1_0.b1extra3,vte1_0.b1extra3name,vte1_0.b1extra3note,vte1_0.b1extra4,vte1_0.b1extra4name,vte1_0.b1extra4note,vte1_0.b1extra5,vte1_0.b1extra5name,vte1_0.b1extra5note,vte1_0.b1gas,vte1_0.b1gas_note,vte1_0.b1internet,vte1_0.b1internet_note,vte1_0.b1maint,vte1_0.b1maint_note,vte1_0.b1rent,vte1_0.b1rent_note,vte1_0.b2charge,vte1_0.b2charge_note,vte1_0.b3etc,vte1_0.b3etc_note,vte1_0.b3extra1,vte1_0.b3extra1name,vte1_0.b3extra1note,vte1_0.b3extra2,vte1_0.b3extra2name,vte1_0.b3extra2note,vte1_0.b3extra3,vte1_0.b3extra3name,vte1_0.b3extra3note,vte1_0.b3extra4,vte1_0.b3extra4name,vte1_0.b3extra4note,vte1_0.b3extra5,vte1_0.b3extra5name,vte1_0.b3extra5note,vte1_0.b3material,vte1_0.b3material_note,vte1_0.b4donation,vte1_0.b4donation_note,vte1_0.b4extra1,vte1_0.b4extra1name,vte1_0.b4extra1note,vte1_0.b4extra2,vte1_0.b4extra2name,vte1_0.b4extra2note,vte1_0.b4extra3,vte1_0.b4extra3name,vte1_0.b4extra3note,vte1_0.b4extra4,vte1_0.b4extra4name,vte1_0.b4extra4note,vte1_0.b4extra5,vte1_0.b4extra5name,vte1_0.b4extra5note,vte1_0.b4init_product,vte1_0.b4init_product_note,vte1_0.bank,vte1_0.bank_account,vte1_0.bank_account_number,vte1_0.brand_cd,vte1_0.brand_name,vte1_0.b_total,vte1_0.c1card_fee,vte1_0.c1card_fee_note,vte1_0.c1electricity,vte1_0.c1electricity_note,vte1_0.c1etc_expense,vte1_0.c1etc_expense_note,vte1_0.c1extra1,vte1_0.c1extra1name,vte1_0.c1extra1note,vte1_0.c1extra2,vte1_0.c1extra2name,vte1_0.c1extra2note,vte1_0.c1extra3,vte1_0.c1extra3name,vte1_0.c1extra3note,vte1_0.c1extra4,vte1_0.c1extra4name,vte1_0.c1extra4note,vte1_0.c1extra5,vte1_0.c1extra5name,vte1_0.c1extra5note,vte1_0.c1gas,vte1_0.c1gas_note,vte1_0.c1insurance,vte1_0.c1insurance_note,vte1_0.c1rent,vte1_0.c1rent_note,vte1_0.c1water,vte1_0.c1water_note,vte1_0.c2extra1,vte1_0.c2extra1name,vte1_0.c2extra1note,vte1_0.c2extra2,vte1_0.c2extra2name,vte1_0.c2extra2note,vte1_0.c2extra3,vte1_0.c2extra3name,vte1_0.c2extra3note,vte1_0.c2extra4,vte1_0.c2extra4name,vte1_0.c2extra4note,vte1_0.c2extra5,vte1_0.c2extra5name,vte1_0.c2extra5note,vte1_0.c2interest_cost,vte1_0.c2interest_cost_note,vte1_0.closed_yn,vte1_0.d1carryover,vte1_0.d1carryover_note,vte1_0.d1extra1,vte1_0.d1extra1name,vte1_0.d1extra1note,vte1_0.d1extra2,vte1_0.d1extra2name,vte1_0.d1extra2note,vte1_0.d1extra3,vte1_0.d1extra3name,vte1_0.d1extra3note,vte1_0.d1extra4,vte1_0.d1extra4name,vte1_0.d1extra4note,vte1_0.d1extra5,vte1_0.d1extra5name,vte1_0.d1extra5note,vte1_0.d1material,vte1_0.d1material_note,vte1_0.d1store_maint,vte1_0.d1store_maint_note,vte1_0.d2cash,vte1_0.d2cash_note,vte1_0.d2extra1,vte1_0.d2extra1name,vte1_0.d2extra1note,vte1_0.d2extra2,vte1_0.d2extra2name,vte1_0.d2extra2note,vte1_0.d2extra3,vte1_0.d2extra3name,vte1_0.d2extra3note,vte1_0.d2extra4,vte1_0.d2extra4name,vte1_0.d2extra4note,vte1_0.d2extra5,vte1_0.d2extra5name,vte1_0.d2extra5note,vte1_0.d3extra1,vte1_0.d3extra1name,vte1_0.d3extra1note,vte1_0.d3extra2,vte1_0.d3extra2name,vte1_0.d3extra2note,vte1_0.d3extra3,vte1_0.d3extra3name,vte1_0.d3extra3note,vte1_0.d3extra4,vte1_0.d3extra4name,vte1_0.d3extra4note,vte1_0.d3extra5,vte1_0.d3extra5name,vte1_0.d3extra5note,vte1_0.d3init_product,vte1_0.d3init_product_note,vte1_0.d3rent,vte1_0.d3rent_note,vte1_0.deposit_amount,vte1_0.insert_timestamp,vte1_0.owner,vte1_0.phone,vte1_0.sales_profit,vte1_0.settle_amount,vte1_0.settlement_amount,vte1_0.settlement_cd,vte1_0.settlement_title,vte1_0.settlement_ymd,vte1_0.src_a1card,vte1_0.src_a1cash,vte1_0.src_b1electricity,vte1_0.src_b3material,vte1_0.src_c1card_fee,vte1_0.src_d1material,vte1_0.store_code,vte1_0.store_name,vte1_0.update_timestamp from cnco.vsettlement_total vte1_0 where vte1_0.pkey=?] [ERROR: column vte1_0.settle_amount does not exist
  Position: 3893] [n/a]; SQL [n/a]
	at org.springframework.orm.jpa.vendor.HibernateJpaDialect.convertHibernateAccessException(HibernateJpaDialect.java:277)
	at org.springframework.orm.jpa.vendor.HibernateJpaDialect.translateExceptionIfPossible(HibernateJpaDialect.java:241)
	at org.springframework.orm.jpa.AbstractEntityManagerFactoryBean.translateExceptionIfPossible(AbstractEntityManagerFactoryBean.java:550)
	at org.springframework.dao.support.ChainedPersistenceExceptionTranslator.translateExceptionIfPossible(ChainedPersistenceExceptionTranslator.java:61)
	at org.springframework.dao.support.DataAccessUtils.translateIfNecessary(DataAccessUtils.java:335)
	at org.springframework.dao.support.PersistenceExceptionTranslationInterceptor.invoke(PersistenceExceptionTranslationInterceptor.java:152)
	at org.springframework.aop.framework.ReflectiveMethodInvocation.proceed(ReflectiveMethodInvocation.java:184)
	at org.springframework.data.jpa.repository.support.CrudMethodMetadataPostProcessor$CrudMethodMetadataPopulatingMethodInterceptor.invoke(CrudMethodMetadataPostProcessor.java:164)
	at org.springframework.aop.framework.ReflectiveMethodInvocation.proceed(ReflectiveMethodInvocation.java:184)
	at org.springframework.aop.interceptor.ExposeInvocationInterceptor.invoke(ExposeInvocationInterceptor.java:97)
	at org.springframework.aop.framework.ReflectiveMethodInvocation.proceed(ReflectiveMethodInvocation.java:184)
	at org.springframework.aop.framework.JdkDynamicAopProxy.invoke(JdkDynamicAopProxy.java:249)
	at jdk.proxy2/jdk.proxy2.$Proxy146.findById(Unknown Source)
	at com.example.cco.settlement.SettlementServiceImpl.getSettlementDetail(SettlementServiceImpl.java:564)
	at java.base/jdk.internal.reflect.NativeMethodAccessorImpl.invoke0(Native Method)
	at java.base/jdk.internal.reflect.NativeMethodAccessorImpl.invoke(NativeMethodAccessorImpl.java:77)
	at java.base/jdk.internal.reflect.DelegatingMethodAccessorImpl.invoke(DelegatingMethodAccessorImpl.java:43)
	at java.base/java.lang.reflect.Method.invoke(Method.java:569)
	at org.springframework.aop.support.AopUtils.invokeJoinpointUsingReflection(AopUtils.java:352)
	at org.springframework.aop.framework.ReflectiveMethodInvocation.invokeJoinpoint(ReflectiveMethodInvocation.java:196)
	at org.springframework.aop.framework.ReflectiveMethodInvocation.proceed(ReflectiveMethodInvocation.java:163)
	at org.springframework.aop.framework.CglibAopProxy$CglibMethodInvocation.proceed(CglibAopProxy.java:765)
	at org.springframework.transaction.interceptor.TransactionInterceptor$1.proceedWithInvocation(TransactionInterceptor.java:123)
	at org.springframework.transaction.interceptor.TransactionAspectSupport.invokeWithinTransaction(TransactionAspectSupport.java:385)
	at org.springframework.transaction.interceptor.TransactionInterceptor.invoke(TransactionInterceptor.java:119)
	at org.springframework.aop.framework.ReflectiveMethodInvocation.proceed(ReflectiveMethodInvocation.java:184)
	at org.springframework.aop.framework.CglibAopProxy$CglibMethodInvocation.proceed(CglibAopProxy.java:765)
	at org.springframework.aop.framework.CglibAopProxy$DynamicAdvisedInterceptor.intercept(CglibAopProxy.java:717)
	at com.example.cco.settlement.SettlementServiceImpl$$SpringCGLIB$$0.getSettlementDetail(<generated>)
	at com.example.cco.settlement.SettlementController.getSettlementDetail(SettlementController.java:79)
	at java.base/jdk.internal.reflect.NativeMethodAccessorImpl.invoke0(Native Method)
	at java.base/jdk.internal.reflect.NativeMethodAccessorImpl.invoke(NativeMethodAccessorImpl.java:77)
	at java.base/jdk.internal.reflect.DelegatingMethodAccessorImpl.invoke(DelegatingMethodAccessorImpl.java:43)
	at java.base/java.lang.reflect.Method.invoke(Method.java:569)
	at org.springframework.web.method.support.InvocableHandlerMethod.doInvoke(InvocableHandlerMethod.java:254)
	at org.springframework.web.method.support.InvocableHandlerMethod.invokeForRequest(InvocableHandlerMethod.java:182)
	at org.springframework.web.servlet.mvc.method.annotation.ServletInvocableHandlerMethod.invokeAndHandle(ServletInvocableHandlerMethod.java:118)
	at org.springframework.web.servlet.mvc.method.annotation.RequestMappingHandlerAdapter.invokeHandlerMethod(RequestMappingHandlerAdapter.java:917)
	at org.springframework.web.servlet.mvc.method.annotation.RequestMappingHandlerAdapter.handleInternal(RequestMappingHandlerAdapter.java:829)
	at org.springframework.web.servlet.mvc.method.AbstractHandlerMethodAdapter.handle(AbstractHandlerMethodAdapter.java:87)
	at org.springframework.web.servlet.DispatcherServlet.doDispatch(DispatcherServlet.java:1089)
	at org.springframework.web.servlet.DispatcherServlet.doService(DispatcherServlet.java:979)
	at org.springframework.web.servlet.FrameworkServlet.processRequest(FrameworkServlet.java:1014)
	at org.springframework.web.servlet.FrameworkServlet.doGet(FrameworkServlet.java:903)
	at jakarta.servlet.http.HttpServlet.service(HttpServlet.java:564)
	at org.springframework.web.servlet.FrameworkServlet.service(FrameworkServlet.java:885)
	at jakarta.servlet.http.HttpServlet.service(HttpServlet.java:658)
	at org.apache.catalina.core.ApplicationFilterChain.internalDoFilter(ApplicationFilterChain.java:205)
	at org.apache.catalina.core.ApplicationFilterChain.doFilter(ApplicationFilterChain.java:149)
	at org.apache.tomcat.websocket.server.WsFilter.doFilter(WsFilter.java:51)
	at org.apache.catalina.core.ApplicationFilterChain.internalDoFilter(ApplicationFilterChain.java:174)
	at org.apache.catalina.core.ApplicationFilterChain.doFilter(ApplicationFilterChain.java:149)
	at org.springframework.security.web.FilterChainProxy.lambda$doFilterInternal$3(FilterChainProxy.java:231)
	at org.springframework.security.web.FilterChainProxy$VirtualFilterChain.doFilter(FilterChainProxy.java:365)
	at org.springframework.security.web.access.intercept.AuthorizationFilter.doFilter(AuthorizationFilter.java:100)
	at org.springframework.security.web.FilterChainProxy$VirtualFilterChain.doFilter(FilterChainProxy.java:374)
	at org.springframework.security.web.access.ExceptionTranslationFilter.doFilter(ExceptionTranslationFilter.java:126)
	at org.springframework.security.web.access.ExceptionTranslationFilter.doFilter(ExceptionTranslationFilter.java:120)
	at org.springframework.security.web.FilterChainProxy$VirtualFilterChain.doFilter(FilterChainProxy.java:374)
	at org.springframework.security.web.session.SessionManagementFilter.doFilter(SessionManagementFilter.java:131)
	at org.springframework.security.web.session.SessionManagementFilter.doFilter(SessionManagementFilter.java:85)
	at org.springframework.security.web.FilterChainProxy$VirtualFilterChain.doFilter(FilterChainProxy.java:374)
	at org.springframework.security.web.authentication.AnonymousAuthenticationFilter.doFilter(AnonymousAuthenticationFilter.java:100)
	at org.springframework.security.web.FilterChainProxy$VirtualFilterChain.doFilter(FilterChainProxy.java:374)
	at org.springframework.security.web.servletapi.SecurityContextHolderAwareRequestFilter.doFilter(SecurityContextHolderAwareRequestFilter.java:179)
	at org.springframework.security.web.FilterChainProxy$VirtualFilterChain.doFilter(FilterChainProxy.java:374)
	at org.springframework.security.web.savedrequest.RequestCacheAwareFilter.doFilter(RequestCacheAwareFilter.java:63)
	at org.springframework.security.web.FilterChainProxy$VirtualFilterChain.doFilter(FilterChainProxy.java:374)
	at org.springframework.security.web.authentication.AbstractAuthenticationProcessingFilter.doFilter(AbstractAuthenticationProcessingFilter.java:227)
	at org.springframework.security.web.authentication.AbstractAuthenticationProcessingFilter.doFilter(AbstractAuthenticationProcessingFilter.java:221)
	at org.springframework.security.web.FilterChainProxy$VirtualFilterChain.doFilter(FilterChainProxy.java:374)
	at com.example.cco.security.JwtAuthorizationFilter.doFilterInternal(JwtAuthorizationFilter.java:48)
	at org.springframework.web.filter.OncePerRequestFilter.doFilter(OncePerRequestFilter.java:116)
	at org.springframework.security.web.FilterChainProxy$VirtualFilterChain.doFilter(FilterChainProxy.java:374)
	at org.springframework.security.web.authentication.logout.LogoutFilter.doFilter(LogoutFilter.java:107)
	at org.springframework.security.web.authentication.logout.LogoutFilter.doFilter(LogoutFilter.java:93)
	at org.springframework.security.web.FilterChainProxy$VirtualFilterChain.doFilter(FilterChainProxy.java:374)
	at org.springframework.web.filter.CorsFilter.doFilterInternal(CorsFilter.java:91)
	at org.springframework.web.filter.OncePerRequestFilter.doFilter(OncePerRequestFilter.java:116)
	at org.springframework.security.web.FilterChainProxy$VirtualFilterChain.doFilter(FilterChainProxy.java:374)
	at org.springframework.security.web.header.HeaderWriterFilter.doHeadersAfter(HeaderWriterFilter.java:90)
	at org.springframework.security.web.header.HeaderWriterFilter.doFilterInternal(HeaderWriterFilter.java:75)
	at org.springframework.web.filter.OncePerRequestFilter.doFilter(OncePerRequestFilter.java:116)
	at org.springframework.security.web.FilterChainProxy$VirtualFilterChain.doFilter(FilterChainProxy.java:374)
	at org.springframework.security.web.context.SecurityContextHolderFilter.doFilter(SecurityContextHolderFilter.java:82)
	at org.springframework.security.web.context.SecurityContextHolderFilter.doFilter(SecurityContextHolderFilter.java:69)
	at org.springframework.security.web.FilterChainProxy$VirtualFilterChain.doFilter(FilterChainProxy.java:374)
	at org.springframework.security.web.context.request.async.WebAsyncManagerIntegrationFilter.doFilterInternal(WebAsyncManagerIntegrationFilter.java:62)
	at org.springframework.web.filter.OncePerRequestFilter.doFilter(OncePerRequestFilter.java:116)
	at org.springframework.security.web.FilterChainProxy$VirtualFilterChain.doFilter(FilterChainProxy.java:374)
	at org.springframework.security.web.session.DisableEncodeUrlFilter.doFilterInternal(DisableEncodeUrlFilter.java:42)
	at org.springframework.web.filter.OncePerRequestFilter.doFilter(OncePerRequestFilter.java:116)
	at org.springframework.security.web.FilterChainProxy$VirtualFilterChain.doFilter(FilterChainProxy.java:374)
	at org.springframework.security.web.FilterChainProxy.doFilterInternal(FilterChainProxy.java:233)
	at org.springframework.security.web.FilterChainProxy.doFilter(FilterChainProxy.java:191)
	at org.springframework.web.filter.DelegatingFilterProxy.invokeDelegate(DelegatingFilterProxy.java:352)
	at org.springframework.web.filter.DelegatingFilterProxy.doFilter(DelegatingFilterProxy.java:268)
	at org.apache.catalina.core.ApplicationFilterChain.internalDoFilter(ApplicationFilterChain.java:174)
	at org.apache.catalina.core.ApplicationFilterChain.doFilter(ApplicationFilterChain.java:149)
	at org.springframework.web.filter.RequestContextFilter.doFilterInternal(RequestContextFilter.java:100)
	at org.springframework.web.filter.OncePerRequestFilter.doFilter(OncePerRequestFilter.java:116)
	at org.apache.catalina.core.ApplicationFilterChain.internalDoFilter(ApplicationFilterChain.java:174)
	at org.apache.catalina.core.ApplicationFilterChain.doFilter(ApplicationFilterChain.java:149)
	at org.springframework.web.filter.FormContentFilter.doFilterInternal(FormContentFilter.java:93)
	at org.springframework.web.filter.OncePerRequestFilter.doFilter(OncePerRequestFilter.java:116)
	at org.apache.catalina.core.ApplicationFilterChain.internalDoFilter(ApplicationFilterChain.java:174)
	at org.apache.catalina.core.ApplicationFilterChain.doFilter(ApplicationFilterChain.java:149)
	at org.springframework.web.filter.CharacterEncodingFilter.doFilterInternal(CharacterEncodingFilter.java:201)
	at org.springframework.web.filter.OncePerRequestFilter.doFilter(OncePerRequestFilter.java:116)
	at org.apache.catalina.core.ApplicationFilterChain.internalDoFilter(ApplicationFilterChain.java:174)
	at org.apache.catalina.core.ApplicationFilterChain.doFilter(ApplicationFilterChain.java:149)
	at org.apache.catalina.core.StandardWrapperValve.invoke(StandardWrapperValve.java:167)
	at org.apache.catalina.core.StandardContextValve.invoke(StandardContextValve.java:90)
	at org.apache.catalina.authenticator.AuthenticatorBase.invoke(AuthenticatorBase.java:482)
	at org.apache.catalina.core.StandardHostValve.invoke(StandardHostValve.java:115)
	at org.apache.catalina.valves.ErrorReportValve.invoke(ErrorReportValve.java:93)
	at org.apache.catalina.core.StandardEngineValve.invoke(StandardEngineValve.java:74)
	at org.apache.catalina.connector.CoyoteAdapter.service(CoyoteAdapter.java:340)
	at org.apache.coyote.http11.Http11Processor.service(Http11Processor.java:391)
	at org.apache.coyote.AbstractProcessorLight.process(AbstractProcessorLight.java:63)
	at org.apache.coyote.AbstractProtocol$ConnectionHandler.process(AbstractProtocol.java:896)
	at org.apache.tomcat.util.net.NioEndpoint$SocketProcessor.doRun(NioEndpoint.java:1744)
	at org.apache.tomcat.util.net.SocketProcessorBase.run(SocketProcessorBase.java:52)
	at org.apache.tomcat.util.threads.ThreadPoolExecutor.runWorker(ThreadPoolExecutor.java:1191)
	at org.apache.tomcat.util.threads.ThreadPoolExecutor$Worker.run(ThreadPoolExecutor.java:659)
	at org.apache.tomcat.util.threads.TaskThread$WrappingRunnable.run(TaskThread.java:61)
	at java.base/java.lang.Thread.run(Thread.java:840)
Caused by: org.hibernate.exception.SQLGrammarException: JDBC exception executing SQL [select vte1_0.pkey,vte1_0.a1card,vte1_0.a1card_note,vte1_0.a1cash,vte1_0.a1cash_note,vte1_0.a1extra1,vte1_0.a1extra1name,vte1_0.a1extra1note,vte1_0.a1extra2,vte1_0.a1extra2name,vte1_0.a1extra2note,vte1_0.a1extra3,vte1_0.a1extra3name,vte1_0.a1extra3note,vte1_0.a1extra4,vte1_0.a1extra4name,vte1_0.a1extra4note,vte1_0.a1extra5,vte1_0.a1extra5name,vte1_0.a1extra5note,vte1_0.a1tax,vte1_0.a1tax_note,vte1_0.active_yn,vte1_0.a_total,vte1_0.b1electricity,vte1_0.b1electricity_note,vte1_0.b1etc_expense,vte1_0.b1etc_expense_note,vte1_0.b1extra1,vte1_0.b1extra1name,vte1_0.b1extra1note,vte1_0.b1extra2,vte1_0.b1extra2name,vte1_0.b1extra2note,vte1_0.b1extra3,vte1_0.b1extra3name,vte1_0.b1extra3note,vte1_0.b1extra4,vte1_0.b1extra4name,vte1_0.b1extra4note,vte1_0.b1extra5,vte1_0.b1extra5name,vte1_0.b1extra5note,vte1_0.b1gas,vte1_0.b1gas_note,vte1_0.b1internet,vte1_0.b1internet_note,vte1_0.b1maint,vte1_0.b1maint_note,vte1_0.b1rent,vte1_0.b1rent_note,vte1_0.b2charge,vte1_0.b2charge_note,vte1_0.b3etc,vte1_0.b3etc_note,vte1_0.b3extra1,vte1_0.b3extra1name,vte1_0.b3extra1note,vte1_0.b3extra2,vte1_0.b3extra2name,vte1_0.b3extra2note,vte1_0.b3extra3,vte1_0.b3extra3name,vte1_0.b3extra3note,vte1_0.b3extra4,vte1_0.b3extra4name,vte1_0.b3extra4note,vte1_0.b3extra5,vte1_0.b3extra5name,vte1_0.b3extra5note,vte1_0.b3material,vte1_0.b3material_note,vte1_0.b4donation,vte1_0.b4donation_note,vte1_0.b4extra1,vte1_0.b4extra1name,vte1_0.b4extra1note,vte1_0.b4extra2,vte1_0.b4extra2name,vte1_0.b4extra2note,vte1_0.b4extra3,vte1_0.b4extra3name,vte1_0.b4extra3note,vte1_0.b4extra4,vte1_0.b4extra4name,vte1_0.b4extra4note,vte1_0.b4extra5,vte1_0.b4extra5name,vte1_0.b4extra5note,vte1_0.b4init_product,vte1_0.b4init_product_note,vte1_0.bank,vte1_0.bank_account,vte1_0.bank_account_number,vte1_0.brand_cd,vte1_0.brand_name,vte1_0.b_total,vte1_0.c1card_fee,vte1_0.c1card_fee_note,vte1_0.c1electricity,vte1_0.c1electricity_note,vte1_0.c1etc_expense,vte1_0.c1etc_expense_note,vte1_0.c1extra1,vte1_0.c1extra1name,vte1_0.c1extra1note,vte1_0.c1extra2,vte1_0.c1extra2name,vte1_0.c1extra2note,vte1_0.c1extra3,vte1_0.c1extra3name,vte1_0.c1extra3note,vte1_0.c1extra4,vte1_0.c1extra4name,vte1_0.c1extra4note,vte1_0.c1extra5,vte1_0.c1extra5name,vte1_0.c1extra5note,vte1_0.c1gas,vte1_0.c1gas_note,vte1_0.c1insurance,vte1_0.c1insurance_note,vte1_0.c1rent,vte1_0.c1rent_note,vte1_0.c1water,vte1_0.c1water_note,vte1_0.c2extra1,vte1_0.c2extra1name,vte1_0.c2extra1note,vte1_0.c2extra2,vte1_0.c2extra2name,vte1_0.c2extra2note,vte1_0.c2extra3,vte1_0.c2extra3name,vte1_0.c2extra3note,vte1_0.c2extra4,vte1_0.c2extra4name,vte1_0.c2extra4note,vte1_0.c2extra5,vte1_0.c2extra5name,vte1_0.c2extra5note,vte1_0.c2interest_cost,vte1_0.c2interest_cost_note,vte1_0.closed_yn,vte1_0.d1carryover,vte1_0.d1carryover_note,vte1_0.d1extra1,vte1_0.d1extra1name,vte1_0.d1extra1note,vte1_0.d1extra2,vte1_0.d1extra2name,vte1_0.d1extra2note,vte1_0.d1extra3,vte1_0.d1extra3name,vte1_0.d1extra3note,vte1_0.d1extra4,vte1_0.d1extra4name,vte1_0.d1extra4note,vte1_0.d1extra5,vte1_0.d1extra5name,vte1_0.d1extra5note,vte1_0.d1material,vte1_0.d1material_note,vte1_0.d1store_maint,vte1_0.d1store_maint_note,vte1_0.d2cash,vte1_0.d2cash_note,vte1_0.d2extra1,vte1_0.d2extra1name,vte1_0.d2extra1note,vte1_0.d2extra2,vte1_0.d2extra2name,vte1_0.d2extra2note,vte1_0.d2extra3,vte1_0.d2extra3name,vte1_0.d2extra3note,vte1_0.d2extra4,vte1_0.d2extra4name,vte1_0.d2extra4note,vte1_0.d2extra5,vte1_0.d2extra5name,vte1_0.d2extra5note,vte1_0.d3extra1,vte1_0.d3extra1name,vte1_0.d3extra1note,vte1_0.d3extra2,vte1_0.d3extra2name,vte1_0.d3extra2note,vte1_0.d3extra3,vte1_0.d3extra3name,vte1_0.d3extra3note,vte1_0.d3extra4,vte1_0.d3extra4name,vte1_0.d3extra4note,vte1_0.d3extra5,vte1_0.d3extra5name,vte1_0.d3extra5note,vte1_0.d3init_product,vte1_0.d3init_product_note,vte1_0.d3rent,vte1_0.d3rent_note,vte1_0.deposit_amount,vte1_0.insert_timestamp,vte1_0.owner,vte1_0.phone,vte1_0.sales_profit,vte1_0.settle_amount,vte1_0.settlement_amount,vte1_0.settlement_cd,vte1_0.settlement_title,vte1_0.settlement_ymd,vte1_0.src_a1card,vte1_0.src_a1cash,vte1_0.src_b1electricity,vte1_0.src_b3material,vte1_0.src_c1card_fee,vte1_0.src_d1material,vte1_0.store_code,vte1_0.store_name,vte1_0.update_timestamp from cnco.vsettlement_total vte1_0 where vte1_0.pkey=?] [ERROR: column vte1_0.settle_amount does not exist
  Position: 3893] [n/a]
	at org.hibernate.exception.internal.SQLStateConversionDelegate.convert(SQLStateConversionDelegate.java:91)
	at org.hibernate.exception.internal.StandardSQLExceptionConverter.convert(StandardSQLExceptionConverter.java:58)
	at org.hibernate.engine.jdbc.spi.SqlExceptionHelper.convert(SqlExceptionHelper.java:108)
	at org.hibernate.engine.jdbc.spi.SqlExceptionHelper.convert(SqlExceptionHelper.java:94)
	at org.hibernate.sql.results.jdbc.internal.DeferredResultSetAccess.executeQuery(DeferredResultSetAccess.java:258)
	at org.hibernate.sql.results.jdbc.internal.DeferredResultSetAccess.getResultSet(DeferredResultSetAccess.java:164)
	at org.hibernate.sql.results.jdbc.internal.JdbcValuesResultSetImpl.advanceNext(JdbcValuesResultSetImpl.java:218)
	at org.hibernate.sql.results.jdbc.internal.JdbcValuesResultSetImpl.processNext(JdbcValuesResultSetImpl.java:98)
	at org.hibernate.sql.results.jdbc.internal.AbstractJdbcValues.next(AbstractJdbcValues.java:19)
	at org.hibernate.sql.results.internal.RowProcessingStateStandardImpl.next(RowProcessingStateStandardImpl.java:66)
	at org.hibernate.sql.results.spi.ListResultsConsumer.consume(ListResultsConsumer.java:186)
	at org.hibernate.sql.results.spi.ListResultsConsumer.consume(ListResultsConsumer.java:33)
	at org.hibernate.sql.exec.internal.JdbcSelectExecutorStandardImpl.doExecuteQuery(JdbcSelectExecutorStandardImpl.java:361)
	at org.hibernate.sql.exec.internal.JdbcSelectExecutorStandardImpl.executeQuery(JdbcSelectExecutorStandardImpl.java:168)
	at org.hibernate.sql.exec.internal.JdbcSelectExecutorStandardImpl.list(JdbcSelectExecutorStandardImpl.java:93)
	at org.hibernate.sql.exec.spi.JdbcSelectExecutor.list(JdbcSelectExecutor.java:31)
	at org.hibernate.loader.ast.internal.SingleIdLoadPlan.load(SingleIdLoadPlan.java:145)
	at org.hibernate.loader.ast.internal.SingleIdLoadPlan.load(SingleIdLoadPlan.java:117)
	at org.hibernate.loader.ast.internal.SingleIdEntityLoaderStandardImpl.load(SingleIdEntityLoaderStandardImpl.java:75)
	at org.hibernate.persister.entity.AbstractEntityPersister.doLoad(AbstractEntityPersister.java:3673)
	at org.hibernate.persister.entity.AbstractEntityPersister.load(AbstractEntityPersister.java:3662)
	at org.hibernate.event.internal.DefaultLoadEventListener.loadFromDatasource(DefaultLoadEventListener.java:591)
	at org.hibernate.event.internal.DefaultLoadEventListener.loadFromCacheOrDatasource(DefaultLoadEventListener.java:577)
	at org.hibernate.event.internal.DefaultLoadEventListener.load(DefaultLoadEventListener.java:547)
	at org.hibernate.event.internal.DefaultLoadEventListener.doLoad(DefaultLoadEventListener.java:531)
	at org.hibernate.event.internal.DefaultLoadEventListener.load(DefaultLoadEventListener.java:206)
	at org.hibernate.event.internal.DefaultLoadEventListener.loadWithRegularProxy(DefaultLoadEventListener.java:286)
	at org.hibernate.event.internal.DefaultLoadEventListener.proxyOrLoad(DefaultLoadEventListener.java:241)
	at org.hibernate.event.internal.DefaultLoadEventListener.doOnLoad(DefaultLoadEventListener.java:110)
	at org.hibernate.event.internal.DefaultLoadEventListener.onLoad(DefaultLoadEventListener.java:67)
	at org.hibernate.event.service.internal.EventListenerGroupImpl.fireEventOnEachListener(EventListenerGroupImpl.java:138)
	at org.hibernate.internal.SessionImpl.fireLoadNoChecks(SessionImpl.java:1234)
	at org.hibernate.internal.SessionImpl.fireLoad(SessionImpl.java:1222)
	at org.hibernate.loader.internal.IdentifierLoadAccessImpl.load(IdentifierLoadAccessImpl.java:209)
	at org.hibernate.loader.internal.IdentifierLoadAccessImpl.doLoad(IdentifierLoadAccessImpl.java:160)
	at org.hibernate.loader.internal.IdentifierLoadAccessImpl.lambda$load$1(IdentifierLoadAccessImpl.java:149)
	at org.hibernate.loader.internal.IdentifierLoadAccessImpl.perform(IdentifierLoadAccessImpl.java:112)
	at org.hibernate.loader.internal.IdentifierLoadAccessImpl.load(IdentifierLoadAccessImpl.java:149)
	at org.hibernate.internal.SessionImpl.find(SessionImpl.java:2430)
	at org.hibernate.internal.SessionImpl.find(SessionImpl.java:2401)
	at java.base/jdk.internal.reflect.NativeMethodAccessorImpl.invoke0(Native Method)
	at java.base/jdk.internal.reflect.NativeMethodAccessorImpl.invoke(NativeMethodAccessorImpl.java:77)
	at java.base/jdk.internal.reflect.DelegatingMethodAccessorImpl.invoke(DelegatingMethodAccessorImpl.java:43)
	at java.base/java.lang.reflect.Method.invoke(Method.java:569)
	at org.springframework.orm.jpa.ExtendedEntityManagerCreator$ExtendedEntityManagerInvocationHandler.invoke(ExtendedEntityManagerCreator.java:360)
	at jdk.proxy2/jdk.proxy2.$Proxy134.find(Unknown Source)
	at java.base/jdk.internal.reflect.NativeMethodAccessorImpl.invoke0(Native Method)
	at java.base/jdk.internal.reflect.NativeMethodAccessorImpl.invoke(NativeMethodAccessorImpl.java:77)
	at java.base/jdk.internal.reflect.DelegatingMethodAccessorImpl.invoke(DelegatingMethodAccessorImpl.java:43)
	at java.base/java.lang.reflect.Method.invoke(Method.java:569)
	at org.springframework.orm.jpa.SharedEntityManagerCreator$SharedEntityManagerInvocationHandler.invoke(SharedEntityManagerCreator.java:311)
	at jdk.proxy2/jdk.proxy2.$Proxy134.find(Unknown Source)
	at org.springframework.data.jpa.repository.support.SimpleJpaRepository.findById(SimpleJpaRepository.java:313)
	at java.base/jdk.internal.reflect.NativeMethodAccessorImpl.invoke0(Native Method)
	at java.base/jdk.internal.reflect.NativeMethodAccessorImpl.invoke(NativeMethodAccessorImpl.java:77)
	at java.base/jdk.internal.reflect.DelegatingMethodAccessorImpl.invoke(DelegatingMethodAccessorImpl.java:43)
	at java.base/java.lang.reflect.Method.invoke(Method.java:569)
	at org.springframework.aop.support.AopUtils.invokeJoinpointUsingReflection(AopUtils.java:352)
	at org.springframework.data.repository.core.support.RepositoryMethodInvoker$RepositoryFragmentMethodInvoker.lambda$new$0(RepositoryMethodInvoker.java:277)
	at org.springframework.data.repository.core.support.RepositoryMethodInvoker.doInvoke(RepositoryMethodInvoker.java:170)
	at org.springframework.data.repository.core.support.RepositoryMethodInvoker.invoke(RepositoryMethodInvoker.java:158)
	at org.springframework.data.repository.core.support.RepositoryComposition$RepositoryFragments.invoke(RepositoryComposition.java:516)
	at org.springframework.data.repository.core.support.RepositoryComposition.invoke(RepositoryComposition.java:285)
	at org.springframework.data.repository.core.support.RepositoryFactorySupport$ImplementationMethodExecutionInterceptor.invoke(RepositoryFactorySupport.java:628)
	at org.springframework.aop.framework.ReflectiveMethodInvocation.proceed(ReflectiveMethodInvocation.java:184)
	at org.springframework.data.repository.core.support.QueryExecutorMethodInterceptor.doInvoke(QueryExecutorMethodInterceptor.java:168)
	at org.springframework.data.repository.core.support.QueryExecutorMethodInterceptor.invoke(QueryExecutorMethodInterceptor.java:143)
	at org.springframework.aop.framework.ReflectiveMethodInvocation.proceed(ReflectiveMethodInvocation.java:184)
	at org.springframework.data.projection.DefaultMethodInvokingMethodInterceptor.invoke(DefaultMethodInvokingMethodInterceptor.java:70)
	at org.springframework.aop.framework.ReflectiveMethodInvocation.proceed(ReflectiveMethodInvocation.java:184)
	at org.springframework.transaction.interceptor.TransactionInterceptor$1.proceedWithInvocation(TransactionInterceptor.java:123)
	at org.springframework.transaction.interceptor.TransactionAspectSupport.invokeWithinTransaction(TransactionAspectSupport.java:385)
	at org.springframework.transaction.interceptor.TransactionInterceptor.invoke(TransactionInterceptor.java:119)
	at org.springframework.aop.framework.ReflectiveMethodInvocation.proceed(ReflectiveMethodInvocation.java:184)
	at org.springframework.dao.support.PersistenceExceptionTranslationInterceptor.invoke(PersistenceExceptionTranslationInterceptor.java:137)
	... 121 more
Caused by: org.postgresql.util.PSQLException: ERROR: column vte1_0.settle_amount does not exist
  Position: 3893
	at org.postgresql.core.v3.QueryExecutorImpl.receiveErrorResponse(QueryExecutorImpl.java:2713)
	at org.postgresql.core.v3.QueryExecutorImpl.processResults(QueryExecutorImpl.java:2401)
	at org.postgresql.core.v3.QueryExecutorImpl.execute(QueryExecutorImpl.java:368)
	at org.postgresql.jdbc.PgStatement.executeInternal(PgStatement.java:498)
	at org.postgresql.jdbc.PgStatement.execute(PgStatement.java:415)
	at org.postgresql.jdbc.PgPreparedStatement.executeWithFlags(PgPreparedStatement.java:190)
	at org.postgresql.jdbc.PgPreparedStatement.executeQuery(PgPreparedStatement.java:134)
	at com.zaxxer.hikari.pool.ProxyPreparedStatement.executeQuery(ProxyPreparedStatement.java:52)
	at com.zaxxer.hikari.pool.HikariProxyPreparedStatement.executeQuery(HikariProxyPreparedStatement.java)
	at org.hibernate.sql.results.jdbc.internal.DeferredResultSetAccess.executeQuery(DeferredResultSetAccess.java:240)
	... 191 more

2025-04-30T08:27:23.460+09:00  INFO 16156 --- [http-nio-4080-exec-8] c.e.cco.security.JwtAuthorizationFilter  : token =eyJhbGciOiJIUzUxMiJ9.eyJzdWIiOiJhZG1pbiIsInJvbGUiOiJBRE1JTiIsImlhdCI6MTc0NTk2OTIzNywiZXhwIjoxNzQ1OTk4MDM3fQ.wiA_QqMmtrXJb4uNDkhaCfIK3bC8lZxSd3ID7_G7j-8l50Fxom-SdwSZGTmZp6ugeUaqXdXNiH8-1-s7fcZFCw
2025-04-30T08:27:23.463+09:00  INFO 16156 --- [http-nio-4080-exec-8] c.example.cco.security.JwtTokenProvider  : Wed Apr 30 08:27:23 KST 2025
2025-04-30T08:27:23.465+09:00  INFO 16156 --- [http-nio-4080-exec-8] c.example.cco.security.JwtTokenProvider  : false
2025-04-30T08:27:24.607+09:00  INFO 16156 --- [http-nio-4080-exec-7] c.e.cco.security.JwtAuthorizationFilter  : token =eyJhbGciOiJIUzUxMiJ9.eyJzdWIiOiJhZG1pbiIsInJvbGUiOiJBRE1JTiIsImlhdCI6MTc0NTk2OTIzNywiZXhwIjoxNzQ1OTk4MDM3fQ.wiA_QqMmtrXJb4uNDkhaCfIK3bC8lZxSd3ID7_G7j-8l50Fxom-SdwSZGTmZp6ugeUaqXdXNiH8-1-s7fcZFCw
2025-04-30T08:27:24.609+09:00  INFO 16156 --- [http-nio-4080-exec-7] c.example.cco.security.JwtTokenProvider  : Wed Apr 30 08:27:24 KST 2025
2025-04-30T08:27:24.609+09:00  INFO 16156 --- [http-nio-4080-exec-7] c.example.cco.security.JwtTokenProvider  : false
2025-04-30T08:27:24.619+09:00  WARN 16156 --- [http-nio-4080-exec-7] o.h.engine.jdbc.spi.SqlExceptionHelper   : SQL Error: 0, SQLState: 42703
2025-04-30T08:27:24.619+09:00 ERROR 16156 --- [http-nio-4080-exec-7] o.h.engine.jdbc.spi.SqlExceptionHelper   : ERROR: column vte1_0.settle_amount does not exist
  Position: 3893
2025-04-30T08:27:24.619+09:00  INFO 16156 --- [http-nio-4080-exec-7] o.h.e.internal.DefaultLoadEventListener  : HHH000327: Error performing load command

org.hibernate.exception.SQLGrammarException: JDBC exception executing SQL [select vte1_0.pkey,vte1_0.a1card,vte1_0.a1card_note,vte1_0.a1cash,vte1_0.a1cash_note,vte1_0.a1extra1,vte1_0.a1extra1name,vte1_0.a1extra1note,vte1_0.a1extra2,vte1_0.a1extra2name,vte1_0.a1extra2note,vte1_0.a1extra3,vte1_0.a1extra3name,vte1_0.a1extra3note,vte1_0.a1extra4,vte1_0.a1extra4name,vte1_0.a1extra4note,vte1_0.a1extra5,vte1_0.a1extra5name,vte1_0.a1extra5note,vte1_0.a1tax,vte1_0.a1tax_note,vte1_0.active_yn,vte1_0.a_total,vte1_0.b1electricity,vte1_0.b1electricity_note,vte1_0.b1etc_expense,vte1_0.b1etc_expense_note,vte1_0.b1extra1,vte1_0.b1extra1name,vte1_0.b1extra1note,vte1_0.b1extra2,vte1_0.b1extra2name,vte1_0.b1extra2note,vte1_0.b1extra3,vte1_0.b1extra3name,vte1_0.b1extra3note,vte1_0.b1extra4,vte1_0.b1extra4name,vte1_0.b1extra4note,vte1_0.b1extra5,vte1_0.b1extra5name,vte1_0.b1extra5note,vte1_0.b1gas,vte1_0.b1gas_note,vte1_0.b1internet,vte1_0.b1internet_note,vte1_0.b1maint,vte1_0.b1maint_note,vte1_0.b1rent,vte1_0.b1rent_note,vte1_0.b2charge,vte1_0.b2charge_note,vte1_0.b3etc,vte1_0.b3etc_note,vte1_0.b3extra1,vte1_0.b3extra1name,vte1_0.b3extra1note,vte1_0.b3extra2,vte1_0.b3extra2name,vte1_0.b3extra2note,vte1_0.b3extra3,vte1_0.b3extra3name,vte1_0.b3extra3note,vte1_0.b3extra4,vte1_0.b3extra4name,vte1_0.b3extra4note,vte1_0.b3extra5,vte1_0.b3extra5name,vte1_0.b3extra5note,vte1_0.b3material,vte1_0.b3material_note,vte1_0.b4donation,vte1_0.b4donation_note,vte1_0.b4extra1,vte1_0.b4extra1name,vte1_0.b4extra1note,vte1_0.b4extra2,vte1_0.b4extra2name,vte1_0.b4extra2note,vte1_0.b4extra3,vte1_0.b4extra3name,vte1_0.b4extra3note,vte1_0.b4extra4,vte1_0.b4extra4name,vte1_0.b4extra4note,vte1_0.b4extra5,vte1_0.b4extra5name,vte1_0.b4extra5note,vte1_0.b4init_product,vte1_0.b4init_product_note,vte1_0.bank,vte1_0.bank_account,vte1_0.bank_account_number,vte1_0.brand_cd,vte1_0.brand_name,vte1_0.b_total,vte1_0.c1card_fee,vte1_0.c1card_fee_note,vte1_0.c1electricity,vte1_0.c1electricity_note,vte1_0.c1etc_expense,vte1_0.c1etc_expense_note,vte1_0.c1extra1,vte1_0.c1extra1name,vte1_0.c1extra1note,vte1_0.c1extra2,vte1_0.c1extra2name,vte1_0.c1extra2note,vte1_0.c1extra3,vte1_0.c1extra3name,vte1_0.c1extra3note,vte1_0.c1extra4,vte1_0.c1extra4name,vte1_0.c1extra4note,vte1_0.c1extra5,vte1_0.c1extra5name,vte1_0.c1extra5note,vte1_0.c1gas,vte1_0.c1gas_note,vte1_0.c1insurance,vte1_0.c1insurance_note,vte1_0.c1rent,vte1_0.c1rent_note,vte1_0.c1water,vte1_0.c1water_note,vte1_0.c2extra1,vte1_0.c2extra1name,vte1_0.c2extra1note,vte1_0.c2extra2,vte1_0.c2extra2name,vte1_0.c2extra2note,vte1_0.c2extra3,vte1_0.c2extra3name,vte1_0.c2extra3note,vte1_0.c2extra4,vte1_0.c2extra4name,vte1_0.c2extra4note,vte1_0.c2extra5,vte1_0.c2extra5name,vte1_0.c2extra5note,vte1_0.c2interest_cost,vte1_0.c2interest_cost_note,vte1_0.closed_yn,vte1_0.d1carryover,vte1_0.d1carryover_note,vte1_0.d1extra1,vte1_0.d1extra1name,vte1_0.d1extra1note,vte1_0.d1extra2,vte1_0.d1extra2name,vte1_0.d1extra2note,vte1_0.d1extra3,vte1_0.d1extra3name,vte1_0.d1extra3note,vte1_0.d1extra4,vte1_0.d1extra4name,vte1_0.d1extra4note,vte1_0.d1extra5,vte1_0.d1extra5name,vte1_0.d1extra5note,vte1_0.d1material,vte1_0.d1material_note,vte1_0.d1store_maint,vte1_0.d1store_maint_note,vte1_0.d2cash,vte1_0.d2cash_note,vte1_0.d2extra1,vte1_0.d2extra1name,vte1_0.d2extra1note,vte1_0.d2extra2,vte1_0.d2extra2name,vte1_0.d2extra2note,vte1_0.d2extra3,vte1_0.d2extra3name,vte1_0.d2extra3note,vte1_0.d2extra4,vte1_0.d2extra4name,vte1_0.d2extra4note,vte1_0.d2extra5,vte1_0.d2extra5name,vte1_0.d2extra5note,vte1_0.d3extra1,vte1_0.d3extra1name,vte1_0.d3extra1note,vte1_0.d3extra2,vte1_0.d3extra2name,vte1_0.d3extra2note,vte1_0.d3extra3,vte1_0.d3extra3name,vte1_0.d3extra3note,vte1_0.d3extra4,vte1_0.d3extra4name,vte1_0.d3extra4note,vte1_0.d3extra5,vte1_0.d3extra5name,vte1_0.d3extra5note,vte1_0.d3init_product,vte1_0.d3init_product_note,vte1_0.d3rent,vte1_0.d3rent_note,vte1_0.deposit_amount,vte1_0.insert_timestamp,vte1_0.owner,vte1_0.phone,vte1_0.sales_profit,vte1_0.settle_amount,vte1_0.settlement_amount,vte1_0.settlement_cd,vte1_0.settlement_title,vte1_0.settlement_ymd,vte1_0.src_a1card,vte1_0.src_a1cash,vte1_0.src_b1electricity,vte1_0.src_b3material,vte1_0.src_c1card_fee,vte1_0.src_d1material,vte1_0.store_code,vte1_0.store_name,vte1_0.update_timestamp from cnco.vsettlement_total vte1_0 where vte1_0.pkey=?] [ERROR: column vte1_0.settle_amount does not exist
  Position: 3893] [n/a]
	at org.hibernate.exception.internal.SQLStateConversionDelegate.convert(SQLStateConversionDelegate.java:91) ~[hibernate-core-6.3.1.Final.jar:6.3.1.Final]
	at org.hibernate.exception.internal.StandardSQLExceptionConverter.convert(StandardSQLExceptionConverter.java:58) ~[hibernate-core-6.3.1.Final.jar:6.3.1.Final]
	at org.hibernate.engine.jdbc.spi.SqlExceptionHelper.convert(SqlExceptionHelper.java:108) ~[hibernate-core-6.3.1.Final.jar:6.3.1.Final]
	at org.hibernate.engine.jdbc.spi.SqlExceptionHelper.convert(SqlExceptionHelper.java:94) ~[hibernate-core-6.3.1.Final.jar:6.3.1.Final]
	at org.hibernate.sql.results.jdbc.internal.DeferredResultSetAccess.executeQuery(DeferredResultSetAccess.java:258) ~[hibernate-core-6.3.1.Final.jar:6.3.1.Final]
	at org.hibernate.sql.results.jdbc.internal.DeferredResultSetAccess.getResultSet(DeferredResultSetAccess.java:164) ~[hibernate-core-6.3.1.Final.jar:6.3.1.Final]
	at org.hibernate.sql.results.jdbc.internal.JdbcValuesResultSetImpl.advanceNext(JdbcValuesResultSetImpl.java:218) ~[hibernate-core-6.3.1.Final.jar:6.3.1.Final]
	at org.hibernate.sql.results.jdbc.internal.JdbcValuesResultSetImpl.processNext(JdbcValuesResultSetImpl.java:98) ~[hibernate-core-6.3.1.Final.jar:6.3.1.Final]
	at org.hibernate.sql.results.jdbc.internal.AbstractJdbcValues.next(AbstractJdbcValues.java:19) ~[hibernate-core-6.3.1.Final.jar:6.3.1.Final]
	at org.hibernate.sql.results.internal.RowProcessingStateStandardImpl.next(RowProcessingStateStandardImpl.java:66) ~[hibernate-core-6.3.1.Final.jar:6.3.1.Final]
	at org.hibernate.sql.results.spi.ListResultsConsumer.consume(ListResultsConsumer.java:186) ~[hibernate-core-6.3.1.Final.jar:6.3.1.Final]
	at org.hibernate.sql.results.spi.ListResultsConsumer.consume(ListResultsConsumer.java:33) ~[hibernate-core-6.3.1.Final.jar:6.3.1.Final]
	at org.hibernate.sql.exec.internal.JdbcSelectExecutorStandardImpl.doExecuteQuery(JdbcSelectExecutorStandardImpl.java:361) ~[hibernate-core-6.3.1.Final.jar:6.3.1.Final]
	at org.hibernate.sql.exec.internal.JdbcSelectExecutorStandardImpl.executeQuery(JdbcSelectExecutorStandardImpl.java:168) ~[hibernate-core-6.3.1.Final.jar:6.3.1.Final]
	at org.hibernate.sql.exec.internal.JdbcSelectExecutorStandardImpl.list(JdbcSelectExecutorStandardImpl.java:93) ~[hibernate-core-6.3.1.Final.jar:6.3.1.Final]
	at org.hibernate.sql.exec.spi.JdbcSelectExecutor.list(JdbcSelectExecutor.java:31) ~[hibernate-core-6.3.1.Final.jar:6.3.1.Final]
	at org.hibernate.loader.ast.internal.SingleIdLoadPlan.load(SingleIdLoadPlan.java:145) ~[hibernate-core-6.3.1.Final.jar:6.3.1.Final]
	at org.hibernate.loader.ast.internal.SingleIdLoadPlan.load(SingleIdLoadPlan.java:117) ~[hibernate-core-6.3.1.Final.jar:6.3.1.Final]
	at org.hibernate.loader.ast.internal.SingleIdEntityLoaderStandardImpl.load(SingleIdEntityLoaderStandardImpl.java:75) ~[hibernate-core-6.3.1.Final.jar:6.3.1.Final]
	at org.hibernate.persister.entity.AbstractEntityPersister.doLoad(AbstractEntityPersister.java:3673) ~[hibernate-core-6.3.1.Final.jar:6.3.1.Final]
	at org.hibernate.persister.entity.AbstractEntityPersister.load(AbstractEntityPersister.java:3662) ~[hibernate-core-6.3.1.Final.jar:6.3.1.Final]
	at org.hibernate.event.internal.DefaultLoadEventListener.loadFromDatasource(DefaultLoadEventListener.java:591) ~[hibernate-core-6.3.1.Final.jar:6.3.1.Final]
	at org.hibernate.event.internal.DefaultLoadEventListener.loadFromCacheOrDatasource(DefaultLoadEventListener.java:577) ~[hibernate-core-6.3.1.Final.jar:6.3.1.Final]
	at org.hibernate.event.internal.DefaultLoadEventListener.load(DefaultLoadEventListener.java:547) ~[hibernate-core-6.3.1.Final.jar:6.3.1.Final]
	at org.hibernate.event.internal.DefaultLoadEventListener.doLoad(DefaultLoadEventListener.java:531) ~[hibernate-core-6.3.1.Final.jar:6.3.1.Final]
	at org.hibernate.event.internal.DefaultLoadEventListener.load(DefaultLoadEventListener.java:206) ~[hibernate-core-6.3.1.Final.jar:6.3.1.Final]
	at org.hibernate.event.internal.DefaultLoadEventListener.loadWithRegularProxy(DefaultLoadEventListener.java:286) ~[hibernate-core-6.3.1.Final.jar:6.3.1.Final]
	at org.hibernate.event.internal.DefaultLoadEventListener.proxyOrLoad(DefaultLoadEventListener.java:241) ~[hibernate-core-6.3.1.Final.jar:6.3.1.Final]
	at org.hibernate.event.internal.DefaultLoadEventListener.doOnLoad(DefaultLoadEventListener.java:110) ~[hibernate-core-6.3.1.Final.jar:6.3.1.Final]
	at org.hibernate.event.internal.DefaultLoadEventListener.onLoad(DefaultLoadEventListener.java:67) ~[hibernate-core-6.3.1.Final.jar:6.3.1.Final]
	at org.hibernate.event.service.internal.EventListenerGroupImpl.fireEventOnEachListener(EventListenerGroupImpl.java:138) ~[hibernate-core-6.3.1.Final.jar:6.3.1.Final]
	at org.hibernate.internal.SessionImpl.fireLoadNoChecks(SessionImpl.java:1234) ~[hibernate-core-6.3.1.Final.jar:6.3.1.Final]
	at org.hibernate.internal.SessionImpl.fireLoad(SessionImpl.java:1222) ~[hibernate-core-6.3.1.Final.jar:6.3.1.Final]
	at org.hibernate.loader.internal.IdentifierLoadAccessImpl.load(IdentifierLoadAccessImpl.java:209) ~[hibernate-core-6.3.1.Final.jar:6.3.1.Final]
	at org.hibernate.loader.internal.IdentifierLoadAccessImpl.doLoad(IdentifierLoadAccessImpl.java:160) ~[hibernate-core-6.3.1.Final.jar:6.3.1.Final]
	at org.hibernate.loader.internal.IdentifierLoadAccessImpl.lambda$load$1(IdentifierLoadAccessImpl.java:149) ~[hibernate-core-6.3.1.Final.jar:6.3.1.Final]
	at org.hibernate.loader.internal.IdentifierLoadAccessImpl.perform(IdentifierLoadAccessImpl.java:112) ~[hibernate-core-6.3.1.Final.jar:6.3.1.Final]
	at org.hibernate.loader.internal.IdentifierLoadAccessImpl.load(IdentifierLoadAccessImpl.java:149) ~[hibernate-core-6.3.1.Final.jar:6.3.1.Final]
	at org.hibernate.internal.SessionImpl.find(SessionImpl.java:2430) ~[hibernate-core-6.3.1.Final.jar:6.3.1.Final]
	at org.hibernate.internal.SessionImpl.find(SessionImpl.java:2401) ~[hibernate-core-6.3.1.Final.jar:6.3.1.Final]
	at java.base/jdk.internal.reflect.NativeMethodAccessorImpl.invoke0(Native Method) ~[na:na]
	at java.base/jdk.internal.reflect.NativeMethodAccessorImpl.invoke(NativeMethodAccessorImpl.java:77) ~[na:na]
	at java.base/jdk.internal.reflect.DelegatingMethodAccessorImpl.invoke(DelegatingMethodAccessorImpl.java:43) ~[na:na]
	at java.base/java.lang.reflect.Method.invoke(Method.java:569) ~[na:na]
	at org.springframework.orm.jpa.ExtendedEntityManagerCreator$ExtendedEntityManagerInvocationHandler.invoke(ExtendedEntityManagerCreator.java:360) ~[spring-orm-6.1.1.jar:6.1.1]
	at jdk.proxy2/jdk.proxy2.$Proxy134.find(Unknown Source) ~[na:na]
	at java.base/jdk.internal.reflect.NativeMethodAccessorImpl.invoke0(Native Method) ~[na:na]
	at java.base/jdk.internal.reflect.NativeMethodAccessorImpl.invoke(NativeMethodAccessorImpl.java:77) ~[na:na]
	at java.base/jdk.internal.reflect.DelegatingMethodAccessorImpl.invoke(DelegatingMethodAccessorImpl.java:43) ~[na:na]
	at java.base/java.lang.reflect.Method.invoke(Method.java:569) ~[na:na]
	at org.springframework.orm.jpa.SharedEntityManagerCreator$SharedEntityManagerInvocationHandler.invoke(SharedEntityManagerCreator.java:311) ~[spring-orm-6.1.1.jar:6.1.1]
	at jdk.proxy2/jdk.proxy2.$Proxy134.find(Unknown Source) ~[na:na]
	at org.springframework.data.jpa.repository.support.SimpleJpaRepository.findById(SimpleJpaRepository.java:313) ~[spring-data-jpa-3.2.0.jar:3.2.0]
	at java.base/jdk.internal.reflect.NativeMethodAccessorImpl.invoke0(Native Method) ~[na:na]
	at java.base/jdk.internal.reflect.NativeMethodAccessorImpl.invoke(NativeMethodAccessorImpl.java:77) ~[na:na]
	at java.base/jdk.internal.reflect.DelegatingMethodAccessorImpl.invoke(DelegatingMethodAccessorImpl.java:43) ~[na:na]
	at java.base/java.lang.reflect.Method.invoke(Method.java:569) ~[na:na]
	at org.springframework.aop.support.AopUtils.invokeJoinpointUsingReflection(AopUtils.java:352) ~[spring-aop-6.1.1.jar:6.1.1]
	at org.springframework.data.repository.core.support.RepositoryMethodInvoker$RepositoryFragmentMethodInvoker.lambda$new$0(RepositoryMethodInvoker.java:277) ~[spring-data-commons-3.2.0.jar:3.2.0]
	at org.springframework.data.repository.core.support.RepositoryMethodInvoker.doInvoke(RepositoryMethodInvoker.java:170) ~[spring-data-commons-3.2.0.jar:3.2.0]
	at org.springframework.data.repository.core.support.RepositoryMethodInvoker.invoke(RepositoryMethodInvoker.java:158) ~[spring-data-commons-3.2.0.jar:3.2.0]
	at org.springframework.data.repository.core.support.RepositoryComposition$RepositoryFragments.invoke(RepositoryComposition.java:516) ~[spring-data-commons-3.2.0.jar:3.2.0]
	at org.springframework.data.repository.core.support.RepositoryComposition.invoke(RepositoryComposition.java:285) ~[spring-data-commons-3.2.0.jar:3.2.0]
	at org.springframework.data.repository.core.support.RepositoryFactorySupport$ImplementationMethodExecutionInterceptor.invoke(RepositoryFactorySupport.java:628) ~[spring-data-commons-3.2.0.jar:3.2.0]
	at org.springframework.aop.framework.ReflectiveMethodInvocation.proceed(ReflectiveMethodInvocation.java:184) ~[spring-aop-6.1.1.jar:6.1.1]
	at org.springframework.data.repository.core.support.QueryExecutorMethodInterceptor.doInvoke(QueryExecutorMethodInterceptor.java:168) ~[spring-data-commons-3.2.0.jar:3.2.0]
	at org.springframework.data.repository.core.support.QueryExecutorMethodInterceptor.invoke(QueryExecutorMethodInterceptor.java:143) ~[spring-data-commons-3.2.0.jar:3.2.0]
	at org.springframework.aop.framework.ReflectiveMethodInvocation.proceed(ReflectiveMethodInvocation.java:184) ~[spring-aop-6.1.1.jar:6.1.1]
	at org.springframework.data.projection.DefaultMethodInvokingMethodInterceptor.invoke(DefaultMethodInvokingMethodInterceptor.java:70) ~[spring-data-commons-3.2.0.jar:3.2.0]
	at org.springframework.aop.framework.ReflectiveMethodInvocation.proceed(ReflectiveMethodInvocation.java:184) ~[spring-aop-6.1.1.jar:6.1.1]
	at org.springframework.transaction.interceptor.TransactionInterceptor$1.proceedWithInvocation(TransactionInterceptor.java:123) ~[spring-tx-6.1.1.jar:6.1.1]
	at org.springframework.transaction.interceptor.TransactionAspectSupport.invokeWithinTransaction(TransactionAspectSupport.java:385) ~[spring-tx-6.1.1.jar:6.1.1]
	at org.springframework.transaction.interceptor.TransactionInterceptor.invoke(TransactionInterceptor.java:119) ~[spring-tx-6.1.1.jar:6.1.1]
	at org.springframework.aop.framework.ReflectiveMethodInvocation.proceed(ReflectiveMethodInvocation.java:184) ~[spring-aop-6.1.1.jar:6.1.1]
	at org.springframework.dao.support.PersistenceExceptionTranslationInterceptor.invoke(PersistenceExceptionTranslationInterceptor.java:137) ~[spring-tx-6.1.1.jar:6.1.1]
	at org.springframework.aop.framework.ReflectiveMethodInvocation.proceed(ReflectiveMethodInvocation.java:184) ~[spring-aop-6.1.1.jar:6.1.1]
	at org.springframework.data.jpa.repository.support.CrudMethodMetadataPostProcessor$CrudMethodMetadataPopulatingMethodInterceptor.invoke(CrudMethodMetadataPostProcessor.java:164) ~[spring-data-jpa-3.2.0.jar:3.2.0]
	at org.springframework.aop.framework.ReflectiveMethodInvocation.proceed(ReflectiveMethodInvocation.java:184) ~[spring-aop-6.1.1.jar:6.1.1]
	at org.springframework.aop.interceptor.ExposeInvocationInterceptor.invoke(ExposeInvocationInterceptor.java:97) ~[spring-aop-6.1.1.jar:6.1.1]
	at org.springframework.aop.framework.ReflectiveMethodInvocation.proceed(ReflectiveMethodInvocation.java:184) ~[spring-aop-6.1.1.jar:6.1.1]
	at org.springframework.aop.framework.JdkDynamicAopProxy.invoke(JdkDynamicAopProxy.java:249) ~[spring-aop-6.1.1.jar:6.1.1]
	at jdk.proxy2/jdk.proxy2.$Proxy146.findById(Unknown Source) ~[na:na]
	at com.example.cco.settlement.SettlementServiceImpl.getSettlementDetail(SettlementServiceImpl.java:564) ~[main/:na]
	at java.base/jdk.internal.reflect.NativeMethodAccessorImpl.invoke0(Native Method) ~[na:na]
	at java.base/jdk.internal.reflect.NativeMethodAccessorImpl.invoke(NativeMethodAccessorImpl.java:77) ~[na:na]
	at java.base/jdk.internal.reflect.DelegatingMethodAccessorImpl.invoke(DelegatingMethodAccessorImpl.java:43) ~[na:na]
	at java.base/java.lang.reflect.Method.invoke(Method.java:569) ~[na:na]
	at org.springframework.aop.support.AopUtils.invokeJoinpointUsingReflection(AopUtils.java:352) ~[spring-aop-6.1.1.jar:6.1.1]
	at org.springframework.aop.framework.ReflectiveMethodInvocation.invokeJoinpoint(ReflectiveMethodInvocation.java:196) ~[spring-aop-6.1.1.jar:6.1.1]
	at org.springframework.aop.framework.ReflectiveMethodInvocation.proceed(ReflectiveMethodInvocation.java:163) ~[spring-aop-6.1.1.jar:6.1.1]
	at org.springframework.aop.framework.CglibAopProxy$CglibMethodInvocation.proceed(CglibAopProxy.java:765) ~[spring-aop-6.1.1.jar:6.1.1]
	at org.springframework.transaction.interceptor.TransactionInterceptor$1.proceedWithInvocation(TransactionInterceptor.java:123) ~[spring-tx-6.1.1.jar:6.1.1]
	at org.springframework.transaction.interceptor.TransactionAspectSupport.invokeWithinTransaction(TransactionAspectSupport.java:385) ~[spring-tx-6.1.1.jar:6.1.1]
	at org.springframework.transaction.interceptor.TransactionInterceptor.invoke(TransactionInterceptor.java:119) ~[spring-tx-6.1.1.jar:6.1.1]
	at org.springframework.aop.framework.ReflectiveMethodInvocation.proceed(ReflectiveMethodInvocation.java:184) ~[spring-aop-6.1.1.jar:6.1.1]
	at org.springframework.aop.framework.CglibAopProxy$CglibMethodInvocation.proceed(CglibAopProxy.java:765) ~[spring-aop-6.1.1.jar:6.1.1]
	at org.springframework.aop.framework.CglibAopProxy$DynamicAdvisedInterceptor.intercept(CglibAopProxy.java:717) ~[spring-aop-6.1.1.jar:6.1.1]
	at com.example.cco.settlement.SettlementServiceImpl$$SpringCGLIB$$0.getSettlementDetail(<generated>) ~[main/:na]
	at com.example.cco.settlement.SettlementController.getSettlementDetail(SettlementController.java:79) ~[main/:na]
	at java.base/jdk.internal.reflect.NativeMethodAccessorImpl.invoke0(Native Method) ~[na:na]
	at java.base/jdk.internal.reflect.NativeMethodAccessorImpl.invoke(NativeMethodAccessorImpl.java:77) ~[na:na]
	at java.base/jdk.internal.reflect.DelegatingMethodAccessorImpl.invoke(DelegatingMethodAccessorImpl.java:43) ~[na:na]
	at java.base/java.lang.reflect.Method.invoke(Method.java:569) ~[na:na]
	at org.springframework.web.method.support.InvocableHandlerMethod.doInvoke(InvocableHandlerMethod.java:254) ~[spring-web-6.1.1.jar:6.1.1]
	at org.springframework.web.method.support.InvocableHandlerMethod.invokeForRequest(InvocableHandlerMethod.java:182) ~[spring-web-6.1.1.jar:6.1.1]
	at org.springframework.web.servlet.mvc.method.annotation.ServletInvocableHandlerMethod.invokeAndHandle(ServletInvocableHandlerMethod.java:118) ~[spring-webmvc-6.1.1.jar:6.1.1]
	at org.springframework.web.servlet.mvc.method.annotation.RequestMappingHandlerAdapter.invokeHandlerMethod(RequestMappingHandlerAdapter.java:917) ~[spring-webmvc-6.1.1.jar:6.1.1]
	at org.springframework.web.servlet.mvc.method.annotation.RequestMappingHandlerAdapter.handleInternal(RequestMappingHandlerAdapter.java:829) ~[spring-webmvc-6.1.1.jar:6.1.1]
	at org.springframework.web.servlet.mvc.method.AbstractHandlerMethodAdapter.handle(AbstractHandlerMethodAdapter.java:87) ~[spring-webmvc-6.1.1.jar:6.1.1]
	at org.springframework.web.servlet.DispatcherServlet.doDispatch(DispatcherServlet.java:1089) ~[spring-webmvc-6.1.1.jar:6.1.1]
	at org.springframework.web.servlet.DispatcherServlet.doService(DispatcherServlet.java:979) ~[spring-webmvc-6.1.1.jar:6.1.1]
	at org.springframework.web.servlet.FrameworkServlet.processRequest(FrameworkServlet.java:1014) ~[spring-webmvc-6.1.1.jar:6.1.1]
	at org.springframework.web.servlet.FrameworkServlet.doGet(FrameworkServlet.java:903) ~[spring-webmvc-6.1.1.jar:6.1.1]
	at jakarta.servlet.http.HttpServlet.service(HttpServlet.java:564) ~[tomcat-embed-core-10.1.16.jar:6.0]
	at org.springframework.web.servlet.FrameworkServlet.service(FrameworkServlet.java:885) ~[spring-webmvc-6.1.1.jar:6.1.1]
	at jakarta.servlet.http.HttpServlet.service(HttpServlet.java:658) ~[tomcat-embed-core-10.1.16.jar:6.0]
	at org.apache.catalina.core.ApplicationFilterChain.internalDoFilter(ApplicationFilterChain.java:205) ~[tomcat-embed-core-10.1.16.jar:10.1.16]
	at org.apache.catalina.core.ApplicationFilterChain.doFilter(ApplicationFilterChain.java:149) ~[tomcat-embed-core-10.1.16.jar:10.1.16]
	at org.apache.tomcat.websocket.server.WsFilter.doFilter(WsFilter.java:51) ~[tomcat-embed-websocket-10.1.16.jar:10.1.16]
	at org.apache.catalina.core.ApplicationFilterChain.internalDoFilter(ApplicationFilterChain.java:174) ~[tomcat-embed-core-10.1.16.jar:10.1.16]
	at org.apache.catalina.core.ApplicationFilterChain.doFilter(ApplicationFilterChain.java:149) ~[tomcat-embed-core-10.1.16.jar:10.1.16]
	at org.springframework.security.web.FilterChainProxy.lambda$doFilterInternal$3(FilterChainProxy.java:231) ~[spring-security-web-6.2.0.jar:6.2.0]
	at org.springframework.security.web.FilterChainProxy$VirtualFilterChain.doFilter(FilterChainProxy.java:365) ~[spring-security-web-6.2.0.jar:6.2.0]
	at org.springframework.security.web.access.intercept.AuthorizationFilter.doFilter(AuthorizationFilter.java:100) ~[spring-security-web-6.2.0.jar:6.2.0]
	at org.springframework.security.web.FilterChainProxy$VirtualFilterChain.doFilter(FilterChainProxy.java:374) ~[spring-security-web-6.2.0.jar:6.2.0]
	at org.springframework.security.web.access.ExceptionTranslationFilter.doFilter(ExceptionTranslationFilter.java:126) ~[spring-security-web-6.2.0.jar:6.2.0]
	at org.springframework.security.web.access.ExceptionTranslationFilter.doFilter(ExceptionTranslationFilter.java:120) ~[spring-security-web-6.2.0.jar:6.2.0]
	at org.springframework.security.web.FilterChainProxy$VirtualFilterChain.doFilter(FilterChainProxy.java:374) ~[spring-security-web-6.2.0.jar:6.2.0]
	at org.springframework.security.web.session.SessionManagementFilter.doFilter(SessionManagementFilter.java:131) ~[spring-security-web-6.2.0.jar:6.2.0]
	at org.springframework.security.web.session.SessionManagementFilter.doFilter(SessionManagementFilter.java:85) ~[spring-security-web-6.2.0.jar:6.2.0]
	at org.springframework.security.web.FilterChainProxy$VirtualFilterChain.doFilter(FilterChainProxy.java:374) ~[spring-security-web-6.2.0.jar:6.2.0]
	at org.springframework.security.web.authentication.AnonymousAuthenticationFilter.doFilter(AnonymousAuthenticationFilter.java:100) ~[spring-security-web-6.2.0.jar:6.2.0]
	at org.springframework.security.web.FilterChainProxy$VirtualFilterChain.doFilter(FilterChainProxy.java:374) ~[spring-security-web-6.2.0.jar:6.2.0]
	at org.springframework.security.web.servletapi.SecurityContextHolderAwareRequestFilter.doFilter(SecurityContextHolderAwareRequestFilter.java:179) ~[spring-security-web-6.2.0.jar:6.2.0]
	at org.springframework.security.web.FilterChainProxy$VirtualFilterChain.doFilter(FilterChainProxy.java:374) ~[spring-security-web-6.2.0.jar:6.2.0]
	at org.springframework.security.web.savedrequest.RequestCacheAwareFilter.doFilter(RequestCacheAwareFilter.java:63) ~[spring-security-web-6.2.0.jar:6.2.0]
	at org.springframework.security.web.FilterChainProxy$VirtualFilterChain.doFilter(FilterChainProxy.java:374) ~[spring-security-web-6.2.0.jar:6.2.0]
	at org.springframework.security.web.authentication.AbstractAuthenticationProcessingFilter.doFilter(AbstractAuthenticationProcessingFilter.java:227) ~[spring-security-web-6.2.0.jar:6.2.0]
	at org.springframework.security.web.authentication.AbstractAuthenticationProcessingFilter.doFilter(AbstractAuthenticationProcessingFilter.java:221) ~[spring-security-web-6.2.0.jar:6.2.0]
	at org.springframework.security.web.FilterChainProxy$VirtualFilterChain.doFilter(FilterChainProxy.java:374) ~[spring-security-web-6.2.0.jar:6.2.0]
	at com.example.cco.security.JwtAuthorizationFilter.doFilterInternal(JwtAuthorizationFilter.java:48) ~[main/:na]
	at org.springframework.web.filter.OncePerRequestFilter.doFilter(OncePerRequestFilter.java:116) ~[spring-web-6.1.1.jar:6.1.1]
	at org.springframework.security.web.FilterChainProxy$VirtualFilterChain.doFilter(FilterChainProxy.java:374) ~[spring-security-web-6.2.0.jar:6.2.0]
	at org.springframework.security.web.authentication.logout.LogoutFilter.doFilter(LogoutFilter.java:107) ~[spring-security-web-6.2.0.jar:6.2.0]
	at org.springframework.security.web.authentication.logout.LogoutFilter.doFilter(LogoutFilter.java:93) ~[spring-security-web-6.2.0.jar:6.2.0]
	at org.springframework.security.web.FilterChainProxy$VirtualFilterChain.doFilter(FilterChainProxy.java:374) ~[spring-security-web-6.2.0.jar:6.2.0]
	at org.springframework.web.filter.CorsFilter.doFilterInternal(CorsFilter.java:91) ~[spring-web-6.1.1.jar:6.1.1]
	at org.springframework.web.filter.OncePerRequestFilter.doFilter(OncePerRequestFilter.java:116) ~[spring-web-6.1.1.jar:6.1.1]
	at org.springframework.security.web.FilterChainProxy$VirtualFilterChain.doFilter(FilterChainProxy.java:374) ~[spring-security-web-6.2.0.jar:6.2.0]
	at org.springframework.security.web.header.HeaderWriterFilter.doHeadersAfter(HeaderWriterFilter.java:90) ~[spring-security-web-6.2.0.jar:6.2.0]
	at org.springframework.security.web.header.HeaderWriterFilter.doFilterInternal(HeaderWriterFilter.java:75) ~[spring-security-web-6.2.0.jar:6.2.0]
	at org.springframework.web.filter.OncePerRequestFilter.doFilter(OncePerRequestFilter.java:116) ~[spring-web-6.1.1.jar:6.1.1]
	at org.springframework.security.web.FilterChainProxy$VirtualFilterChain.doFilter(FilterChainProxy.java:374) ~[spring-security-web-6.2.0.jar:6.2.0]
	at org.springframework.security.web.context.SecurityContextHolderFilter.doFilter(SecurityContextHolderFilter.java:82) ~[spring-security-web-6.2.0.jar:6.2.0]
	at org.springframework.security.web.context.SecurityContextHolderFilter.doFilter(SecurityContextHolderFilter.java:69) ~[spring-security-web-6.2.0.jar:6.2.0]
	at org.springframework.security.web.FilterChainProxy$VirtualFilterChain.doFilter(FilterChainProxy.java:374) ~[spring-security-web-6.2.0.jar:6.2.0]
	at org.springframework.security.web.context.request.async.WebAsyncManagerIntegrationFilter.doFilterInternal(WebAsyncManagerIntegrationFilter.java:62) ~[spring-security-web-6.2.0.jar:6.2.0]
	at org.springframework.web.filter.OncePerRequestFilter.doFilter(OncePerRequestFilter.java:116) ~[spring-web-6.1.1.jar:6.1.1]
	at org.springframework.security.web.FilterChainProxy$VirtualFilterChain.doFilter(FilterChainProxy.java:374) ~[spring-security-web-6.2.0.jar:6.2.0]
	at org.springframework.security.web.session.DisableEncodeUrlFilter.doFilterInternal(DisableEncodeUrlFilter.java:42) ~[spring-security-web-6.2.0.jar:6.2.0]
	at org.springframework.web.filter.OncePerRequestFilter.doFilter(OncePerRequestFilter.java:116) ~[spring-web-6.1.1.jar:6.1.1]
	at org.springframework.security.web.FilterChainProxy$VirtualFilterChain.doFilter(FilterChainProxy.java:374) ~[spring-security-web-6.2.0.jar:6.2.0]
	at org.springframework.security.web.FilterChainProxy.doFilterInternal(FilterChainProxy.java:233) ~[spring-security-web-6.2.0.jar:6.2.0]
	at org.springframework.security.web.FilterChainProxy.doFilter(FilterChainProxy.java:191) ~[spring-security-web-6.2.0.jar:6.2.0]
	at org.springframework.web.filter.DelegatingFilterProxy.invokeDelegate(DelegatingFilterProxy.java:352) ~[spring-web-6.1.1.jar:6.1.1]
	at org.springframework.web.filter.DelegatingFilterProxy.doFilter(DelegatingFilterProxy.java:268) ~[spring-web-6.1.1.jar:6.1.1]
	at org.apache.catalina.core.ApplicationFilterChain.internalDoFilter(ApplicationFilterChain.java:174) ~[tomcat-embed-core-10.1.16.jar:10.1.16]
	at org.apache.catalina.core.ApplicationFilterChain.doFilter(ApplicationFilterChain.java:149) ~[tomcat-embed-core-10.1.16.jar:10.1.16]
	at org.springframework.web.filter.RequestContextFilter.doFilterInternal(RequestContextFilter.java:100) ~[spring-web-6.1.1.jar:6.1.1]
	at org.springframework.web.filter.OncePerRequestFilter.doFilter(OncePerRequestFilter.java:116) ~[spring-web-6.1.1.jar:6.1.1]
	at org.apache.catalina.core.ApplicationFilterChain.internalDoFilter(ApplicationFilterChain.java:174) ~[tomcat-embed-core-10.1.16.jar:10.1.16]
	at org.apache.catalina.core.ApplicationFilterChain.doFilter(ApplicationFilterChain.java:149) ~[tomcat-embed-core-10.1.16.jar:10.1.16]
	at org.springframework.web.filter.FormContentFilter.doFilterInternal(FormContentFilter.java:93) ~[spring-web-6.1.1.jar:6.1.1]
	at org.springframework.web.filter.OncePerRequestFilter.doFilter(OncePerRequestFilter.java:116) ~[spring-web-6.1.1.jar:6.1.1]
	at org.apache.catalina.core.ApplicationFilterChain.internalDoFilter(ApplicationFilterChain.java:174) ~[tomcat-embed-core-10.1.16.jar:10.1.16]
	at org.apache.catalina.core.ApplicationFilterChain.doFilter(ApplicationFilterChain.java:149) ~[tomcat-embed-core-10.1.16.jar:10.1.16]
	at org.springframework.web.filter.CharacterEncodingFilter.doFilterInternal(CharacterEncodingFilter.java:201) ~[spring-web-6.1.1.jar:6.1.1]
	at org.springframework.web.filter.OncePerRequestFilter.doFilter(OncePerRequestFilter.java:116) ~[spring-web-6.1.1.jar:6.1.1]
	at org.apache.catalina.core.ApplicationFilterChain.internalDoFilter(ApplicationFilterChain.java:174) ~[tomcat-embed-core-10.1.16.jar:10.1.16]
	at org.apache.catalina.core.ApplicationFilterChain.doFilter(ApplicationFilterChain.java:149) ~[tomcat-embed-core-10.1.16.jar:10.1.16]
	at org.apache.catalina.core.StandardWrapperValve.invoke(StandardWrapperValve.java:167) ~[tomcat-embed-core-10.1.16.jar:10.1.16]
	at org.apache.catalina.core.StandardContextValve.invoke(StandardContextValve.java:90) ~[tomcat-embed-core-10.1.16.jar:10.1.16]
	at org.apache.catalina.authenticator.AuthenticatorBase.invoke(AuthenticatorBase.java:482) ~[tomcat-embed-core-10.1.16.jar:10.1.16]
	at org.apache.catalina.core.StandardHostValve.invoke(StandardHostValve.java:115) ~[tomcat-embed-core-10.1.16.jar:10.1.16]
	at org.apache.catalina.valves.ErrorReportValve.invoke(ErrorReportValve.java:93) ~[tomcat-embed-core-10.1.16.jar:10.1.16]
	at org.apache.catalina.core.StandardEngineValve.invoke(StandardEngineValve.java:74) ~[tomcat-embed-core-10.1.16.jar:10.1.16]
	at org.apache.catalina.connector.CoyoteAdapter.service(CoyoteAdapter.java:340) ~[tomcat-embed-core-10.1.16.jar:10.1.16]
	at org.apache.coyote.http11.Http11Processor.service(Http11Processor.java:391) ~[tomcat-embed-core-10.1.16.jar:10.1.16]
	at org.apache.coyote.AbstractProcessorLight.process(AbstractProcessorLight.java:63) ~[tomcat-embed-core-10.1.16.jar:10.1.16]
	at org.apache.coyote.AbstractProtocol$ConnectionHandler.process(AbstractProtocol.java:896) ~[tomcat-embed-core-10.1.16.jar:10.1.16]
	at org.apache.tomcat.util.net.NioEndpoint$SocketProcessor.doRun(NioEndpoint.java:1744) ~[tomcat-embed-core-10.1.16.jar:10.1.16]
	at org.apache.tomcat.util.net.SocketProcessorBase.run(SocketProcessorBase.java:52) ~[tomcat-embed-core-10.1.16.jar:10.1.16]
	at org.apache.tomcat.util.threads.ThreadPoolExecutor.runWorker(ThreadPoolExecutor.java:1191) ~[tomcat-embed-core-10.1.16.jar:10.1.16]
	at org.apache.tomcat.util.threads.ThreadPoolExecutor$Worker.run(ThreadPoolExecutor.java:659) ~[tomcat-embed-core-10.1.16.jar:10.1.16]
	at org.apache.tomcat.util.threads.TaskThread$WrappingRunnable.run(TaskThread.java:61) ~[tomcat-embed-core-10.1.16.jar:10.1.16]
	at java.base/java.lang.Thread.run(Thread.java:840) ~[na:na]
Caused by: org.postgresql.util.PSQLException: ERROR: column vte1_0.settle_amount does not exist
  Position: 3893
	at org.postgresql.core.v3.QueryExecutorImpl.receiveErrorResponse(QueryExecutorImpl.java:2713) ~[postgresql-42.6.0.jar:42.6.0]
	at org.postgresql.core.v3.QueryExecutorImpl.processResults(QueryExecutorImpl.java:2401) ~[postgresql-42.6.0.jar:42.6.0]
	at org.postgresql.core.v3.QueryExecutorImpl.execute(QueryExecutorImpl.java:368) ~[postgresql-42.6.0.jar:42.6.0]
	at org.postgresql.jdbc.PgStatement.executeInternal(PgStatement.java:498) ~[postgresql-42.6.0.jar:42.6.0]
	at org.postgresql.jdbc.PgStatement.execute(PgStatement.java:415) ~[postgresql-42.6.0.jar:42.6.0]
	at org.postgresql.jdbc.PgPreparedStatement.executeWithFlags(PgPreparedStatement.java:190) ~[postgresql-42.6.0.jar:42.6.0]
	at org.postgresql.jdbc.PgPreparedStatement.executeQuery(PgPreparedStatement.java:134) ~[postgresql-42.6.0.jar:42.6.0]
	at com.zaxxer.hikari.pool.ProxyPreparedStatement.executeQuery(ProxyPreparedStatement.java:52) ~[HikariCP-5.0.1.jar:na]
	at com.zaxxer.hikari.pool.HikariProxyPreparedStatement.executeQuery(HikariProxyPreparedStatement.java) ~[HikariCP-5.0.1.jar:na]
	at org.hibernate.sql.results.jdbc.internal.DeferredResultSetAccess.executeQuery(DeferredResultSetAccess.java:240) ~[hibernate-core-6.3.1.Final.jar:6.3.1.Final]
	... 191 common frames omitted

2025-04-30T08:27:24.623+09:00 ERROR 16156 --- [http-nio-4080-exec-7] c.example.cco.exception.ExceptionAdvice  : org.springframework.dao.InvalidDataAccessResourceUsageException: JDBC exception executing SQL [select vte1_0.pkey,vte1_0.a1card,vte1_0.a1card_note,vte1_0.a1cash,vte1_0.a1cash_note,vte1_0.a1extra1,vte1_0.a1extra1name,vte1_0.a1extra1note,vte1_0.a1extra2,vte1_0.a1extra2name,vte1_0.a1extra2note,vte1_0.a1extra3,vte1_0.a1extra3name,vte1_0.a1extra3note,vte1_0.a1extra4,vte1_0.a1extra4name,vte1_0.a1extra4note,vte1_0.a1extra5,vte1_0.a1extra5name,vte1_0.a1extra5note,vte1_0.a1tax,vte1_0.a1tax_note,vte1_0.active_yn,vte1_0.a_total,vte1_0.b1electricity,vte1_0.b1electricity_note,vte1_0.b1etc_expense,vte1_0.b1etc_expense_note,vte1_0.b1extra1,vte1_0.b1extra1name,vte1_0.b1extra1note,vte1_0.b1extra2,vte1_0.b1extra2name,vte1_0.b1extra2note,vte1_0.b1extra3,vte1_0.b1extra3name,vte1_0.b1extra3note,vte1_0.b1extra4,vte1_0.b1extra4name,vte1_0.b1extra4note,vte1_0.b1extra5,vte1_0.b1extra5name,vte1_0.b1extra5note,vte1_0.b1gas,vte1_0.b1gas_note,vte1_0.b1internet,vte1_0.b1internet_note,vte1_0.b1maint,vte1_0.b1maint_note,vte1_0.b1rent,vte1_0.b1rent_note,vte1_0.b2charge,vte1_0.b2charge_note,vte1_0.b3etc,vte1_0.b3etc_note,vte1_0.b3extra1,vte1_0.b3extra1name,vte1_0.b3extra1note,vte1_0.b3extra2,vte1_0.b3extra2name,vte1_0.b3extra2note,vte1_0.b3extra3,vte1_0.b3extra3name,vte1_0.b3extra3note,vte1_0.b3extra4,vte1_0.b3extra4name,vte1_0.b3extra4note,vte1_0.b3extra5,vte1_0.b3extra5name,vte1_0.b3extra5note,vte1_0.b3material,vte1_0.b3material_note,vte1_0.b4donation,vte1_0.b4donation_note,vte1_0.b4extra1,vte1_0.b4extra1name,vte1_0.b4extra1note,vte1_0.b4extra2,vte1_0.b4extra2name,vte1_0.b4extra2note,vte1_0.b4extra3,vte1_0.b4extra3name,vte1_0.b4extra3note,vte1_0.b4extra4,vte1_0.b4extra4name,vte1_0.b4extra4note,vte1_0.b4extra5,vte1_0.b4extra5name,vte1_0.b4extra5note,vte1_0.b4init_product,vte1_0.b4init_product_note,vte1_0.bank,vte1_0.bank_account,vte1_0.bank_account_number,vte1_0.brand_cd,vte1_0.brand_name,vte1_0.b_total,vte1_0.c1card_fee,vte1_0.c1card_fee_note,vte1_0.c1electricity,vte1_0.c1electricity_note,vte1_0.c1etc_expense,vte1_0.c1etc_expense_note,vte1_0.c1extra1,vte1_0.c1extra1name,vte1_0.c1extra1note,vte1_0.c1extra2,vte1_0.c1extra2name,vte1_0.c1extra2note,vte1_0.c1extra3,vte1_0.c1extra3name,vte1_0.c1extra3note,vte1_0.c1extra4,vte1_0.c1extra4name,vte1_0.c1extra4note,vte1_0.c1extra5,vte1_0.c1extra5name,vte1_0.c1extra5note,vte1_0.c1gas,vte1_0.c1gas_note,vte1_0.c1insurance,vte1_0.c1insurance_note,vte1_0.c1rent,vte1_0.c1rent_note,vte1_0.c1water,vte1_0.c1water_note,vte1_0.c2extra1,vte1_0.c2extra1name,vte1_0.c2extra1note,vte1_0.c2extra2,vte1_0.c2extra2name,vte1_0.c2extra2note,vte1_0.c2extra3,vte1_0.c2extra3name,vte1_0.c2extra3note,vte1_0.c2extra4,vte1_0.c2extra4name,vte1_0.c2extra4note,vte1_0.c2extra5,vte1_0.c2extra5name,vte1_0.c2extra5note,vte1_0.c2interest_cost,vte1_0.c2interest_cost_note,vte1_0.closed_yn,vte1_0.d1carryover,vte1_0.d1carryover_note,vte1_0.d1extra1,vte1_0.d1extra1name,vte1_0.d1extra1note,vte1_0.d1extra2,vte1_0.d1extra2name,vte1_0.d1extra2note,vte1_0.d1extra3,vte1_0.d1extra3name,vte1_0.d1extra3note,vte1_0.d1extra4,vte1_0.d1extra4name,vte1_0.d1extra4note,vte1_0.d1extra5,vte1_0.d1extra5name,vte1_0.d1extra5note,vte1_0.d1material,vte1_0.d1material_note,vte1_0.d1store_maint,vte1_0.d1store_maint_note,vte1_0.d2cash,vte1_0.d2cash_note,vte1_0.d2extra1,vte1_0.d2extra1name,vte1_0.d2extra1note,vte1_0.d2extra2,vte1_0.d2extra2name,vte1_0.d2extra2note,vte1_0.d2extra3,vte1_0.d2extra3name,vte1_0.d2extra3note,vte1_0.d2extra4,vte1_0.d2extra4name,vte1_0.d2extra4note,vte1_0.d2extra5,vte1_0.d2extra5name,vte1_0.d2extra5note,vte1_0.d3extra1,vte1_0.d3extra1name,vte1_0.d3extra1note,vte1_0.d3extra2,vte1_0.d3extra2name,vte1_0.d3extra2note,vte1_0.d3extra3,vte1_0.d3extra3name,vte1_0.d3extra3note,vte1_0.d3extra4,vte1_0.d3extra4name,vte1_0.d3extra4note,vte1_0.d3extra5,vte1_0.d3extra5name,vte1_0.d3extra5note,vte1_0.d3init_product,vte1_0.d3init_product_note,vte1_0.d3rent,vte1_0.d3rent_note,vte1_0.deposit_amount,vte1_0.insert_timestamp,vte1_0.owner,vte1_0.phone,vte1_0.sales_profit,vte1_0.settle_amount,vte1_0.settlement_amount,vte1_0.settlement_cd,vte1_0.settlement_title,vte1_0.settlement_ymd,vte1_0.src_a1card,vte1_0.src_a1cash,vte1_0.src_b1electricity,vte1_0.src_b3material,vte1_0.src_c1card_fee,vte1_0.src_d1material,vte1_0.store_code,vte1_0.store_name,vte1_0.update_timestamp from cnco.vsettlement_total vte1_0 where vte1_0.pkey=?] [ERROR: column vte1_0.settle_amount does not exist
  Position: 3893] [n/a]; SQL [n/a]
	at org.springframework.orm.jpa.vendor.HibernateJpaDialect.convertHibernateAccessException(HibernateJpaDialect.java:277)
	at org.springframework.orm.jpa.vendor.HibernateJpaDialect.translateExceptionIfPossible(HibernateJpaDialect.java:241)
	at org.springframework.orm.jpa.AbstractEntityManagerFactoryBean.translateExceptionIfPossible(AbstractEntityManagerFactoryBean.java:550)
	at org.springframework.dao.support.ChainedPersistenceExceptionTranslator.translateExceptionIfPossible(ChainedPersistenceExceptionTranslator.java:61)
	at org.springframework.dao.support.DataAccessUtils.translateIfNecessary(DataAccessUtils.java:335)
	at org.springframework.dao.support.PersistenceExceptionTranslationInterceptor.invoke(PersistenceExceptionTranslationInterceptor.java:152)
	at org.springframework.aop.framework.ReflectiveMethodInvocation.proceed(ReflectiveMethodInvocation.java:184)
	at org.springframework.data.jpa.repository.support.CrudMethodMetadataPostProcessor$CrudMethodMetadataPopulatingMethodInterceptor.invoke(CrudMethodMetadataPostProcessor.java:164)
	at org.springframework.aop.framework.ReflectiveMethodInvocation.proceed(ReflectiveMethodInvocation.java:184)
	at org.springframework.aop.interceptor.ExposeInvocationInterceptor.invoke(ExposeInvocationInterceptor.java:97)
	at org.springframework.aop.framework.ReflectiveMethodInvocation.proceed(ReflectiveMethodInvocation.java:184)
	at org.springframework.aop.framework.JdkDynamicAopProxy.invoke(JdkDynamicAopProxy.java:249)
	at jdk.proxy2/jdk.proxy2.$Proxy146.findById(Unknown Source)
	at com.example.cco.settlement.SettlementServiceImpl.getSettlementDetail(SettlementServiceImpl.java:564)
	at java.base/jdk.internal.reflect.NativeMethodAccessorImpl.invoke0(Native Method)
	at java.base/jdk.internal.reflect.NativeMethodAccessorImpl.invoke(NativeMethodAccessorImpl.java:77)
	at java.base/jdk.internal.reflect.DelegatingMethodAccessorImpl.invoke(DelegatingMethodAccessorImpl.java:43)
	at java.base/java.lang.reflect.Method.invoke(Method.java:569)
	at org.springframework.aop.support.AopUtils.invokeJoinpointUsingReflection(AopUtils.java:352)
	at org.springframework.aop.framework.ReflectiveMethodInvocation.invokeJoinpoint(ReflectiveMethodInvocation.java:196)
	at org.springframework.aop.framework.ReflectiveMethodInvocation.proceed(ReflectiveMethodInvocation.java:163)
	at org.springframework.aop.framework.CglibAopProxy$CglibMethodInvocation.proceed(CglibAopProxy.java:765)
	at org.springframework.transaction.interceptor.TransactionInterceptor$1.proceedWithInvocation(TransactionInterceptor.java:123)
	at org.springframework.transaction.interceptor.TransactionAspectSupport.invokeWithinTransaction(TransactionAspectSupport.java:385)
	at org.springframework.transaction.interceptor.TransactionInterceptor.invoke(TransactionInterceptor.java:119)
	at org.springframework.aop.framework.ReflectiveMethodInvocation.proceed(ReflectiveMethodInvocation.java:184)
	at org.springframework.aop.framework.CglibAopProxy$CglibMethodInvocation.proceed(CglibAopProxy.java:765)
	at org.springframework.aop.framework.CglibAopProxy$DynamicAdvisedInterceptor.intercept(CglibAopProxy.java:717)
	at com.example.cco.settlement.SettlementServiceImpl$$SpringCGLIB$$0.getSettlementDetail(<generated>)
	at com.example.cco.settlement.SettlementController.getSettlementDetail(SettlementController.java:79)
	at java.base/jdk.internal.reflect.NativeMethodAccessorImpl.invoke0(Native Method)
	at java.base/jdk.internal.reflect.NativeMethodAccessorImpl.invoke(NativeMethodAccessorImpl.java:77)
	at java.base/jdk.internal.reflect.DelegatingMethodAccessorImpl.invoke(DelegatingMethodAccessorImpl.java:43)
	at java.base/java.lang.reflect.Method.invoke(Method.java:569)
	at org.springframework.web.method.support.InvocableHandlerMethod.doInvoke(InvocableHandlerMethod.java:254)
	at org.springframework.web.method.support.InvocableHandlerMethod.invokeForRequest(InvocableHandlerMethod.java:182)
	at org.springframework.web.servlet.mvc.method.annotation.ServletInvocableHandlerMethod.invokeAndHandle(ServletInvocableHandlerMethod.java:118)
	at org.springframework.web.servlet.mvc.method.annotation.RequestMappingHandlerAdapter.invokeHandlerMethod(RequestMappingHandlerAdapter.java:917)
	at org.springframework.web.servlet.mvc.method.annotation.RequestMappingHandlerAdapter.handleInternal(RequestMappingHandlerAdapter.java:829)
	at org.springframework.web.servlet.mvc.method.AbstractHandlerMethodAdapter.handle(AbstractHandlerMethodAdapter.java:87)
	at org.springframework.web.servlet.DispatcherServlet.doDispatch(DispatcherServlet.java:1089)
	at org.springframework.web.servlet.DispatcherServlet.doService(DispatcherServlet.java:979)
	at org.springframework.web.servlet.FrameworkServlet.processRequest(FrameworkServlet.java:1014)
	at org.springframework.web.servlet.FrameworkServlet.doGet(FrameworkServlet.java:903)
	at jakarta.servlet.http.HttpServlet.service(HttpServlet.java:564)
	at org.springframework.web.servlet.FrameworkServlet.service(FrameworkServlet.java:885)
	at jakarta.servlet.http.HttpServlet.service(HttpServlet.java:658)
	at org.apache.catalina.core.ApplicationFilterChain.internalDoFilter(ApplicationFilterChain.java:205)
	at org.apache.catalina.core.ApplicationFilterChain.doFilter(ApplicationFilterChain.java:149)
	at org.apache.tomcat.websocket.server.WsFilter.doFilter(WsFilter.java:51)
	at org.apache.catalina.core.ApplicationFilterChain.internalDoFilter(ApplicationFilterChain.java:174)
	at org.apache.catalina.core.ApplicationFilterChain.doFilter(ApplicationFilterChain.java:149)
	at org.springframework.security.web.FilterChainProxy.lambda$doFilterInternal$3(FilterChainProxy.java:231)
	at org.springframework.security.web.FilterChainProxy$VirtualFilterChain.doFilter(FilterChainProxy.java:365)
	at org.springframework.security.web.access.intercept.AuthorizationFilter.doFilter(AuthorizationFilter.java:100)
	at org.springframework.security.web.FilterChainProxy$VirtualFilterChain.doFilter(FilterChainProxy.java:374)
	at org.springframework.security.web.access.ExceptionTranslationFilter.doFilter(ExceptionTranslationFilter.java:126)
	at org.springframework.security.web.access.ExceptionTranslationFilter.doFilter(ExceptionTranslationFilter.java:120)
	at org.springframework.security.web.FilterChainProxy$VirtualFilterChain.doFilter(FilterChainProxy.java:374)
	at org.springframework.security.web.session.SessionManagementFilter.doFilter(SessionManagementFilter.java:131)
	at org.springframework.security.web.session.SessionManagementFilter.doFilter(SessionManagementFilter.java:85)
	at org.springframework.security.web.FilterChainProxy$VirtualFilterChain.doFilter(FilterChainProxy.java:374)
	at org.springframework.security.web.authentication.AnonymousAuthenticationFilter.doFilter(AnonymousAuthenticationFilter.java:100)
	at org.springframework.security.web.FilterChainProxy$VirtualFilterChain.doFilter(FilterChainProxy.java:374)
	at org.springframework.security.web.servletapi.SecurityContextHolderAwareRequestFilter.doFilter(SecurityContextHolderAwareRequestFilter.java:179)
	at org.springframework.security.web.FilterChainProxy$VirtualFilterChain.doFilter(FilterChainProxy.java:374)
	at org.springframework.security.web.savedrequest.RequestCacheAwareFilter.doFilter(RequestCacheAwareFilter.java:63)
	at org.springframework.security.web.FilterChainProxy$VirtualFilterChain.doFilter(FilterChainProxy.java:374)
	at org.springframework.security.web.authentication.AbstractAuthenticationProcessingFilter.doFilter(AbstractAuthenticationProcessingFilter.java:227)
	at org.springframework.security.web.authentication.AbstractAuthenticationProcessingFilter.doFilter(AbstractAuthenticationProcessingFilter.java:221)
	at org.springframework.security.web.FilterChainProxy$VirtualFilterChain.doFilter(FilterChainProxy.java:374)
	at com.example.cco.security.JwtAuthorizationFilter.doFilterInternal(JwtAuthorizationFilter.java:48)
	at org.springframework.web.filter.OncePerRequestFilter.doFilter(OncePerRequestFilter.java:116)
	at org.springframework.security.web.FilterChainProxy$VirtualFilterChain.doFilter(FilterChainProxy.java:374)
	at org.springframework.security.web.authentication.logout.LogoutFilter.doFilter(LogoutFilter.java:107)
	at org.springframework.security.web.authentication.logout.LogoutFilter.doFilter(LogoutFilter.java:93)
	at org.springframework.security.web.FilterChainProxy$VirtualFilterChain.doFilter(FilterChainProxy.java:374)
	at org.springframework.web.filter.CorsFilter.doFilterInternal(CorsFilter.java:91)
	at org.springframework.web.filter.OncePerRequestFilter.doFilter(OncePerRequestFilter.java:116)
	at org.springframework.security.web.FilterChainProxy$VirtualFilterChain.doFilter(FilterChainProxy.java:374)
	at org.springframework.security.web.header.HeaderWriterFilter.doHeadersAfter(HeaderWriterFilter.java:90)
	at org.springframework.security.web.header.HeaderWriterFilter.doFilterInternal(HeaderWriterFilter.java:75)
	at org.springframework.web.filter.OncePerRequestFilter.doFilter(OncePerRequestFilter.java:116)
	at org.springframework.security.web.FilterChainProxy$VirtualFilterChain.doFilter(FilterChainProxy.java:374)
	at org.springframework.security.web.context.SecurityContextHolderFilter.doFilter(SecurityContextHolderFilter.java:82)
	at org.springframework.security.web.context.SecurityContextHolderFilter.doFilter(SecurityContextHolderFilter.java:69)
	at org.springframework.security.web.FilterChainProxy$VirtualFilterChain.doFilter(FilterChainProxy.java:374)
	at org.springframework.security.web.context.request.async.WebAsyncManagerIntegrationFilter.doFilterInternal(WebAsyncManagerIntegrationFilter.java:62)
	at org.springframework.web.filter.OncePerRequestFilter.doFilter(OncePerRequestFilter.java:116)
	at org.springframework.security.web.FilterChainProxy$VirtualFilterChain.doFilter(FilterChainProxy.java:374)
	at org.springframework.security.web.session.DisableEncodeUrlFilter.doFilterInternal(DisableEncodeUrlFilter.java:42)
	at org.springframework.web.filter.OncePerRequestFilter.doFilter(OncePerRequestFilter.java:116)
	at org.springframework.security.web.FilterChainProxy$VirtualFilterChain.doFilter(FilterChainProxy.java:374)
	at org.springframework.security.web.FilterChainProxy.doFilterInternal(FilterChainProxy.java:233)
	at org.springframework.security.web.FilterChainProxy.doFilter(FilterChainProxy.java:191)
	at org.springframework.web.filter.DelegatingFilterProxy.invokeDelegate(DelegatingFilterProxy.java:352)
	at org.springframework.web.filter.DelegatingFilterProxy.doFilter(DelegatingFilterProxy.java:268)
	at org.apache.catalina.core.ApplicationFilterChain.internalDoFilter(ApplicationFilterChain.java:174)
	at org.apache.catalina.core.ApplicationFilterChain.doFilter(ApplicationFilterChain.java:149)
	at org.springframework.web.filter.RequestContextFilter.doFilterInternal(RequestContextFilter.java:100)
	at org.springframework.web.filter.OncePerRequestFilter.doFilter(OncePerRequestFilter.java:116)
	at org.apache.catalina.core.ApplicationFilterChain.internalDoFilter(ApplicationFilterChain.java:174)
	at org.apache.catalina.core.ApplicationFilterChain.doFilter(ApplicationFilterChain.java:149)
	at org.springframework.web.filter.FormContentFilter.doFilterInternal(FormContentFilter.java:93)
	at org.springframework.web.filter.OncePerRequestFilter.doFilter(OncePerRequestFilter.java:116)
	at org.apache.catalina.core.ApplicationFilterChain.internalDoFilter(ApplicationFilterChain.java:174)
	at org.apache.catalina.core.ApplicationFilterChain.doFilter(ApplicationFilterChain.java:149)
	at org.springframework.web.filter.CharacterEncodingFilter.doFilterInternal(CharacterEncodingFilter.java:201)
	at org.springframework.web.filter.OncePerRequestFilter.doFilter(OncePerRequestFilter.java:116)
	at org.apache.catalina.core.ApplicationFilterChain.internalDoFilter(ApplicationFilterChain.java:174)
	at org.apache.catalina.core.ApplicationFilterChain.doFilter(ApplicationFilterChain.java:149)
	at org.apache.catalina.core.StandardWrapperValve.invoke(StandardWrapperValve.java:167)
	at org.apache.catalina.core.StandardContextValve.invoke(StandardContextValve.java:90)
	at org.apache.catalina.authenticator.AuthenticatorBase.invoke(AuthenticatorBase.java:482)
	at org.apache.catalina.core.StandardHostValve.invoke(StandardHostValve.java:115)
	at org.apache.catalina.valves.ErrorReportValve.invoke(ErrorReportValve.java:93)
	at org.apache.catalina.core.StandardEngineValve.invoke(StandardEngineValve.java:74)
	at org.apache.catalina.connector.CoyoteAdapter.service(CoyoteAdapter.java:340)
	at org.apache.coyote.http11.Http11Processor.service(Http11Processor.java:391)
	at org.apache.coyote.AbstractProcessorLight.process(AbstractProcessorLight.java:63)
	at org.apache.coyote.AbstractProtocol$ConnectionHandler.process(AbstractProtocol.java:896)
	at org.apache.tomcat.util.net.NioEndpoint$SocketProcessor.doRun(NioEndpoint.java:1744)
	at org.apache.tomcat.util.net.SocketProcessorBase.run(SocketProcessorBase.java:52)
	at org.apache.tomcat.util.threads.ThreadPoolExecutor.runWorker(ThreadPoolExecutor.java:1191)
	at org.apache.tomcat.util.threads.ThreadPoolExecutor$Worker.run(ThreadPoolExecutor.java:659)
	at org.apache.tomcat.util.threads.TaskThread$WrappingRunnable.run(TaskThread.java:61)
	at java.base/java.lang.Thread.run(Thread.java:840)
Caused by: org.hibernate.exception.SQLGrammarException: JDBC exception executing SQL [select vte1_0.pkey,vte1_0.a1card,vte1_0.a1card_note,vte1_0.a1cash,vte1_0.a1cash_note,vte1_0.a1extra1,vte1_0.a1extra1name,vte1_0.a1extra1note,vte1_0.a1extra2,vte1_0.a1extra2name,vte1_0.a1extra2note,vte1_0.a1extra3,vte1_0.a1extra3name,vte1_0.a1extra3note,vte1_0.a1extra4,vte1_0.a1extra4name,vte1_0.a1extra4note,vte1_0.a1extra5,vte1_0.a1extra5name,vte1_0.a1extra5note,vte1_0.a1tax,vte1_0.a1tax_note,vte1_0.active_yn,vte1_0.a_total,vte1_0.b1electricity,vte1_0.b1electricity_note,vte1_0.b1etc_expense,vte1_0.b1etc_expense_note,vte1_0.b1extra1,vte1_0.b1extra1name,vte1_0.b1extra1note,vte1_0.b1extra2,vte1_0.b1extra2name,vte1_0.b1extra2note,vte1_0.b1extra3,vte1_0.b1extra3name,vte1_0.b1extra3note,vte1_0.b1extra4,vte1_0.b1extra4name,vte1_0.b1extra4note,vte1_0.b1extra5,vte1_0.b1extra5name,vte1_0.b1extra5note,vte1_0.b1gas,vte1_0.b1gas_note,vte1_0.b1internet,vte1_0.b1internet_note,vte1_0.b1maint,vte1_0.b1maint_note,vte1_0.b1rent,vte1_0.b1rent_note,vte1_0.b2charge,vte1_0.b2charge_note,vte1_0.b3etc,vte1_0.b3etc_note,vte1_0.b3extra1,vte1_0.b3extra1name,vte1_0.b3extra1note,vte1_0.b3extra2,vte1_0.b3extra2name,vte1_0.b3extra2note,vte1_0.b3extra3,vte1_0.b3extra3name,vte1_0.b3extra3note,vte1_0.b3extra4,vte1_0.b3extra4name,vte1_0.b3extra4note,vte1_0.b3extra5,vte1_0.b3extra5name,vte1_0.b3extra5note,vte1_0.b3material,vte1_0.b3material_note,vte1_0.b4donation,vte1_0.b4donation_note,vte1_0.b4extra1,vte1_0.b4extra1name,vte1_0.b4extra1note,vte1_0.b4extra2,vte1_0.b4extra2name,vte1_0.b4extra2note,vte1_0.b4extra3,vte1_0.b4extra3name,vte1_0.b4extra3note,vte1_0.b4extra4,vte1_0.b4extra4name,vte1_0.b4extra4note,vte1_0.b4extra5,vte1_0.b4extra5name,vte1_0.b4extra5note,vte1_0.b4init_product,vte1_0.b4init_product_note,vte1_0.bank,vte1_0.bank_account,vte1_0.bank_account_number,vte1_0.brand_cd,vte1_0.brand_name,vte1_0.b_total,vte1_0.c1card_fee,vte1_0.c1card_fee_note,vte1_0.c1electricity,vte1_0.c1electricity_note,vte1_0.c1etc_expense,vte1_0.c1etc_expense_note,vte1_0.c1extra1,vte1_0.c1extra1name,vte1_0.c1extra1note,vte1_0.c1extra2,vte1_0.c1extra2name,vte1_0.c1extra2note,vte1_0.c1extra3,vte1_0.c1extra3name,vte1_0.c1extra3note,vte1_0.c1extra4,vte1_0.c1extra4name,vte1_0.c1extra4note,vte1_0.c1extra5,vte1_0.c1extra5name,vte1_0.c1extra5note,vte1_0.c1gas,vte1_0.c1gas_note,vte1_0.c1insurance,vte1_0.c1insurance_note,vte1_0.c1rent,vte1_0.c1rent_note,vte1_0.c1water,vte1_0.c1water_note,vte1_0.c2extra1,vte1_0.c2extra1name,vte1_0.c2extra1note,vte1_0.c2extra2,vte1_0.c2extra2name,vte1_0.c2extra2note,vte1_0.c2extra3,vte1_0.c2extra3name,vte1_0.c2extra3note,vte1_0.c2extra4,vte1_0.c2extra4name,vte1_0.c2extra4note,vte1_0.c2extra5,vte1_0.c2extra5name,vte1_0.c2extra5note,vte1_0.c2interest_cost,vte1_0.c2interest_cost_note,vte1_0.closed_yn,vte1_0.d1carryover,vte1_0.d1carryover_note,vte1_0.d1extra1,vte1_0.d1extra1name,vte1_0.d1extra1note,vte1_0.d1extra2,vte1_0.d1extra2name,vte1_0.d1extra2note,vte1_0.d1extra3,vte1_0.d1extra3name,vte1_0.d1extra3note,vte1_0.d1extra4,vte1_0.d1extra4name,vte1_0.d1extra4note,vte1_0.d1extra5,vte1_0.d1extra5name,vte1_0.d1extra5note,vte1_0.d1material,vte1_0.d1material_note,vte1_0.d1store_maint,vte1_0.d1store_maint_note,vte1_0.d2cash,vte1_0.d2cash_note,vte1_0.d2extra1,vte1_0.d2extra1name,vte1_0.d2extra1note,vte1_0.d2extra2,vte1_0.d2extra2name,vte1_0.d2extra2note,vte1_0.d2extra3,vte1_0.d2extra3name,vte1_0.d2extra3note,vte1_0.d2extra4,vte1_0.d2extra4name,vte1_0.d2extra4note,vte1_0.d2extra5,vte1_0.d2extra5name,vte1_0.d2extra5note,vte1_0.d3extra1,vte1_0.d3extra1name,vte1_0.d3extra1note,vte1_0.d3extra2,vte1_0.d3extra2name,vte1_0.d3extra2note,vte1_0.d3extra3,vte1_0.d3extra3name,vte1_0.d3extra3note,vte1_0.d3extra4,vte1_0.d3extra4name,vte1_0.d3extra4note,vte1_0.d3extra5,vte1_0.d3extra5name,vte1_0.d3extra5note,vte1_0.d3init_product,vte1_0.d3init_product_note,vte1_0.d3rent,vte1_0.d3rent_note,vte1_0.deposit_amount,vte1_0.insert_timestamp,vte1_0.owner,vte1_0.phone,vte1_0.sales_profit,vte1_0.settle_amount,vte1_0.settlement_amount,vte1_0.settlement_cd,vte1_0.settlement_title,vte1_0.settlement_ymd,vte1_0.src_a1card,vte1_0.src_a1cash,vte1_0.src_b1electricity,vte1_0.src_b3material,vte1_0.src_c1card_fee,vte1_0.src_d1material,vte1_0.store_code,vte1_0.store_name,vte1_0.update_timestamp from cnco.vsettlement_total vte1_0 where vte1_0.pkey=?] [ERROR: column vte1_0.settle_amount does not exist
  Position: 3893] [n/a]
	at org.hibernate.exception.internal.SQLStateConversionDelegate.convert(SQLStateConversionDelegate.java:91)
	at org.hibernate.exception.internal.StandardSQLExceptionConverter.convert(StandardSQLExceptionConverter.java:58)
	at org.hibernate.engine.jdbc.spi.SqlExceptionHelper.convert(SqlExceptionHelper.java:108)
	at org.hibernate.engine.jdbc.spi.SqlExceptionHelper.convert(SqlExceptionHelper.java:94)
	at org.hibernate.sql.results.jdbc.internal.DeferredResultSetAccess.executeQuery(DeferredResultSetAccess.java:258)
	at org.hibernate.sql.results.jdbc.internal.DeferredResultSetAccess.getResultSet(DeferredResultSetAccess.java:164)
	at org.hibernate.sql.results.jdbc.internal.JdbcValuesResultSetImpl.advanceNext(JdbcValuesResultSetImpl.java:218)
	at org.hibernate.sql.results.jdbc.internal.JdbcValuesResultSetImpl.processNext(JdbcValuesResultSetImpl.java:98)
	at org.hibernate.sql.results.jdbc.internal.AbstractJdbcValues.next(AbstractJdbcValues.java:19)
	at org.hibernate.sql.results.internal.RowProcessingStateStandardImpl.next(RowProcessingStateStandardImpl.java:66)
	at org.hibernate.sql.results.spi.ListResultsConsumer.consume(ListResultsConsumer.java:186)
	at org.hibernate.sql.results.spi.ListResultsConsumer.consume(ListResultsConsumer.java:33)
	at org.hibernate.sql.exec.internal.JdbcSelectExecutorStandardImpl.doExecuteQuery(JdbcSelectExecutorStandardImpl.java:361)
	at org.hibernate.sql.exec.internal.JdbcSelectExecutorStandardImpl.executeQuery(JdbcSelectExecutorStandardImpl.java:168)
	at org.hibernate.sql.exec.internal.JdbcSelectExecutorStandardImpl.list(JdbcSelectExecutorStandardImpl.java:93)
	at org.hibernate.sql.exec.spi.JdbcSelectExecutor.list(JdbcSelectExecutor.java:31)
	at org.hibernate.loader.ast.internal.SingleIdLoadPlan.load(SingleIdLoadPlan.java:145)
	at org.hibernate.loader.ast.internal.SingleIdLoadPlan.load(SingleIdLoadPlan.java:117)
	at org.hibernate.loader.ast.internal.SingleIdEntityLoaderStandardImpl.load(SingleIdEntityLoaderStandardImpl.java:75)
	at org.hibernate.persister.entity.AbstractEntityPersister.doLoad(AbstractEntityPersister.java:3673)
	at org.hibernate.persister.entity.AbstractEntityPersister.load(AbstractEntityPersister.java:3662)
	at org.hibernate.event.internal.DefaultLoadEventListener.loadFromDatasource(DefaultLoadEventListener.java:591)
	at org.hibernate.event.internal.DefaultLoadEventListener.loadFromCacheOrDatasource(DefaultLoadEventListener.java:577)
	at org.hibernate.event.internal.DefaultLoadEventListener.load(DefaultLoadEventListener.java:547)
	at org.hibernate.event.internal.DefaultLoadEventListener.doLoad(DefaultLoadEventListener.java:531)
	at org.hibernate.event.internal.DefaultLoadEventListener.load(DefaultLoadEventListener.java:206)
	at org.hibernate.event.internal.DefaultLoadEventListener.loadWithRegularProxy(DefaultLoadEventListener.java:286)
	at org.hibernate.event.internal.DefaultLoadEventListener.proxyOrLoad(DefaultLoadEventListener.java:241)
	at org.hibernate.event.internal.DefaultLoadEventListener.doOnLoad(DefaultLoadEventListener.java:110)
	at org.hibernate.event.internal.DefaultLoadEventListener.onLoad(DefaultLoadEventListener.java:67)
	at org.hibernate.event.service.internal.EventListenerGroupImpl.fireEventOnEachListener(EventListenerGroupImpl.java:138)
	at org.hibernate.internal.SessionImpl.fireLoadNoChecks(SessionImpl.java:1234)
	at org.hibernate.internal.SessionImpl.fireLoad(SessionImpl.java:1222)
	at org.hibernate.loader.internal.IdentifierLoadAccessImpl.load(IdentifierLoadAccessImpl.java:209)
	at org.hibernate.loader.internal.IdentifierLoadAccessImpl.doLoad(IdentifierLoadAccessImpl.java:160)
	at org.hibernate.loader.internal.IdentifierLoadAccessImpl.lambda$load$1(IdentifierLoadAccessImpl.java:149)
	at org.hibernate.loader.internal.IdentifierLoadAccessImpl.perform(IdentifierLoadAccessImpl.java:112)
	at org.hibernate.loader.internal.IdentifierLoadAccessImpl.load(IdentifierLoadAccessImpl.java:149)
	at org.hibernate.internal.SessionImpl.find(SessionImpl.java:2430)
	at org.hibernate.internal.SessionImpl.find(SessionImpl.java:2401)
	at java.base/jdk.internal.reflect.NativeMethodAccessorImpl.invoke0(Native Method)
	at java.base/jdk.internal.reflect.NativeMethodAccessorImpl.invoke(NativeMethodAccessorImpl.java:77)
	at java.base/jdk.internal.reflect.DelegatingMethodAccessorImpl.invoke(DelegatingMethodAccessorImpl.java:43)
	at java.base/java.lang.reflect.Method.invoke(Method.java:569)
	at org.springframework.orm.jpa.ExtendedEntityManagerCreator$ExtendedEntityManagerInvocationHandler.invoke(ExtendedEntityManagerCreator.java:360)
	at jdk.proxy2/jdk.proxy2.$Proxy134.find(Unknown Source)
	at java.base/jdk.internal.reflect.NativeMethodAccessorImpl.invoke0(Native Method)
	at java.base/jdk.internal.reflect.NativeMethodAccessorImpl.invoke(NativeMethodAccessorImpl.java:77)
	at java.base/jdk.internal.reflect.DelegatingMethodAccessorImpl.invoke(DelegatingMethodAccessorImpl.java:43)
	at java.base/java.lang.reflect.Method.invoke(Method.java:569)
	at org.springframework.orm.jpa.SharedEntityManagerCreator$SharedEntityManagerInvocationHandler.invoke(SharedEntityManagerCreator.java:311)
	at jdk.proxy2/jdk.proxy2.$Proxy134.find(Unknown Source)
	at org.springframework.data.jpa.repository.support.SimpleJpaRepository.findById(SimpleJpaRepository.java:313)
	at java.base/jdk.internal.reflect.NativeMethodAccessorImpl.invoke0(Native Method)
	at java.base/jdk.internal.reflect.NativeMethodAccessorImpl.invoke(NativeMethodAccessorImpl.java:77)
	at java.base/jdk.internal.reflect.DelegatingMethodAccessorImpl.invoke(DelegatingMethodAccessorImpl.java:43)
	at java.base/java.lang.reflect.Method.invoke(Method.java:569)
	at org.springframework.aop.support.AopUtils.invokeJoinpointUsingReflection(AopUtils.java:352)
	at org.springframework.data.repository.core.support.RepositoryMethodInvoker$RepositoryFragmentMethodInvoker.lambda$new$0(RepositoryMethodInvoker.java:277)
	at org.springframework.data.repository.core.support.RepositoryMethodInvoker.doInvoke(RepositoryMethodInvoker.java:170)
	at org.springframework.data.repository.core.support.RepositoryMethodInvoker.invoke(RepositoryMethodInvoker.java:158)
	at org.springframework.data.repository.core.support.RepositoryComposition$RepositoryFragments.invoke(RepositoryComposition.java:516)
	at org.springframework.data.repository.core.support.RepositoryComposition.invoke(RepositoryComposition.java:285)
	at org.springframework.data.repository.core.support.RepositoryFactorySupport$ImplementationMethodExecutionInterceptor.invoke(RepositoryFactorySupport.java:628)
	at org.springframework.aop.framework.ReflectiveMethodInvocation.proceed(ReflectiveMethodInvocation.java:184)
	at org.springframework.data.repository.core.support.QueryExecutorMethodInterceptor.doInvoke(QueryExecutorMethodInterceptor.java:168)
	at org.springframework.data.repository.core.support.QueryExecutorMethodInterceptor.invoke(QueryExecutorMethodInterceptor.java:143)
	at org.springframework.aop.framework.ReflectiveMethodInvocation.proceed(ReflectiveMethodInvocation.java:184)
	at org.springframework.data.projection.DefaultMethodInvokingMethodInterceptor.invoke(DefaultMethodInvokingMethodInterceptor.java:70)
	at org.springframework.aop.framework.ReflectiveMethodInvocation.proceed(ReflectiveMethodInvocation.java:184)
	at org.springframework.transaction.interceptor.TransactionInterceptor$1.proceedWithInvocation(TransactionInterceptor.java:123)
	at org.springframework.transaction.interceptor.TransactionAspectSupport.invokeWithinTransaction(TransactionAspectSupport.java:385)
	at org.springframework.transaction.interceptor.TransactionInterceptor.invoke(TransactionInterceptor.java:119)
	at org.springframework.aop.framework.ReflectiveMethodInvocation.proceed(ReflectiveMethodInvocation.java:184)
	at org.springframework.dao.support.PersistenceExceptionTranslationInterceptor.invoke(PersistenceExceptionTranslationInterceptor.java:137)
	... 121 more
Caused by: org.postgresql.util.PSQLException: ERROR: column vte1_0.settle_amount does not exist
  Position: 3893
	at org.postgresql.core.v3.QueryExecutorImpl.receiveErrorResponse(QueryExecutorImpl.java:2713)
	at org.postgresql.core.v3.QueryExecutorImpl.processResults(QueryExecutorImpl.java:2401)
	at org.postgresql.core.v3.QueryExecutorImpl.execute(QueryExecutorImpl.java:368)
	at org.postgresql.jdbc.PgStatement.executeInternal(PgStatement.java:498)
	at org.postgresql.jdbc.PgStatement.execute(PgStatement.java:415)
	at org.postgresql.jdbc.PgPreparedStatement.executeWithFlags(PgPreparedStatement.java:190)
	at org.postgresql.jdbc.PgPreparedStatement.executeQuery(PgPreparedStatement.java:134)
	at com.zaxxer.hikari.pool.ProxyPreparedStatement.executeQuery(ProxyPreparedStatement.java:52)
	at com.zaxxer.hikari.pool.HikariProxyPreparedStatement.executeQuery(HikariProxyPreparedStatement.java)
	at org.hibernate.sql.results.jdbc.internal.DeferredResultSetAccess.executeQuery(DeferredResultSetAccess.java:240)
	... 191 more

2025-04-30T08:27:28.641+09:00  INFO 16156 --- [http-nio-4080-exec-10] c.e.cco.security.JwtAuthorizationFilter  : token =eyJhbGciOiJIUzUxMiJ9.eyJzdWIiOiJhZG1pbiIsInJvbGUiOiJBRE1JTiIsImlhdCI6MTc0NTk2OTIzNywiZXhwIjoxNzQ1OTk4MDM3fQ.wiA_QqMmtrXJb4uNDkhaCfIK3bC8lZxSd3ID7_G7j-8l50Fxom-SdwSZGTmZp6ugeUaqXdXNiH8-1-s7fcZFCw
2025-04-30T08:27:28.643+09:00  INFO 16156 --- [http-nio-4080-exec-10] c.example.cco.security.JwtTokenProvider  : Wed Apr 30 08:27:28 KST 2025
2025-04-30T08:27:28.643+09:00  INFO 16156 --- [http-nio-4080-exec-10] c.example.cco.security.JwtTokenProvider  : false
2025-04-30T08:27:28.654+09:00  WARN 16156 --- [http-nio-4080-exec-10] o.h.engine.jdbc.spi.SqlExceptionHelper   : SQL Error: 0, SQLState: 42703
2025-04-30T08:27:28.654+09:00 ERROR 16156 --- [http-nio-4080-exec-10] o.h.engine.jdbc.spi.SqlExceptionHelper   : ERROR: column vte1_0.settle_amount does not exist
  Position: 3893
2025-04-30T08:27:28.655+09:00  INFO 16156 --- [http-nio-4080-exec-10] o.h.e.internal.DefaultLoadEventListener  : HHH000327: Error performing load command

org.hibernate.exception.SQLGrammarException: JDBC exception executing SQL [select vte1_0.pkey,vte1_0.a1card,vte1_0.a1card_note,vte1_0.a1cash,vte1_0.a1cash_note,vte1_0.a1extra1,vte1_0.a1extra1name,vte1_0.a1extra1note,vte1_0.a1extra2,vte1_0.a1extra2name,vte1_0.a1extra2note,vte1_0.a1extra3,vte1_0.a1extra3name,vte1_0.a1extra3note,vte1_0.a1extra4,vte1_0.a1extra4name,vte1_0.a1extra4note,vte1_0.a1extra5,vte1_0.a1extra5name,vte1_0.a1extra5note,vte1_0.a1tax,vte1_0.a1tax_note,vte1_0.active_yn,vte1_0.a_total,vte1_0.b1electricity,vte1_0.b1electricity_note,vte1_0.b1etc_expense,vte1_0.b1etc_expense_note,vte1_0.b1extra1,vte1_0.b1extra1name,vte1_0.b1extra1note,vte1_0.b1extra2,vte1_0.b1extra2name,vte1_0.b1extra2note,vte1_0.b1extra3,vte1_0.b1extra3name,vte1_0.b1extra3note,vte1_0.b1extra4,vte1_0.b1extra4name,vte1_0.b1extra4note,vte1_0.b1extra5,vte1_0.b1extra5name,vte1_0.b1extra5note,vte1_0.b1gas,vte1_0.b1gas_note,vte1_0.b1internet,vte1_0.b1internet_note,vte1_0.b1maint,vte1_0.b1maint_note,vte1_0.b1rent,vte1_0.b1rent_note,vte1_0.b2charge,vte1_0.b2charge_note,vte1_0.b3etc,vte1_0.b3etc_note,vte1_0.b3extra1,vte1_0.b3extra1name,vte1_0.b3extra1note,vte1_0.b3extra2,vte1_0.b3extra2name,vte1_0.b3extra2note,vte1_0.b3extra3,vte1_0.b3extra3name,vte1_0.b3extra3note,vte1_0.b3extra4,vte1_0.b3extra4name,vte1_0.b3extra4note,vte1_0.b3extra5,vte1_0.b3extra5name,vte1_0.b3extra5note,vte1_0.b3material,vte1_0.b3material_note,vte1_0.b4donation,vte1_0.b4donation_note,vte1_0.b4extra1,vte1_0.b4extra1name,vte1_0.b4extra1note,vte1_0.b4extra2,vte1_0.b4extra2name,vte1_0.b4extra2note,vte1_0.b4extra3,vte1_0.b4extra3name,vte1_0.b4extra3note,vte1_0.b4extra4,vte1_0.b4extra4name,vte1_0.b4extra4note,vte1_0.b4extra5,vte1_0.b4extra5name,vte1_0.b4extra5note,vte1_0.b4init_product,vte1_0.b4init_product_note,vte1_0.bank,vte1_0.bank_account,vte1_0.bank_account_number,vte1_0.brand_cd,vte1_0.brand_name,vte1_0.b_total,vte1_0.c1card_fee,vte1_0.c1card_fee_note,vte1_0.c1electricity,vte1_0.c1electricity_note,vte1_0.c1etc_expense,vte1_0.c1etc_expense_note,vte1_0.c1extra1,vte1_0.c1extra1name,vte1_0.c1extra1note,vte1_0.c1extra2,vte1_0.c1extra2name,vte1_0.c1extra2note,vte1_0.c1extra3,vte1_0.c1extra3name,vte1_0.c1extra3note,vte1_0.c1extra4,vte1_0.c1extra4name,vte1_0.c1extra4note,vte1_0.c1extra5,vte1_0.c1extra5name,vte1_0.c1extra5note,vte1_0.c1gas,vte1_0.c1gas_note,vte1_0.c1insurance,vte1_0.c1insurance_note,vte1_0.c1rent,vte1_0.c1rent_note,vte1_0.c1water,vte1_0.c1water_note,vte1_0.c2extra1,vte1_0.c2extra1name,vte1_0.c2extra1note,vte1_0.c2extra2,vte1_0.c2extra2name,vte1_0.c2extra2note,vte1_0.c2extra3,vte1_0.c2extra3name,vte1_0.c2extra3note,vte1_0.c2extra4,vte1_0.c2extra4name,vte1_0.c2extra4note,vte1_0.c2extra5,vte1_0.c2extra5name,vte1_0.c2extra5note,vte1_0.c2interest_cost,vte1_0.c2interest_cost_note,vte1_0.closed_yn,vte1_0.d1carryover,vte1_0.d1carryover_note,vte1_0.d1extra1,vte1_0.d1extra1name,vte1_0.d1extra1note,vte1_0.d1extra2,vte1_0.d1extra2name,vte1_0.d1extra2note,vte1_0.d1extra3,vte1_0.d1extra3name,vte1_0.d1extra3note,vte1_0.d1extra4,vte1_0.d1extra4name,vte1_0.d1extra4note,vte1_0.d1extra5,vte1_0.d1extra5name,vte1_0.d1extra5note,vte1_0.d1material,vte1_0.d1material_note,vte1_0.d1store_maint,vte1_0.d1store_maint_note,vte1_0.d2cash,vte1_0.d2cash_note,vte1_0.d2extra1,vte1_0.d2extra1name,vte1_0.d2extra1note,vte1_0.d2extra2,vte1_0.d2extra2name,vte1_0.d2extra2note,vte1_0.d2extra3,vte1_0.d2extra3name,vte1_0.d2extra3note,vte1_0.d2extra4,vte1_0.d2extra4name,vte1_0.d2extra4note,vte1_0.d2extra5,vte1_0.d2extra5name,vte1_0.d2extra5note,vte1_0.d3extra1,vte1_0.d3extra1name,vte1_0.d3extra1note,vte1_0.d3extra2,vte1_0.d3extra2name,vte1_0.d3extra2note,vte1_0.d3extra3,vte1_0.d3extra3name,vte1_0.d3extra3note,vte1_0.d3extra4,vte1_0.d3extra4name,vte1_0.d3extra4note,vte1_0.d3extra5,vte1_0.d3extra5name,vte1_0.d3extra5note,vte1_0.d3init_product,vte1_0.d3init_product_note,vte1_0.d3rent,vte1_0.d3rent_note,vte1_0.deposit_amount,vte1_0.insert_timestamp,vte1_0.owner,vte1_0.phone,vte1_0.sales_profit,vte1_0.settle_amount,vte1_0.settlement_amount,vte1_0.settlement_cd,vte1_0.settlement_title,vte1_0.settlement_ymd,vte1_0.src_a1card,vte1_0.src_a1cash,vte1_0.src_b1electricity,vte1_0.src_b3material,vte1_0.src_c1card_fee,vte1_0.src_d1material,vte1_0.store_code,vte1_0.store_name,vte1_0.update_timestamp from cnco.vsettlement_total vte1_0 where vte1_0.pkey=?] [ERROR: column vte1_0.settle_amount does not exist
  Position: 3893] [n/a]
	at org.hibernate.exception.internal.SQLStateConversionDelegate.convert(SQLStateConversionDelegate.java:91) ~[hibernate-core-6.3.1.Final.jar:6.3.1.Final]
	at org.hibernate.exception.internal.StandardSQLExceptionConverter.convert(StandardSQLExceptionConverter.java:58) ~[hibernate-core-6.3.1.Final.jar:6.3.1.Final]
	at org.hibernate.engine.jdbc.spi.SqlExceptionHelper.convert(SqlExceptionHelper.java:108) ~[hibernate-core-6.3.1.Final.jar:6.3.1.Final]
	at org.hibernate.engine.jdbc.spi.SqlExceptionHelper.convert(SqlExceptionHelper.java:94) ~[hibernate-core-6.3.1.Final.jar:6.3.1.Final]
	at org.hibernate.sql.results.jdbc.internal.DeferredResultSetAccess.executeQuery(DeferredResultSetAccess.java:258) ~[hibernate-core-6.3.1.Final.jar:6.3.1.Final]
	at org.hibernate.sql.results.jdbc.internal.DeferredResultSetAccess.getResultSet(DeferredResultSetAccess.java:164) ~[hibernate-core-6.3.1.Final.jar:6.3.1.Final]
	at org.hibernate.sql.results.jdbc.internal.JdbcValuesResultSetImpl.advanceNext(JdbcValuesResultSetImpl.java:218) ~[hibernate-core-6.3.1.Final.jar:6.3.1.Final]
	at org.hibernate.sql.results.jdbc.internal.JdbcValuesResultSetImpl.processNext(JdbcValuesResultSetImpl.java:98) ~[hibernate-core-6.3.1.Final.jar:6.3.1.Final]
	at org.hibernate.sql.results.jdbc.internal.AbstractJdbcValues.next(AbstractJdbcValues.java:19) ~[hibernate-core-6.3.1.Final.jar:6.3.1.Final]
	at org.hibernate.sql.results.internal.RowProcessingStateStandardImpl.next(RowProcessingStateStandardImpl.java:66) ~[hibernate-core-6.3.1.Final.jar:6.3.1.Final]
	at org.hibernate.sql.results.spi.ListResultsConsumer.consume(ListResultsConsumer.java:186) ~[hibernate-core-6.3.1.Final.jar:6.3.1.Final]
	at org.hibernate.sql.results.spi.ListResultsConsumer.consume(ListResultsConsumer.java:33) ~[hibernate-core-6.3.1.Final.jar:6.3.1.Final]
	at org.hibernate.sql.exec.internal.JdbcSelectExecutorStandardImpl.doExecuteQuery(JdbcSelectExecutorStandardImpl.java:361) ~[hibernate-core-6.3.1.Final.jar:6.3.1.Final]
	at org.hibernate.sql.exec.internal.JdbcSelectExecutorStandardImpl.executeQuery(JdbcSelectExecutorStandardImpl.java:168) ~[hibernate-core-6.3.1.Final.jar:6.3.1.Final]
	at org.hibernate.sql.exec.internal.JdbcSelectExecutorStandardImpl.list(JdbcSelectExecutorStandardImpl.java:93) ~[hibernate-core-6.3.1.Final.jar:6.3.1.Final]
	at org.hibernate.sql.exec.spi.JdbcSelectExecutor.list(JdbcSelectExecutor.java:31) ~[hibernate-core-6.3.1.Final.jar:6.3.1.Final]
	at org.hibernate.loader.ast.internal.SingleIdLoadPlan.load(SingleIdLoadPlan.java:145) ~[hibernate-core-6.3.1.Final.jar:6.3.1.Final]
	at org.hibernate.loader.ast.internal.SingleIdLoadPlan.load(SingleIdLoadPlan.java:117) ~[hibernate-core-6.3.1.Final.jar:6.3.1.Final]
	at org.hibernate.loader.ast.internal.SingleIdEntityLoaderStandardImpl.load(SingleIdEntityLoaderStandardImpl.java:75) ~[hibernate-core-6.3.1.Final.jar:6.3.1.Final]
	at org.hibernate.persister.entity.AbstractEntityPersister.doLoad(AbstractEntityPersister.java:3673) ~[hibernate-core-6.3.1.Final.jar:6.3.1.Final]
	at org.hibernate.persister.entity.AbstractEntityPersister.load(AbstractEntityPersister.java:3662) ~[hibernate-core-6.3.1.Final.jar:6.3.1.Final]
	at org.hibernate.event.internal.DefaultLoadEventListener.loadFromDatasource(DefaultLoadEventListener.java:591) ~[hibernate-core-6.3.1.Final.jar:6.3.1.Final]
	at org.hibernate.event.internal.DefaultLoadEventListener.loadFromCacheOrDatasource(DefaultLoadEventListener.java:577) ~[hibernate-core-6.3.1.Final.jar:6.3.1.Final]
	at org.hibernate.event.internal.DefaultLoadEventListener.load(DefaultLoadEventListener.java:547) ~[hibernate-core-6.3.1.Final.jar:6.3.1.Final]
	at org.hibernate.event.internal.DefaultLoadEventListener.doLoad(DefaultLoadEventListener.java:531) ~[hibernate-core-6.3.1.Final.jar:6.3.1.Final]
	at org.hibernate.event.internal.DefaultLoadEventListener.load(DefaultLoadEventListener.java:206) ~[hibernate-core-6.3.1.Final.jar:6.3.1.Final]
	at org.hibernate.event.internal.DefaultLoadEventListener.loadWithRegularProxy(DefaultLoadEventListener.java:286) ~[hibernate-core-6.3.1.Final.jar:6.3.1.Final]
	at org.hibernate.event.internal.DefaultLoadEventListener.proxyOrLoad(DefaultLoadEventListener.java:241) ~[hibernate-core-6.3.1.Final.jar:6.3.1.Final]
	at org.hibernate.event.internal.DefaultLoadEventListener.doOnLoad(DefaultLoadEventListener.java:110) ~[hibernate-core-6.3.1.Final.jar:6.3.1.Final]
	at org.hibernate.event.internal.DefaultLoadEventListener.onLoad(DefaultLoadEventListener.java:67) ~[hibernate-core-6.3.1.Final.jar:6.3.1.Final]
	at org.hibernate.event.service.internal.EventListenerGroupImpl.fireEventOnEachListener(EventListenerGroupImpl.java:138) ~[hibernate-core-6.3.1.Final.jar:6.3.1.Final]
	at org.hibernate.internal.SessionImpl.fireLoadNoChecks(SessionImpl.java:1234) ~[hibernate-core-6.3.1.Final.jar:6.3.1.Final]
	at org.hibernate.internal.SessionImpl.fireLoad(SessionImpl.java:1222) ~[hibernate-core-6.3.1.Final.jar:6.3.1.Final]
	at org.hibernate.loader.internal.IdentifierLoadAccessImpl.load(IdentifierLoadAccessImpl.java:209) ~[hibernate-core-6.3.1.Final.jar:6.3.1.Final]
	at org.hibernate.loader.internal.IdentifierLoadAccessImpl.doLoad(IdentifierLoadAccessImpl.java:160) ~[hibernate-core-6.3.1.Final.jar:6.3.1.Final]
	at org.hibernate.loader.internal.IdentifierLoadAccessImpl.lambda$load$1(IdentifierLoadAccessImpl.java:149) ~[hibernate-core-6.3.1.Final.jar:6.3.1.Final]
	at org.hibernate.loader.internal.IdentifierLoadAccessImpl.perform(IdentifierLoadAccessImpl.java:112) ~[hibernate-core-6.3.1.Final.jar:6.3.1.Final]
	at org.hibernate.loader.internal.IdentifierLoadAccessImpl.load(IdentifierLoadAccessImpl.java:149) ~[hibernate-core-6.3.1.Final.jar:6.3.1.Final]
	at org.hibernate.internal.SessionImpl.find(SessionImpl.java:2430) ~[hibernate-core-6.3.1.Final.jar:6.3.1.Final]
	at org.hibernate.internal.SessionImpl.find(SessionImpl.java:2401) ~[hibernate-core-6.3.1.Final.jar:6.3.1.Final]
	at java.base/jdk.internal.reflect.NativeMethodAccessorImpl.invoke0(Native Method) ~[na:na]
	at java.base/jdk.internal.reflect.NativeMethodAccessorImpl.invoke(NativeMethodAccessorImpl.java:77) ~[na:na]
	at java.base/jdk.internal.reflect.DelegatingMethodAccessorImpl.invoke(DelegatingMethodAccessorImpl.java:43) ~[na:na]
	at java.base/java.lang.reflect.Method.invoke(Method.java:569) ~[na:na]
	at org.springframework.orm.jpa.ExtendedEntityManagerCreator$ExtendedEntityManagerInvocationHandler.invoke(ExtendedEntityManagerCreator.java:360) ~[spring-orm-6.1.1.jar:6.1.1]
	at jdk.proxy2/jdk.proxy2.$Proxy134.find(Unknown Source) ~[na:na]
	at java.base/jdk.internal.reflect.NativeMethodAccessorImpl.invoke0(Native Method) ~[na:na]
	at java.base/jdk.internal.reflect.NativeMethodAccessorImpl.invoke(NativeMethodAccessorImpl.java:77) ~[na:na]
	at java.base/jdk.internal.reflect.DelegatingMethodAccessorImpl.invoke(DelegatingMethodAccessorImpl.java:43) ~[na:na]
	at java.base/java.lang.reflect.Method.invoke(Method.java:569) ~[na:na]
	at org.springframework.orm.jpa.SharedEntityManagerCreator$SharedEntityManagerInvocationHandler.invoke(SharedEntityManagerCreator.java:311) ~[spring-orm-6.1.1.jar:6.1.1]
	at jdk.proxy2/jdk.proxy2.$Proxy134.find(Unknown Source) ~[na:na]
	at org.springframework.data.jpa.repository.support.SimpleJpaRepository.findById(SimpleJpaRepository.java:313) ~[spring-data-jpa-3.2.0.jar:3.2.0]
	at java.base/jdk.internal.reflect.NativeMethodAccessorImpl.invoke0(Native Method) ~[na:na]
	at java.base/jdk.internal.reflect.NativeMethodAccessorImpl.invoke(NativeMethodAccessorImpl.java:77) ~[na:na]
	at java.base/jdk.internal.reflect.DelegatingMethodAccessorImpl.invoke(DelegatingMethodAccessorImpl.java:43) ~[na:na]
	at java.base/java.lang.reflect.Method.invoke(Method.java:569) ~[na:na]
	at org.springframework.aop.support.AopUtils.invokeJoinpointUsingReflection(AopUtils.java:352) ~[spring-aop-6.1.1.jar:6.1.1]
	at org.springframework.data.repository.core.support.RepositoryMethodInvoker$RepositoryFragmentMethodInvoker.lambda$new$0(RepositoryMethodInvoker.java:277) ~[spring-data-commons-3.2.0.jar:3.2.0]
	at org.springframework.data.repository.core.support.RepositoryMethodInvoker.doInvoke(RepositoryMethodInvoker.java:170) ~[spring-data-commons-3.2.0.jar:3.2.0]
	at org.springframework.data.repository.core.support.RepositoryMethodInvoker.invoke(RepositoryMethodInvoker.java:158) ~[spring-data-commons-3.2.0.jar:3.2.0]
	at org.springframework.data.repository.core.support.RepositoryComposition$RepositoryFragments.invoke(RepositoryComposition.java:516) ~[spring-data-commons-3.2.0.jar:3.2.0]
	at org.springframework.data.repository.core.support.RepositoryComposition.invoke(RepositoryComposition.java:285) ~[spring-data-commons-3.2.0.jar:3.2.0]
	at org.springframework.data.repository.core.support.RepositoryFactorySupport$ImplementationMethodExecutionInterceptor.invoke(RepositoryFactorySupport.java:628) ~[spring-data-commons-3.2.0.jar:3.2.0]
	at org.springframework.aop.framework.ReflectiveMethodInvocation.proceed(ReflectiveMethodInvocation.java:184) ~[spring-aop-6.1.1.jar:6.1.1]
	at org.springframework.data.repository.core.support.QueryExecutorMethodInterceptor.doInvoke(QueryExecutorMethodInterceptor.java:168) ~[spring-data-commons-3.2.0.jar:3.2.0]
	at org.springframework.data.repository.core.support.QueryExecutorMethodInterceptor.invoke(QueryExecutorMethodInterceptor.java:143) ~[spring-data-commons-3.2.0.jar:3.2.0]
	at org.springframework.aop.framework.ReflectiveMethodInvocation.proceed(ReflectiveMethodInvocation.java:184) ~[spring-aop-6.1.1.jar:6.1.1]
	at org.springframework.data.projection.DefaultMethodInvokingMethodInterceptor.invoke(DefaultMethodInvokingMethodInterceptor.java:70) ~[spring-data-commons-3.2.0.jar:3.2.0]
	at org.springframework.aop.framework.ReflectiveMethodInvocation.proceed(ReflectiveMethodInvocation.java:184) ~[spring-aop-6.1.1.jar:6.1.1]
	at org.springframework.transaction.interceptor.TransactionInterceptor$1.proceedWithInvocation(TransactionInterceptor.java:123) ~[spring-tx-6.1.1.jar:6.1.1]
	at org.springframework.transaction.interceptor.TransactionAspectSupport.invokeWithinTransaction(TransactionAspectSupport.java:385) ~[spring-tx-6.1.1.jar:6.1.1]
	at org.springframework.transaction.interceptor.TransactionInterceptor.invoke(TransactionInterceptor.java:119) ~[spring-tx-6.1.1.jar:6.1.1]
	at org.springframework.aop.framework.ReflectiveMethodInvocation.proceed(ReflectiveMethodInvocation.java:184) ~[spring-aop-6.1.1.jar:6.1.1]
	at org.springframework.dao.support.PersistenceExceptionTranslationInterceptor.invoke(PersistenceExceptionTranslationInterceptor.java:137) ~[spring-tx-6.1.1.jar:6.1.1]
	at org.springframework.aop.framework.ReflectiveMethodInvocation.proceed(ReflectiveMethodInvocation.java:184) ~[spring-aop-6.1.1.jar:6.1.1]
	at org.springframework.data.jpa.repository.support.CrudMethodMetadataPostProcessor$CrudMethodMetadataPopulatingMethodInterceptor.invoke(CrudMethodMetadataPostProcessor.java:164) ~[spring-data-jpa-3.2.0.jar:3.2.0]
	at org.springframework.aop.framework.ReflectiveMethodInvocation.proceed(ReflectiveMethodInvocation.java:184) ~[spring-aop-6.1.1.jar:6.1.1]
	at org.springframework.aop.interceptor.ExposeInvocationInterceptor.invoke(ExposeInvocationInterceptor.java:97) ~[spring-aop-6.1.1.jar:6.1.1]
	at org.springframework.aop.framework.ReflectiveMethodInvocation.proceed(ReflectiveMethodInvocation.java:184) ~[spring-aop-6.1.1.jar:6.1.1]
	at org.springframework.aop.framework.JdkDynamicAopProxy.invoke(JdkDynamicAopProxy.java:249) ~[spring-aop-6.1.1.jar:6.1.1]
	at jdk.proxy2/jdk.proxy2.$Proxy146.findById(Unknown Source) ~[na:na]
	at com.example.cco.settlement.SettlementServiceImpl.getSettlementDetail(SettlementServiceImpl.java:564) ~[main/:na]
	at java.base/jdk.internal.reflect.NativeMethodAccessorImpl.invoke0(Native Method) ~[na:na]
	at java.base/jdk.internal.reflect.NativeMethodAccessorImpl.invoke(NativeMethodAccessorImpl.java:77) ~[na:na]
	at java.base/jdk.internal.reflect.DelegatingMethodAccessorImpl.invoke(DelegatingMethodAccessorImpl.java:43) ~[na:na]
	at java.base/java.lang.reflect.Method.invoke(Method.java:569) ~[na:na]
	at org.springframework.aop.support.AopUtils.invokeJoinpointUsingReflection(AopUtils.java:352) ~[spring-aop-6.1.1.jar:6.1.1]
	at org.springframework.aop.framework.ReflectiveMethodInvocation.invokeJoinpoint(ReflectiveMethodInvocation.java:196) ~[spring-aop-6.1.1.jar:6.1.1]
	at org.springframework.aop.framework.ReflectiveMethodInvocation.proceed(ReflectiveMethodInvocation.java:163) ~[spring-aop-6.1.1.jar:6.1.1]
	at org.springframework.aop.framework.CglibAopProxy$CglibMethodInvocation.proceed(CglibAopProxy.java:765) ~[spring-aop-6.1.1.jar:6.1.1]
	at org.springframework.transaction.interceptor.TransactionInterceptor$1.proceedWithInvocation(TransactionInterceptor.java:123) ~[spring-tx-6.1.1.jar:6.1.1]
	at org.springframework.transaction.interceptor.TransactionAspectSupport.invokeWithinTransaction(TransactionAspectSupport.java:385) ~[spring-tx-6.1.1.jar:6.1.1]
	at org.springframework.transaction.interceptor.TransactionInterceptor.invoke(TransactionInterceptor.java:119) ~[spring-tx-6.1.1.jar:6.1.1]
	at org.springframework.aop.framework.ReflectiveMethodInvocation.proceed(ReflectiveMethodInvocation.java:184) ~[spring-aop-6.1.1.jar:6.1.1]
	at org.springframework.aop.framework.CglibAopProxy$CglibMethodInvocation.proceed(CglibAopProxy.java:765) ~[spring-aop-6.1.1.jar:6.1.1]
	at org.springframework.aop.framework.CglibAopProxy$DynamicAdvisedInterceptor.intercept(CglibAopProxy.java:717) ~[spring-aop-6.1.1.jar:6.1.1]
	at com.example.cco.settlement.SettlementServiceImpl$$SpringCGLIB$$0.getSettlementDetail(<generated>) ~[main/:na]
	at com.example.cco.settlement.SettlementController.getSettlementDetail(SettlementController.java:79) ~[main/:na]
	at java.base/jdk.internal.reflect.NativeMethodAccessorImpl.invoke0(Native Method) ~[na:na]
	at java.base/jdk.internal.reflect.NativeMethodAccessorImpl.invoke(NativeMethodAccessorImpl.java:77) ~[na:na]
	at java.base/jdk.internal.reflect.DelegatingMethodAccessorImpl.invoke(DelegatingMethodAccessorImpl.java:43) ~[na:na]
	at java.base/java.lang.reflect.Method.invoke(Method.java:569) ~[na:na]
	at org.springframework.web.method.support.InvocableHandlerMethod.doInvoke(InvocableHandlerMethod.java:254) ~[spring-web-6.1.1.jar:6.1.1]
	at org.springframework.web.method.support.InvocableHandlerMethod.invokeForRequest(InvocableHandlerMethod.java:182) ~[spring-web-6.1.1.jar:6.1.1]
	at org.springframework.web.servlet.mvc.method.annotation.ServletInvocableHandlerMethod.invokeAndHandle(ServletInvocableHandlerMethod.java:118) ~[spring-webmvc-6.1.1.jar:6.1.1]
	at org.springframework.web.servlet.mvc.method.annotation.RequestMappingHandlerAdapter.invokeHandlerMethod(RequestMappingHandlerAdapter.java:917) ~[spring-webmvc-6.1.1.jar:6.1.1]
	at org.springframework.web.servlet.mvc.method.annotation.RequestMappingHandlerAdapter.handleInternal(RequestMappingHandlerAdapter.java:829) ~[spring-webmvc-6.1.1.jar:6.1.1]
	at org.springframework.web.servlet.mvc.method.AbstractHandlerMethodAdapter.handle(AbstractHandlerMethodAdapter.java:87) ~[spring-webmvc-6.1.1.jar:6.1.1]
	at org.springframework.web.servlet.DispatcherServlet.doDispatch(DispatcherServlet.java:1089) ~[spring-webmvc-6.1.1.jar:6.1.1]
	at org.springframework.web.servlet.DispatcherServlet.doService(DispatcherServlet.java:979) ~[spring-webmvc-6.1.1.jar:6.1.1]
	at org.springframework.web.servlet.FrameworkServlet.processRequest(FrameworkServlet.java:1014) ~[spring-webmvc-6.1.1.jar:6.1.1]
	at org.springframework.web.servlet.FrameworkServlet.doGet(FrameworkServlet.java:903) ~[spring-webmvc-6.1.1.jar:6.1.1]
	at jakarta.servlet.http.HttpServlet.service(HttpServlet.java:564) ~[tomcat-embed-core-10.1.16.jar:6.0]
	at org.springframework.web.servlet.FrameworkServlet.service(FrameworkServlet.java:885) ~[spring-webmvc-6.1.1.jar:6.1.1]
	at jakarta.servlet.http.HttpServlet.service(HttpServlet.java:658) ~[tomcat-embed-core-10.1.16.jar:6.0]
	at org.apache.catalina.core.ApplicationFilterChain.internalDoFilter(ApplicationFilterChain.java:205) ~[tomcat-embed-core-10.1.16.jar:10.1.16]
	at org.apache.catalina.core.ApplicationFilterChain.doFilter(ApplicationFilterChain.java:149) ~[tomcat-embed-core-10.1.16.jar:10.1.16]
	at org.apache.tomcat.websocket.server.WsFilter.doFilter(WsFilter.java:51) ~[tomcat-embed-websocket-10.1.16.jar:10.1.16]
	at org.apache.catalina.core.ApplicationFilterChain.internalDoFilter(ApplicationFilterChain.java:174) ~[tomcat-embed-core-10.1.16.jar:10.1.16]
	at org.apache.catalina.core.ApplicationFilterChain.doFilter(ApplicationFilterChain.java:149) ~[tomcat-embed-core-10.1.16.jar:10.1.16]
	at org.springframework.security.web.FilterChainProxy.lambda$doFilterInternal$3(FilterChainProxy.java:231) ~[spring-security-web-6.2.0.jar:6.2.0]
	at org.springframework.security.web.FilterChainProxy$VirtualFilterChain.doFilter(FilterChainProxy.java:365) ~[spring-security-web-6.2.0.jar:6.2.0]
	at org.springframework.security.web.access.intercept.AuthorizationFilter.doFilter(AuthorizationFilter.java:100) ~[spring-security-web-6.2.0.jar:6.2.0]
	at org.springframework.security.web.FilterChainProxy$VirtualFilterChain.doFilter(FilterChainProxy.java:374) ~[spring-security-web-6.2.0.jar:6.2.0]
	at org.springframework.security.web.access.ExceptionTranslationFilter.doFilter(ExceptionTranslationFilter.java:126) ~[spring-security-web-6.2.0.jar:6.2.0]
	at org.springframework.security.web.access.ExceptionTranslationFilter.doFilter(ExceptionTranslationFilter.java:120) ~[spring-security-web-6.2.0.jar:6.2.0]
	at org.springframework.security.web.FilterChainProxy$VirtualFilterChain.doFilter(FilterChainProxy.java:374) ~[spring-security-web-6.2.0.jar:6.2.0]
	at org.springframework.security.web.session.SessionManagementFilter.doFilter(SessionManagementFilter.java:131) ~[spring-security-web-6.2.0.jar:6.2.0]
	at org.springframework.security.web.session.SessionManagementFilter.doFilter(SessionManagementFilter.java:85) ~[spring-security-web-6.2.0.jar:6.2.0]
	at org.springframework.security.web.FilterChainProxy$VirtualFilterChain.doFilter(FilterChainProxy.java:374) ~[spring-security-web-6.2.0.jar:6.2.0]
	at org.springframework.security.web.authentication.AnonymousAuthenticationFilter.doFilter(AnonymousAuthenticationFilter.java:100) ~[spring-security-web-6.2.0.jar:6.2.0]
	at org.springframework.security.web.FilterChainProxy$VirtualFilterChain.doFilter(FilterChainProxy.java:374) ~[spring-security-web-6.2.0.jar:6.2.0]
	at org.springframework.security.web.servletapi.SecurityContextHolderAwareRequestFilter.doFilter(SecurityContextHolderAwareRequestFilter.java:179) ~[spring-security-web-6.2.0.jar:6.2.0]
	at org.springframework.security.web.FilterChainProxy$VirtualFilterChain.doFilter(FilterChainProxy.java:374) ~[spring-security-web-6.2.0.jar:6.2.0]
	at org.springframework.security.web.savedrequest.RequestCacheAwareFilter.doFilter(RequestCacheAwareFilter.java:63) ~[spring-security-web-6.2.0.jar:6.2.0]
	at org.springframework.security.web.FilterChainProxy$VirtualFilterChain.doFilter(FilterChainProxy.java:374) ~[spring-security-web-6.2.0.jar:6.2.0]
	at org.springframework.security.web.authentication.AbstractAuthenticationProcessingFilter.doFilter(AbstractAuthenticationProcessingFilter.java:227) ~[spring-security-web-6.2.0.jar:6.2.0]
	at org.springframework.security.web.authentication.AbstractAuthenticationProcessingFilter.doFilter(AbstractAuthenticationProcessingFilter.java:221) ~[spring-security-web-6.2.0.jar:6.2.0]
	at org.springframework.security.web.FilterChainProxy$VirtualFilterChain.doFilter(FilterChainProxy.java:374) ~[spring-security-web-6.2.0.jar:6.2.0]
	at com.example.cco.security.JwtAuthorizationFilter.doFilterInternal(JwtAuthorizationFilter.java:48) ~[main/:na]
	at org.springframework.web.filter.OncePerRequestFilter.doFilter(OncePerRequestFilter.java:116) ~[spring-web-6.1.1.jar:6.1.1]
	at org.springframework.security.web.FilterChainProxy$VirtualFilterChain.doFilter(FilterChainProxy.java:374) ~[spring-security-web-6.2.0.jar:6.2.0]
	at org.springframework.security.web.authentication.logout.LogoutFilter.doFilter(LogoutFilter.java:107) ~[spring-security-web-6.2.0.jar:6.2.0]
	at org.springframework.security.web.authentication.logout.LogoutFilter.doFilter(LogoutFilter.java:93) ~[spring-security-web-6.2.0.jar:6.2.0]
	at org.springframework.security.web.FilterChainProxy$VirtualFilterChain.doFilter(FilterChainProxy.java:374) ~[spring-security-web-6.2.0.jar:6.2.0]
	at org.springframework.web.filter.CorsFilter.doFilterInternal(CorsFilter.java:91) ~[spring-web-6.1.1.jar:6.1.1]
	at org.springframework.web.filter.OncePerRequestFilter.doFilter(OncePerRequestFilter.java:116) ~[spring-web-6.1.1.jar:6.1.1]
	at org.springframework.security.web.FilterChainProxy$VirtualFilterChain.doFilter(FilterChainProxy.java:374) ~[spring-security-web-6.2.0.jar:6.2.0]
	at org.springframework.security.web.header.HeaderWriterFilter.doHeadersAfter(HeaderWriterFilter.java:90) ~[spring-security-web-6.2.0.jar:6.2.0]
	at org.springframework.security.web.header.HeaderWriterFilter.doFilterInternal(HeaderWriterFilter.java:75) ~[spring-security-web-6.2.0.jar:6.2.0]
	at org.springframework.web.filter.OncePerRequestFilter.doFilter(OncePerRequestFilter.java:116) ~[spring-web-6.1.1.jar:6.1.1]
	at org.springframework.security.web.FilterChainProxy$VirtualFilterChain.doFilter(FilterChainProxy.java:374) ~[spring-security-web-6.2.0.jar:6.2.0]
	at org.springframework.security.web.context.SecurityContextHolderFilter.doFilter(SecurityContextHolderFilter.java:82) ~[spring-security-web-6.2.0.jar:6.2.0]
	at org.springframework.security.web.context.SecurityContextHolderFilter.doFilter(SecurityContextHolderFilter.java:69) ~[spring-security-web-6.2.0.jar:6.2.0]
	at org.springframework.security.web.FilterChainProxy$VirtualFilterChain.doFilter(FilterChainProxy.java:374) ~[spring-security-web-6.2.0.jar:6.2.0]
	at org.springframework.security.web.context.request.async.WebAsyncManagerIntegrationFilter.doFilterInternal(WebAsyncManagerIntegrationFilter.java:62) ~[spring-security-web-6.2.0.jar:6.2.0]
	at org.springframework.web.filter.OncePerRequestFilter.doFilter(OncePerRequestFilter.java:116) ~[spring-web-6.1.1.jar:6.1.1]
	at org.springframework.security.web.FilterChainProxy$VirtualFilterChain.doFilter(FilterChainProxy.java:374) ~[spring-security-web-6.2.0.jar:6.2.0]
	at org.springframework.security.web.session.DisableEncodeUrlFilter.doFilterInternal(DisableEncodeUrlFilter.java:42) ~[spring-security-web-6.2.0.jar:6.2.0]
	at org.springframework.web.filter.OncePerRequestFilter.doFilter(OncePerRequestFilter.java:116) ~[spring-web-6.1.1.jar:6.1.1]
	at org.springframework.security.web.FilterChainProxy$VirtualFilterChain.doFilter(FilterChainProxy.java:374) ~[spring-security-web-6.2.0.jar:6.2.0]
	at org.springframework.security.web.FilterChainProxy.doFilterInternal(FilterChainProxy.java:233) ~[spring-security-web-6.2.0.jar:6.2.0]
	at org.springframework.security.web.FilterChainProxy.doFilter(FilterChainProxy.java:191) ~[spring-security-web-6.2.0.jar:6.2.0]
	at org.springframework.web.filter.DelegatingFilterProxy.invokeDelegate(DelegatingFilterProxy.java:352) ~[spring-web-6.1.1.jar:6.1.1]
	at org.springframework.web.filter.DelegatingFilterProxy.doFilter(DelegatingFilterProxy.java:268) ~[spring-web-6.1.1.jar:6.1.1]
	at org.apache.catalina.core.ApplicationFilterChain.internalDoFilter(ApplicationFilterChain.java:174) ~[tomcat-embed-core-10.1.16.jar:10.1.16]
	at org.apache.catalina.core.ApplicationFilterChain.doFilter(ApplicationFilterChain.java:149) ~[tomcat-embed-core-10.1.16.jar:10.1.16]
	at org.springframework.web.filter.RequestContextFilter.doFilterInternal(RequestContextFilter.java:100) ~[spring-web-6.1.1.jar:6.1.1]
	at org.springframework.web.filter.OncePerRequestFilter.doFilter(OncePerRequestFilter.java:116) ~[spring-web-6.1.1.jar:6.1.1]
	at org.apache.catalina.core.ApplicationFilterChain.internalDoFilter(ApplicationFilterChain.java:174) ~[tomcat-embed-core-10.1.16.jar:10.1.16]
	at org.apache.catalina.core.ApplicationFilterChain.doFilter(ApplicationFilterChain.java:149) ~[tomcat-embed-core-10.1.16.jar:10.1.16]
	at org.springframework.web.filter.FormContentFilter.doFilterInternal(FormContentFilter.java:93) ~[spring-web-6.1.1.jar:6.1.1]
	at org.springframework.web.filter.OncePerRequestFilter.doFilter(OncePerRequestFilter.java:116) ~[spring-web-6.1.1.jar:6.1.1]
	at org.apache.catalina.core.ApplicationFilterChain.internalDoFilter(ApplicationFilterChain.java:174) ~[tomcat-embed-core-10.1.16.jar:10.1.16]
	at org.apache.catalina.core.ApplicationFilterChain.doFilter(ApplicationFilterChain.java:149) ~[tomcat-embed-core-10.1.16.jar:10.1.16]
	at org.springframework.web.filter.CharacterEncodingFilter.doFilterInternal(CharacterEncodingFilter.java:201) ~[spring-web-6.1.1.jar:6.1.1]
	at org.springframework.web.filter.OncePerRequestFilter.doFilter(OncePerRequestFilter.java:116) ~[spring-web-6.1.1.jar:6.1.1]
	at org.apache.catalina.core.ApplicationFilterChain.internalDoFilter(ApplicationFilterChain.java:174) ~[tomcat-embed-core-10.1.16.jar:10.1.16]
	at org.apache.catalina.core.ApplicationFilterChain.doFilter(ApplicationFilterChain.java:149) ~[tomcat-embed-core-10.1.16.jar:10.1.16]
	at org.apache.catalina.core.StandardWrapperValve.invoke(StandardWrapperValve.java:167) ~[tomcat-embed-core-10.1.16.jar:10.1.16]
	at org.apache.catalina.core.StandardContextValve.invoke(StandardContextValve.java:90) ~[tomcat-embed-core-10.1.16.jar:10.1.16]
	at org.apache.catalina.authenticator.AuthenticatorBase.invoke(AuthenticatorBase.java:482) ~[tomcat-embed-core-10.1.16.jar:10.1.16]
	at org.apache.catalina.core.StandardHostValve.invoke(StandardHostValve.java:115) ~[tomcat-embed-core-10.1.16.jar:10.1.16]
	at org.apache.catalina.valves.ErrorReportValve.invoke(ErrorReportValve.java:93) ~[tomcat-embed-core-10.1.16.jar:10.1.16]
	at org.apache.catalina.core.StandardEngineValve.invoke(StandardEngineValve.java:74) ~[tomcat-embed-core-10.1.16.jar:10.1.16]
	at org.apache.catalina.connector.CoyoteAdapter.service(CoyoteAdapter.java:340) ~[tomcat-embed-core-10.1.16.jar:10.1.16]
	at org.apache.coyote.http11.Http11Processor.service(Http11Processor.java:391) ~[tomcat-embed-core-10.1.16.jar:10.1.16]
	at org.apache.coyote.AbstractProcessorLight.process(AbstractProcessorLight.java:63) ~[tomcat-embed-core-10.1.16.jar:10.1.16]
	at org.apache.coyote.AbstractProtocol$ConnectionHandler.process(AbstractProtocol.java:896) ~[tomcat-embed-core-10.1.16.jar:10.1.16]
	at org.apache.tomcat.util.net.NioEndpoint$SocketProcessor.doRun(NioEndpoint.java:1744) ~[tomcat-embed-core-10.1.16.jar:10.1.16]
	at org.apache.tomcat.util.net.SocketProcessorBase.run(SocketProcessorBase.java:52) ~[tomcat-embed-core-10.1.16.jar:10.1.16]
	at org.apache.tomcat.util.threads.ThreadPoolExecutor.runWorker(ThreadPoolExecutor.java:1191) ~[tomcat-embed-core-10.1.16.jar:10.1.16]
	at org.apache.tomcat.util.threads.ThreadPoolExecutor$Worker.run(ThreadPoolExecutor.java:659) ~[tomcat-embed-core-10.1.16.jar:10.1.16]
	at org.apache.tomcat.util.threads.TaskThread$WrappingRunnable.run(TaskThread.java:61) ~[tomcat-embed-core-10.1.16.jar:10.1.16]
	at java.base/java.lang.Thread.run(Thread.java:840) ~[na:na]
Caused by: org.postgresql.util.PSQLException: ERROR: column vte1_0.settle_amount does not exist
  Position: 3893
	at org.postgresql.core.v3.QueryExecutorImpl.receiveErrorResponse(QueryExecutorImpl.java:2713) ~[postgresql-42.6.0.jar:42.6.0]
	at org.postgresql.core.v3.QueryExecutorImpl.processResults(QueryExecutorImpl.java:2401) ~[postgresql-42.6.0.jar:42.6.0]
	at org.postgresql.core.v3.QueryExecutorImpl.execute(QueryExecutorImpl.java:368) ~[postgresql-42.6.0.jar:42.6.0]
	at org.postgresql.jdbc.PgStatement.executeInternal(PgStatement.java:498) ~[postgresql-42.6.0.jar:42.6.0]
	at org.postgresql.jdbc.PgStatement.execute(PgStatement.java:415) ~[postgresql-42.6.0.jar:42.6.0]
	at org.postgresql.jdbc.PgPreparedStatement.executeWithFlags(PgPreparedStatement.java:190) ~[postgresql-42.6.0.jar:42.6.0]
	at org.postgresql.jdbc.PgPreparedStatement.executeQuery(PgPreparedStatement.java:134) ~[postgresql-42.6.0.jar:42.6.0]
	at com.zaxxer.hikari.pool.ProxyPreparedStatement.executeQuery(ProxyPreparedStatement.java:52) ~[HikariCP-5.0.1.jar:na]
	at com.zaxxer.hikari.pool.HikariProxyPreparedStatement.executeQuery(HikariProxyPreparedStatement.java) ~[HikariCP-5.0.1.jar:na]
	at org.hibernate.sql.results.jdbc.internal.DeferredResultSetAccess.executeQuery(DeferredResultSetAccess.java:240) ~[hibernate-core-6.3.1.Final.jar:6.3.1.Final]
	... 191 common frames omitted

2025-04-30T08:27:28.658+09:00 ERROR 16156 --- [http-nio-4080-exec-10] c.example.cco.exception.ExceptionAdvice  : org.springframework.dao.InvalidDataAccessResourceUsageException: JDBC exception executing SQL [select vte1_0.pkey,vte1_0.a1card,vte1_0.a1card_note,vte1_0.a1cash,vte1_0.a1cash_note,vte1_0.a1extra1,vte1_0.a1extra1name,vte1_0.a1extra1note,vte1_0.a1extra2,vte1_0.a1extra2name,vte1_0.a1extra2note,vte1_0.a1extra3,vte1_0.a1extra3name,vte1_0.a1extra3note,vte1_0.a1extra4,vte1_0.a1extra4name,vte1_0.a1extra4note,vte1_0.a1extra5,vte1_0.a1extra5name,vte1_0.a1extra5note,vte1_0.a1tax,vte1_0.a1tax_note,vte1_0.active_yn,vte1_0.a_total,vte1_0.b1electricity,vte1_0.b1electricity_note,vte1_0.b1etc_expense,vte1_0.b1etc_expense_note,vte1_0.b1extra1,vte1_0.b1extra1name,vte1_0.b1extra1note,vte1_0.b1extra2,vte1_0.b1extra2name,vte1_0.b1extra2note,vte1_0.b1extra3,vte1_0.b1extra3name,vte1_0.b1extra3note,vte1_0.b1extra4,vte1_0.b1extra4name,vte1_0.b1extra4note,vte1_0.b1extra5,vte1_0.b1extra5name,vte1_0.b1extra5note,vte1_0.b1gas,vte1_0.b1gas_note,vte1_0.b1internet,vte1_0.b1internet_note,vte1_0.b1maint,vte1_0.b1maint_note,vte1_0.b1rent,vte1_0.b1rent_note,vte1_0.b2charge,vte1_0.b2charge_note,vte1_0.b3etc,vte1_0.b3etc_note,vte1_0.b3extra1,vte1_0.b3extra1name,vte1_0.b3extra1note,vte1_0.b3extra2,vte1_0.b3extra2name,vte1_0.b3extra2note,vte1_0.b3extra3,vte1_0.b3extra3name,vte1_0.b3extra3note,vte1_0.b3extra4,vte1_0.b3extra4name,vte1_0.b3extra4note,vte1_0.b3extra5,vte1_0.b3extra5name,vte1_0.b3extra5note,vte1_0.b3material,vte1_0.b3material_note,vte1_0.b4donation,vte1_0.b4donation_note,vte1_0.b4extra1,vte1_0.b4extra1name,vte1_0.b4extra1note,vte1_0.b4extra2,vte1_0.b4extra2name,vte1_0.b4extra2note,vte1_0.b4extra3,vte1_0.b4extra3name,vte1_0.b4extra3note,vte1_0.b4extra4,vte1_0.b4extra4name,vte1_0.b4extra4note,vte1_0.b4extra5,vte1_0.b4extra5name,vte1_0.b4extra5note,vte1_0.b4init_product,vte1_0.b4init_product_note,vte1_0.bank,vte1_0.bank_account,vte1_0.bank_account_number,vte1_0.brand_cd,vte1_0.brand_name,vte1_0.b_total,vte1_0.c1card_fee,vte1_0.c1card_fee_note,vte1_0.c1electricity,vte1_0.c1electricity_note,vte1_0.c1etc_expense,vte1_0.c1etc_expense_note,vte1_0.c1extra1,vte1_0.c1extra1name,vte1_0.c1extra1note,vte1_0.c1extra2,vte1_0.c1extra2name,vte1_0.c1extra2note,vte1_0.c1extra3,vte1_0.c1extra3name,vte1_0.c1extra3note,vte1_0.c1extra4,vte1_0.c1extra4name,vte1_0.c1extra4note,vte1_0.c1extra5,vte1_0.c1extra5name,vte1_0.c1extra5note,vte1_0.c1gas,vte1_0.c1gas_note,vte1_0.c1insurance,vte1_0.c1insurance_note,vte1_0.c1rent,vte1_0.c1rent_note,vte1_0.c1water,vte1_0.c1water_note,vte1_0.c2extra1,vte1_0.c2extra1name,vte1_0.c2extra1note,vte1_0.c2extra2,vte1_0.c2extra2name,vte1_0.c2extra2note,vte1_0.c2extra3,vte1_0.c2extra3name,vte1_0.c2extra3note,vte1_0.c2extra4,vte1_0.c2extra4name,vte1_0.c2extra4note,vte1_0.c2extra5,vte1_0.c2extra5name,vte1_0.c2extra5note,vte1_0.c2interest_cost,vte1_0.c2interest_cost_note,vte1_0.closed_yn,vte1_0.d1carryover,vte1_0.d1carryover_note,vte1_0.d1extra1,vte1_0.d1extra1name,vte1_0.d1extra1note,vte1_0.d1extra2,vte1_0.d1extra2name,vte1_0.d1extra2note,vte1_0.d1extra3,vte1_0.d1extra3name,vte1_0.d1extra3note,vte1_0.d1extra4,vte1_0.d1extra4name,vte1_0.d1extra4note,vte1_0.d1extra5,vte1_0.d1extra5name,vte1_0.d1extra5note,vte1_0.d1material,vte1_0.d1material_note,vte1_0.d1store_maint,vte1_0.d1store_maint_note,vte1_0.d2cash,vte1_0.d2cash_note,vte1_0.d2extra1,vte1_0.d2extra1name,vte1_0.d2extra1note,vte1_0.d2extra2,vte1_0.d2extra2name,vte1_0.d2extra2note,vte1_0.d2extra3,vte1_0.d2extra3name,vte1_0.d2extra3note,vte1_0.d2extra4,vte1_0.d2extra4name,vte1_0.d2extra4note,vte1_0.d2extra5,vte1_0.d2extra5name,vte1_0.d2extra5note,vte1_0.d3extra1,vte1_0.d3extra1name,vte1_0.d3extra1note,vte1_0.d3extra2,vte1_0.d3extra2name,vte1_0.d3extra2note,vte1_0.d3extra3,vte1_0.d3extra3name,vte1_0.d3extra3note,vte1_0.d3extra4,vte1_0.d3extra4name,vte1_0.d3extra4note,vte1_0.d3extra5,vte1_0.d3extra5name,vte1_0.d3extra5note,vte1_0.d3init_product,vte1_0.d3init_product_note,vte1_0.d3rent,vte1_0.d3rent_note,vte1_0.deposit_amount,vte1_0.insert_timestamp,vte1_0.owner,vte1_0.phone,vte1_0.sales_profit,vte1_0.settle_amount,vte1_0.settlement_amount,vte1_0.settlement_cd,vte1_0.settlement_title,vte1_0.settlement_ymd,vte1_0.src_a1card,vte1_0.src_a1cash,vte1_0.src_b1electricity,vte1_0.src_b3material,vte1_0.src_c1card_fee,vte1_0.src_d1material,vte1_0.store_code,vte1_0.store_name,vte1_0.update_timestamp from cnco.vsettlement_total vte1_0 where vte1_0.pkey=?] [ERROR: column vte1_0.settle_amount does not exist
  Position: 3893] [n/a]; SQL [n/a]
	at org.springframework.orm.jpa.vendor.HibernateJpaDialect.convertHibernateAccessException(HibernateJpaDialect.java:277)
	at org.springframework.orm.jpa.vendor.HibernateJpaDialect.translateExceptionIfPossible(HibernateJpaDialect.java:241)
	at org.springframework.orm.jpa.AbstractEntityManagerFactoryBean.translateExceptionIfPossible(AbstractEntityManagerFactoryBean.java:550)
	at org.springframework.dao.support.ChainedPersistenceExceptionTranslator.translateExceptionIfPossible(ChainedPersistenceExceptionTranslator.java:61)
	at org.springframework.dao.support.DataAccessUtils.translateIfNecessary(DataAccessUtils.java:335)
	at org.springframework.dao.support.PersistenceExceptionTranslationInterceptor.invoke(PersistenceExceptionTranslationInterceptor.java:152)
	at org.springframework.aop.framework.ReflectiveMethodInvocation.proceed(ReflectiveMethodInvocation.java:184)
	at org.springframework.data.jpa.repository.support.CrudMethodMetadataPostProcessor$CrudMethodMetadataPopulatingMethodInterceptor.invoke(CrudMethodMetadataPostProcessor.java:164)
	at org.springframework.aop.framework.ReflectiveMethodInvocation.proceed(ReflectiveMethodInvocation.java:184)
	at org.springframework.aop.interceptor.ExposeInvocationInterceptor.invoke(ExposeInvocationInterceptor.java:97)
	at org.springframework.aop.framework.ReflectiveMethodInvocation.proceed(ReflectiveMethodInvocation.java:184)
	at org.springframework.aop.framework.JdkDynamicAopProxy.invoke(JdkDynamicAopProxy.java:249)
	at jdk.proxy2/jdk.proxy2.$Proxy146.findById(Unknown Source)
	at com.example.cco.settlement.SettlementServiceImpl.getSettlementDetail(SettlementServiceImpl.java:564)
	at java.base/jdk.internal.reflect.NativeMethodAccessorImpl.invoke0(Native Method)
	at java.base/jdk.internal.reflect.NativeMethodAccessorImpl.invoke(NativeMethodAccessorImpl.java:77)
	at java.base/jdk.internal.reflect.DelegatingMethodAccessorImpl.invoke(DelegatingMethodAccessorImpl.java:43)
	at java.base/java.lang.reflect.Method.invoke(Method.java:569)
	at org.springframework.aop.support.AopUtils.invokeJoinpointUsingReflection(AopUtils.java:352)
	at org.springframework.aop.framework.ReflectiveMethodInvocation.invokeJoinpoint(ReflectiveMethodInvocation.java:196)
	at org.springframework.aop.framework.ReflectiveMethodInvocation.proceed(ReflectiveMethodInvocation.java:163)
	at org.springframework.aop.framework.CglibAopProxy$CglibMethodInvocation.proceed(CglibAopProxy.java:765)
	at org.springframework.transaction.interceptor.TransactionInterceptor$1.proceedWithInvocation(TransactionInterceptor.java:123)
	at org.springframework.transaction.interceptor.TransactionAspectSupport.invokeWithinTransaction(TransactionAspectSupport.java:385)
	at org.springframework.transaction.interceptor.TransactionInterceptor.invoke(TransactionInterceptor.java:119)
	at org.springframework.aop.framework.ReflectiveMethodInvocation.proceed(ReflectiveMethodInvocation.java:184)
	at org.springframework.aop.framework.CglibAopProxy$CglibMethodInvocation.proceed(CglibAopProxy.java:765)
	at org.springframework.aop.framework.CglibAopProxy$DynamicAdvisedInterceptor.intercept(CglibAopProxy.java:717)
	at com.example.cco.settlement.SettlementServiceImpl$$SpringCGLIB$$0.getSettlementDetail(<generated>)
	at com.example.cco.settlement.SettlementController.getSettlementDetail(SettlementController.java:79)
	at java.base/jdk.internal.reflect.NativeMethodAccessorImpl.invoke0(Native Method)
	at java.base/jdk.internal.reflect.NativeMethodAccessorImpl.invoke(NativeMethodAccessorImpl.java:77)
	at java.base/jdk.internal.reflect.DelegatingMethodAccessorImpl.invoke(DelegatingMethodAccessorImpl.java:43)
	at java.base/java.lang.reflect.Method.invoke(Method.java:569)
	at org.springframework.web.method.support.InvocableHandlerMethod.doInvoke(InvocableHandlerMethod.java:254)
	at org.springframework.web.method.support.InvocableHandlerMethod.invokeForRequest(InvocableHandlerMethod.java:182)
	at org.springframework.web.servlet.mvc.method.annotation.ServletInvocableHandlerMethod.invokeAndHandle(ServletInvocableHandlerMethod.java:118)
	at org.springframework.web.servlet.mvc.method.annotation.RequestMappingHandlerAdapter.invokeHandlerMethod(RequestMappingHandlerAdapter.java:917)
	at org.springframework.web.servlet.mvc.method.annotation.RequestMappingHandlerAdapter.handleInternal(RequestMappingHandlerAdapter.java:829)
	at org.springframework.web.servlet.mvc.method.AbstractHandlerMethodAdapter.handle(AbstractHandlerMethodAdapter.java:87)
	at org.springframework.web.servlet.DispatcherServlet.doDispatch(DispatcherServlet.java:1089)
	at org.springframework.web.servlet.DispatcherServlet.doService(DispatcherServlet.java:979)
	at org.springframework.web.servlet.FrameworkServlet.processRequest(FrameworkServlet.java:1014)
	at org.springframework.web.servlet.FrameworkServlet.doGet(FrameworkServlet.java:903)
	at jakarta.servlet.http.HttpServlet.service(HttpServlet.java:564)
	at org.springframework.web.servlet.FrameworkServlet.service(FrameworkServlet.java:885)
	at jakarta.servlet.http.HttpServlet.service(HttpServlet.java:658)
	at org.apache.catalina.core.ApplicationFilterChain.internalDoFilter(ApplicationFilterChain.java:205)
	at org.apache.catalina.core.ApplicationFilterChain.doFilter(ApplicationFilterChain.java:149)
	at org.apache.tomcat.websocket.server.WsFilter.doFilter(WsFilter.java:51)
	at org.apache.catalina.core.ApplicationFilterChain.internalDoFilter(ApplicationFilterChain.java:174)
	at org.apache.catalina.core.ApplicationFilterChain.doFilter(ApplicationFilterChain.java:149)
	at org.springframework.security.web.FilterChainProxy.lambda$doFilterInternal$3(FilterChainProxy.java:231)
	at org.springframework.security.web.FilterChainProxy$VirtualFilterChain.doFilter(FilterChainProxy.java:365)
	at org.springframework.security.web.access.intercept.AuthorizationFilter.doFilter(AuthorizationFilter.java:100)
	at org.springframework.security.web.FilterChainProxy$VirtualFilterChain.doFilter(FilterChainProxy.java:374)
	at org.springframework.security.web.access.ExceptionTranslationFilter.doFilter(ExceptionTranslationFilter.java:126)
	at org.springframework.security.web.access.ExceptionTranslationFilter.doFilter(ExceptionTranslationFilter.java:120)
	at org.springframework.security.web.FilterChainProxy$VirtualFilterChain.doFilter(FilterChainProxy.java:374)
	at org.springframework.security.web.session.SessionManagementFilter.doFilter(SessionManagementFilter.java:131)
	at org.springframework.security.web.session.SessionManagementFilter.doFilter(SessionManagementFilter.java:85)
	at org.springframework.security.web.FilterChainProxy$VirtualFilterChain.doFilter(FilterChainProxy.java:374)
	at org.springframework.security.web.authentication.AnonymousAuthenticationFilter.doFilter(AnonymousAuthenticationFilter.java:100)
	at org.springframework.security.web.FilterChainProxy$VirtualFilterChain.doFilter(FilterChainProxy.java:374)
	at org.springframework.security.web.servletapi.SecurityContextHolderAwareRequestFilter.doFilter(SecurityContextHolderAwareRequestFilter.java:179)
	at org.springframework.security.web.FilterChainProxy$VirtualFilterChain.doFilter(FilterChainProxy.java:374)
	at org.springframework.security.web.savedrequest.RequestCacheAwareFilter.doFilter(RequestCacheAwareFilter.java:63)
	at org.springframework.security.web.FilterChainProxy$VirtualFilterChain.doFilter(FilterChainProxy.java:374)
	at org.springframework.security.web.authentication.AbstractAuthenticationProcessingFilter.doFilter(AbstractAuthenticationProcessingFilter.java:227)
	at org.springframework.security.web.authentication.AbstractAuthenticationProcessingFilter.doFilter(AbstractAuthenticationProcessingFilter.java:221)
	at org.springframework.security.web.FilterChainProxy$VirtualFilterChain.doFilter(FilterChainProxy.java:374)
	at com.example.cco.security.JwtAuthorizationFilter.doFilterInternal(JwtAuthorizationFilter.java:48)
	at org.springframework.web.filter.OncePerRequestFilter.doFilter(OncePerRequestFilter.java:116)
	at org.springframework.security.web.FilterChainProxy$VirtualFilterChain.doFilter(FilterChainProxy.java:374)
	at org.springframework.security.web.authentication.logout.LogoutFilter.doFilter(LogoutFilter.java:107)
	at org.springframework.security.web.authentication.logout.LogoutFilter.doFilter(LogoutFilter.java:93)
	at org.springframework.security.web.FilterChainProxy$VirtualFilterChain.doFilter(FilterChainProxy.java:374)
	at org.springframework.web.filter.CorsFilter.doFilterInternal(CorsFilter.java:91)
	at org.springframework.web.filter.OncePerRequestFilter.doFilter(OncePerRequestFilter.java:116)
	at org.springframework.security.web.FilterChainProxy$VirtualFilterChain.doFilter(FilterChainProxy.java:374)
	at org.springframework.security.web.header.HeaderWriterFilter.doHeadersAfter(HeaderWriterFilter.java:90)
	at org.springframework.security.web.header.HeaderWriterFilter.doFilterInternal(HeaderWriterFilter.java:75)
	at org.springframework.web.filter.OncePerRequestFilter.doFilter(OncePerRequestFilter.java:116)
	at org.springframework.security.web.FilterChainProxy$VirtualFilterChain.doFilter(FilterChainProxy.java:374)
	at org.springframework.security.web.context.SecurityContextHolderFilter.doFilter(SecurityContextHolderFilter.java:82)
	at org.springframework.security.web.context.SecurityContextHolderFilter.doFilter(SecurityContextHolderFilter.java:69)
	at org.springframework.security.web.FilterChainProxy$VirtualFilterChain.doFilter(FilterChainProxy.java:374)
	at org.springframework.security.web.context.request.async.WebAsyncManagerIntegrationFilter.doFilterInternal(WebAsyncManagerIntegrationFilter.java:62)
	at org.springframework.web.filter.OncePerRequestFilter.doFilter(OncePerRequestFilter.java:116)
	at org.springframework.security.web.FilterChainProxy$VirtualFilterChain.doFilter(FilterChainProxy.java:374)
	at org.springframework.security.web.session.DisableEncodeUrlFilter.doFilterInternal(DisableEncodeUrlFilter.java:42)
	at org.springframework.web.filter.OncePerRequestFilter.doFilter(OncePerRequestFilter.java:116)
	at org.springframework.security.web.FilterChainProxy$VirtualFilterChain.doFilter(FilterChainProxy.java:374)
	at org.springframework.security.web.FilterChainProxy.doFilterInternal(FilterChainProxy.java:233)
	at org.springframework.security.web.FilterChainProxy.doFilter(FilterChainProxy.java:191)
	at org.springframework.web.filter.DelegatingFilterProxy.invokeDelegate(DelegatingFilterProxy.java:352)
	at org.springframework.web.filter.DelegatingFilterProxy.doFilter(DelegatingFilterProxy.java:268)
	at org.apache.catalina.core.ApplicationFilterChain.internalDoFilter(ApplicationFilterChain.java:174)
	at org.apache.catalina.core.ApplicationFilterChain.doFilter(ApplicationFilterChain.java:149)
	at org.springframework.web.filter.RequestContextFilter.doFilterInternal(RequestContextFilter.java:100)
	at org.springframework.web.filter.OncePerRequestFilter.doFilter(OncePerRequestFilter.java:116)
	at org.apache.catalina.core.ApplicationFilterChain.internalDoFilter(ApplicationFilterChain.java:174)
	at org.apache.catalina.core.ApplicationFilterChain.doFilter(ApplicationFilterChain.java:149)
	at org.springframework.web.filter.FormContentFilter.doFilterInternal(FormContentFilter.java:93)
	at org.springframework.web.filter.OncePerRequestFilter.doFilter(OncePerRequestFilter.java:116)
	at org.apache.catalina.core.ApplicationFilterChain.internalDoFilter(ApplicationFilterChain.java:174)
	at org.apache.catalina.core.ApplicationFilterChain.doFilter(ApplicationFilterChain.java:149)
	at org.springframework.web.filter.CharacterEncodingFilter.doFilterInternal(CharacterEncodingFilter.java:201)
	at org.springframework.web.filter.OncePerRequestFilter.doFilter(OncePerRequestFilter.java:116)
	at org.apache.catalina.core.ApplicationFilterChain.internalDoFilter(ApplicationFilterChain.java:174)
	at org.apache.catalina.core.ApplicationFilterChain.doFilter(ApplicationFilterChain.java:149)
	at org.apache.catalina.core.StandardWrapperValve.invoke(StandardWrapperValve.java:167)
	at org.apache.catalina.core.StandardContextValve.invoke(StandardContextValve.java:90)
	at org.apache.catalina.authenticator.AuthenticatorBase.invoke(AuthenticatorBase.java:482)
	at org.apache.catalina.core.StandardHostValve.invoke(StandardHostValve.java:115)
	at org.apache.catalina.valves.ErrorReportValve.invoke(ErrorReportValve.java:93)
	at org.apache.catalina.core.StandardEngineValve.invoke(StandardEngineValve.java:74)
	at org.apache.catalina.connector.CoyoteAdapter.service(CoyoteAdapter.java:340)
	at org.apache.coyote.http11.Http11Processor.service(Http11Processor.java:391)
	at org.apache.coyote.AbstractProcessorLight.process(AbstractProcessorLight.java:63)
	at org.apache.coyote.AbstractProtocol$ConnectionHandler.process(AbstractProtocol.java:896)
	at org.apache.tomcat.util.net.NioEndpoint$SocketProcessor.doRun(NioEndpoint.java:1744)
	at org.apache.tomcat.util.net.SocketProcessorBase.run(SocketProcessorBase.java:52)
	at org.apache.tomcat.util.threads.ThreadPoolExecutor.runWorker(ThreadPoolExecutor.java:1191)
	at org.apache.tomcat.util.threads.ThreadPoolExecutor$Worker.run(ThreadPoolExecutor.java:659)
	at org.apache.tomcat.util.threads.TaskThread$WrappingRunnable.run(TaskThread.java:61)
	at java.base/java.lang.Thread.run(Thread.java:840)
Caused by: org.hibernate.exception.SQLGrammarException: JDBC exception executing SQL [select vte1_0.pkey,vte1_0.a1card,vte1_0.a1card_note,vte1_0.a1cash,vte1_0.a1cash_note,vte1_0.a1extra1,vte1_0.a1extra1name,vte1_0.a1extra1note,vte1_0.a1extra2,vte1_0.a1extra2name,vte1_0.a1extra2note,vte1_0.a1extra3,vte1_0.a1extra3name,vte1_0.a1extra3note,vte1_0.a1extra4,vte1_0.a1extra4name,vte1_0.a1extra4note,vte1_0.a1extra5,vte1_0.a1extra5name,vte1_0.a1extra5note,vte1_0.a1tax,vte1_0.a1tax_note,vte1_0.active_yn,vte1_0.a_total,vte1_0.b1electricity,vte1_0.b1electricity_note,vte1_0.b1etc_expense,vte1_0.b1etc_expense_note,vte1_0.b1extra1,vte1_0.b1extra1name,vte1_0.b1extra1note,vte1_0.b1extra2,vte1_0.b1extra2name,vte1_0.b1extra2note,vte1_0.b1extra3,vte1_0.b1extra3name,vte1_0.b1extra3note,vte1_0.b1extra4,vte1_0.b1extra4name,vte1_0.b1extra4note,vte1_0.b1extra5,vte1_0.b1extra5name,vte1_0.b1extra5note,vte1_0.b1gas,vte1_0.b1gas_note,vte1_0.b1internet,vte1_0.b1internet_note,vte1_0.b1maint,vte1_0.b1maint_note,vte1_0.b1rent,vte1_0.b1rent_note,vte1_0.b2charge,vte1_0.b2charge_note,vte1_0.b3etc,vte1_0.b3etc_note,vte1_0.b3extra1,vte1_0.b3extra1name,vte1_0.b3extra1note,vte1_0.b3extra2,vte1_0.b3extra2name,vte1_0.b3extra2note,vte1_0.b3extra3,vte1_0.b3extra3name,vte1_0.b3extra3note,vte1_0.b3extra4,vte1_0.b3extra4name,vte1_0.b3extra4note,vte1_0.b3extra5,vte1_0.b3extra5name,vte1_0.b3extra5note,vte1_0.b3material,vte1_0.b3material_note,vte1_0.b4donation,vte1_0.b4donation_note,vte1_0.b4extra1,vte1_0.b4extra1name,vte1_0.b4extra1note,vte1_0.b4extra2,vte1_0.b4extra2name,vte1_0.b4extra2note,vte1_0.b4extra3,vte1_0.b4extra3name,vte1_0.b4extra3note,vte1_0.b4extra4,vte1_0.b4extra4name,vte1_0.b4extra4note,vte1_0.b4extra5,vte1_0.b4extra5name,vte1_0.b4extra5note,vte1_0.b4init_product,vte1_0.b4init_product_note,vte1_0.bank,vte1_0.bank_account,vte1_0.bank_account_number,vte1_0.brand_cd,vte1_0.brand_name,vte1_0.b_total,vte1_0.c1card_fee,vte1_0.c1card_fee_note,vte1_0.c1electricity,vte1_0.c1electricity_note,vte1_0.c1etc_expense,vte1_0.c1etc_expense_note,vte1_0.c1extra1,vte1_0.c1extra1name,vte1_0.c1extra1note,vte1_0.c1extra2,vte1_0.c1extra2name,vte1_0.c1extra2note,vte1_0.c1extra3,vte1_0.c1extra3name,vte1_0.c1extra3note,vte1_0.c1extra4,vte1_0.c1extra4name,vte1_0.c1extra4note,vte1_0.c1extra5,vte1_0.c1extra5name,vte1_0.c1extra5note,vte1_0.c1gas,vte1_0.c1gas_note,vte1_0.c1insurance,vte1_0.c1insurance_note,vte1_0.c1rent,vte1_0.c1rent_note,vte1_0.c1water,vte1_0.c1water_note,vte1_0.c2extra1,vte1_0.c2extra1name,vte1_0.c2extra1note,vte1_0.c2extra2,vte1_0.c2extra2name,vte1_0.c2extra2note,vte1_0.c2extra3,vte1_0.c2extra3name,vte1_0.c2extra3note,vte1_0.c2extra4,vte1_0.c2extra4name,vte1_0.c2extra4note,vte1_0.c2extra5,vte1_0.c2extra5name,vte1_0.c2extra5note,vte1_0.c2interest_cost,vte1_0.c2interest_cost_note,vte1_0.closed_yn,vte1_0.d1carryover,vte1_0.d1carryover_note,vte1_0.d1extra1,vte1_0.d1extra1name,vte1_0.d1extra1note,vte1_0.d1extra2,vte1_0.d1extra2name,vte1_0.d1extra2note,vte1_0.d1extra3,vte1_0.d1extra3name,vte1_0.d1extra3note,vte1_0.d1extra4,vte1_0.d1extra4name,vte1_0.d1extra4note,vte1_0.d1extra5,vte1_0.d1extra5name,vte1_0.d1extra5note,vte1_0.d1material,vte1_0.d1material_note,vte1_0.d1store_maint,vte1_0.d1store_maint_note,vte1_0.d2cash,vte1_0.d2cash_note,vte1_0.d2extra1,vte1_0.d2extra1name,vte1_0.d2extra1note,vte1_0.d2extra2,vte1_0.d2extra2name,vte1_0.d2extra2note,vte1_0.d2extra3,vte1_0.d2extra3name,vte1_0.d2extra3note,vte1_0.d2extra4,vte1_0.d2extra4name,vte1_0.d2extra4note,vte1_0.d2extra5,vte1_0.d2extra5name,vte1_0.d2extra5note,vte1_0.d3extra1,vte1_0.d3extra1name,vte1_0.d3extra1note,vte1_0.d3extra2,vte1_0.d3extra2name,vte1_0.d3extra2note,vte1_0.d3extra3,vte1_0.d3extra3name,vte1_0.d3extra3note,vte1_0.d3extra4,vte1_0.d3extra4name,vte1_0.d3extra4note,vte1_0.d3extra5,vte1_0.d3extra5name,vte1_0.d3extra5note,vte1_0.d3init_product,vte1_0.d3init_product_note,vte1_0.d3rent,vte1_0.d3rent_note,vte1_0.deposit_amount,vte1_0.insert_timestamp,vte1_0.owner,vte1_0.phone,vte1_0.sales_profit,vte1_0.settle_amount,vte1_0.settlement_amount,vte1_0.settlement_cd,vte1_0.settlement_title,vte1_0.settlement_ymd,vte1_0.src_a1card,vte1_0.src_a1cash,vte1_0.src_b1electricity,vte1_0.src_b3material,vte1_0.src_c1card_fee,vte1_0.src_d1material,vte1_0.store_code,vte1_0.store_name,vte1_0.update_timestamp from cnco.vsettlement_total vte1_0 where vte1_0.pkey=?] [ERROR: column vte1_0.settle_amount does not exist
  Position: 3893] [n/a]
	at org.hibernate.exception.internal.SQLStateConversionDelegate.convert(SQLStateConversionDelegate.java:91)
	at org.hibernate.exception.internal.StandardSQLExceptionConverter.convert(StandardSQLExceptionConverter.java:58)
	at org.hibernate.engine.jdbc.spi.SqlExceptionHelper.convert(SqlExceptionHelper.java:108)
	at org.hibernate.engine.jdbc.spi.SqlExceptionHelper.convert(SqlExceptionHelper.java:94)
	at org.hibernate.sql.results.jdbc.internal.DeferredResultSetAccess.executeQuery(DeferredResultSetAccess.java:258)
	at org.hibernate.sql.results.jdbc.internal.DeferredResultSetAccess.getResultSet(DeferredResultSetAccess.java:164)
	at org.hibernate.sql.results.jdbc.internal.JdbcValuesResultSetImpl.advanceNext(JdbcValuesResultSetImpl.java:218)
	at org.hibernate.sql.results.jdbc.internal.JdbcValuesResultSetImpl.processNext(JdbcValuesResultSetImpl.java:98)
	at org.hibernate.sql.results.jdbc.internal.AbstractJdbcValues.next(AbstractJdbcValues.java:19)
	at org.hibernate.sql.results.internal.RowProcessingStateStandardImpl.next(RowProcessingStateStandardImpl.java:66)
	at org.hibernate.sql.results.spi.ListResultsConsumer.consume(ListResultsConsumer.java:186)
	at org.hibernate.sql.results.spi.ListResultsConsumer.consume(ListResultsConsumer.java:33)
	at org.hibernate.sql.exec.internal.JdbcSelectExecutorStandardImpl.doExecuteQuery(JdbcSelectExecutorStandardImpl.java:361)
	at org.hibernate.sql.exec.internal.JdbcSelectExecutorStandardImpl.executeQuery(JdbcSelectExecutorStandardImpl.java:168)
	at org.hibernate.sql.exec.internal.JdbcSelectExecutorStandardImpl.list(JdbcSelectExecutorStandardImpl.java:93)
	at org.hibernate.sql.exec.spi.JdbcSelectExecutor.list(JdbcSelectExecutor.java:31)
	at org.hibernate.loader.ast.internal.SingleIdLoadPlan.load(SingleIdLoadPlan.java:145)
	at org.hibernate.loader.ast.internal.SingleIdLoadPlan.load(SingleIdLoadPlan.java:117)
	at org.hibernate.loader.ast.internal.SingleIdEntityLoaderStandardImpl.load(SingleIdEntityLoaderStandardImpl.java:75)
	at org.hibernate.persister.entity.AbstractEntityPersister.doLoad(AbstractEntityPersister.java:3673)
	at org.hibernate.persister.entity.AbstractEntityPersister.load(AbstractEntityPersister.java:3662)
	at org.hibernate.event.internal.DefaultLoadEventListener.loadFromDatasource(DefaultLoadEventListener.java:591)
	at org.hibernate.event.internal.DefaultLoadEventListener.loadFromCacheOrDatasource(DefaultLoadEventListener.java:577)
	at org.hibernate.event.internal.DefaultLoadEventListener.load(DefaultLoadEventListener.java:547)
	at org.hibernate.event.internal.DefaultLoadEventListener.doLoad(DefaultLoadEventListener.java:531)
	at org.hibernate.event.internal.DefaultLoadEventListener.load(DefaultLoadEventListener.java:206)
	at org.hibernate.event.internal.DefaultLoadEventListener.loadWithRegularProxy(DefaultLoadEventListener.java:286)
	at org.hibernate.event.internal.DefaultLoadEventListener.proxyOrLoad(DefaultLoadEventListener.java:241)
	at org.hibernate.event.internal.DefaultLoadEventListener.doOnLoad(DefaultLoadEventListener.java:110)
	at org.hibernate.event.internal.DefaultLoadEventListener.onLoad(DefaultLoadEventListener.java:67)
	at org.hibernate.event.service.internal.EventListenerGroupImpl.fireEventOnEachListener(EventListenerGroupImpl.java:138)
	at org.hibernate.internal.SessionImpl.fireLoadNoChecks(SessionImpl.java:1234)
	at org.hibernate.internal.SessionImpl.fireLoad(SessionImpl.java:1222)
	at org.hibernate.loader.internal.IdentifierLoadAccessImpl.load(IdentifierLoadAccessImpl.java:209)
	at org.hibernate.loader.internal.IdentifierLoadAccessImpl.doLoad(IdentifierLoadAccessImpl.java:160)
	at org.hibernate.loader.internal.IdentifierLoadAccessImpl.lambda$load$1(IdentifierLoadAccessImpl.java:149)
	at org.hibernate.loader.internal.IdentifierLoadAccessImpl.perform(IdentifierLoadAccessImpl.java:112)
	at org.hibernate.loader.internal.IdentifierLoadAccessImpl.load(IdentifierLoadAccessImpl.java:149)
	at org.hibernate.internal.SessionImpl.find(SessionImpl.java:2430)
	at org.hibernate.internal.SessionImpl.find(SessionImpl.java:2401)
	at java.base/jdk.internal.reflect.NativeMethodAccessorImpl.invoke0(Native Method)
	at java.base/jdk.internal.reflect.NativeMethodAccessorImpl.invoke(NativeMethodAccessorImpl.java:77)
	at java.base/jdk.internal.reflect.DelegatingMethodAccessorImpl.invoke(DelegatingMethodAccessorImpl.java:43)
	at java.base/java.lang.reflect.Method.invoke(Method.java:569)
	at org.springframework.orm.jpa.ExtendedEntityManagerCreator$ExtendedEntityManagerInvocationHandler.invoke(ExtendedEntityManagerCreator.java:360)
	at jdk.proxy2/jdk.proxy2.$Proxy134.find(Unknown Source)
	at java.base/jdk.internal.reflect.NativeMethodAccessorImpl.invoke0(Native Method)
	at java.base/jdk.internal.reflect.NativeMethodAccessorImpl.invoke(NativeMethodAccessorImpl.java:77)
	at java.base/jdk.internal.reflect.DelegatingMethodAccessorImpl.invoke(DelegatingMethodAccessorImpl.java:43)
	at java.base/java.lang.reflect.Method.invoke(Method.java:569)
	at org.springframework.orm.jpa.SharedEntityManagerCreator$SharedEntityManagerInvocationHandler.invoke(SharedEntityManagerCreator.java:311)
	at jdk.proxy2/jdk.proxy2.$Proxy134.find(Unknown Source)
	at org.springframework.data.jpa.repository.support.SimpleJpaRepository.findById(SimpleJpaRepository.java:313)
	at java.base/jdk.internal.reflect.NativeMethodAccessorImpl.invoke0(Native Method)
	at java.base/jdk.internal.reflect.NativeMethodAccessorImpl.invoke(NativeMethodAccessorImpl.java:77)
	at java.base/jdk.internal.reflect.DelegatingMethodAccessorImpl.invoke(DelegatingMethodAccessorImpl.java:43)
	at java.base/java.lang.reflect.Method.invoke(Method.java:569)
	at org.springframework.aop.support.AopUtils.invokeJoinpointUsingReflection(AopUtils.java:352)
	at org.springframework.data.repository.core.support.RepositoryMethodInvoker$RepositoryFragmentMethodInvoker.lambda$new$0(RepositoryMethodInvoker.java:277)
	at org.springframework.data.repository.core.support.RepositoryMethodInvoker.doInvoke(RepositoryMethodInvoker.java:170)
	at org.springframework.data.repository.core.support.RepositoryMethodInvoker.invoke(RepositoryMethodInvoker.java:158)
	at org.springframework.data.repository.core.support.RepositoryComposition$RepositoryFragments.invoke(RepositoryComposition.java:516)
	at org.springframework.data.repository.core.support.RepositoryComposition.invoke(RepositoryComposition.java:285)
	at org.springframework.data.repository.core.support.RepositoryFactorySupport$ImplementationMethodExecutionInterceptor.invoke(RepositoryFactorySupport.java:628)
	at org.springframework.aop.framework.ReflectiveMethodInvocation.proceed(ReflectiveMethodInvocation.java:184)
	at org.springframework.data.repository.core.support.QueryExecutorMethodInterceptor.doInvoke(QueryExecutorMethodInterceptor.java:168)
	at org.springframework.data.repository.core.support.QueryExecutorMethodInterceptor.invoke(QueryExecutorMethodInterceptor.java:143)
	at org.springframework.aop.framework.ReflectiveMethodInvocation.proceed(ReflectiveMethodInvocation.java:184)
	at org.springframework.data.projection.DefaultMethodInvokingMethodInterceptor.invoke(DefaultMethodInvokingMethodInterceptor.java:70)
	at org.springframework.aop.framework.ReflectiveMethodInvocation.proceed(ReflectiveMethodInvocation.java:184)
	at org.springframework.transaction.interceptor.TransactionInterceptor$1.proceedWithInvocation(TransactionInterceptor.java:123)
	at org.springframework.transaction.interceptor.TransactionAspectSupport.invokeWithinTransaction(TransactionAspectSupport.java:385)
	at org.springframework.transaction.interceptor.TransactionInterceptor.invoke(TransactionInterceptor.java:119)
	at org.springframework.aop.framework.ReflectiveMethodInvocation.proceed(ReflectiveMethodInvocation.java:184)
	at org.springframework.dao.support.PersistenceExceptionTranslationInterceptor.invoke(PersistenceExceptionTranslationInterceptor.java:137)
	... 121 more
Caused by: org.postgresql.util.PSQLException: ERROR: column vte1_0.settle_amount does not exist
  Position: 3893
	at org.postgresql.core.v3.QueryExecutorImpl.receiveErrorResponse(QueryExecutorImpl.java:2713)
	at org.postgresql.core.v3.QueryExecutorImpl.processResults(QueryExecutorImpl.java:2401)
	at org.postgresql.core.v3.QueryExecutorImpl.execute(QueryExecutorImpl.java:368)
	at org.postgresql.jdbc.PgStatement.executeInternal(PgStatement.java:498)
	at org.postgresql.jdbc.PgStatement.execute(PgStatement.java:415)
	at org.postgresql.jdbc.PgPreparedStatement.executeWithFlags(PgPreparedStatement.java:190)
	at org.postgresql.jdbc.PgPreparedStatement.executeQuery(PgPreparedStatement.java:134)
	at com.zaxxer.hikari.pool.ProxyPreparedStatement.executeQuery(ProxyPreparedStatement.java:52)
	at com.zaxxer.hikari.pool.HikariProxyPreparedStatement.executeQuery(HikariProxyPreparedStatement.java)
	at org.hibernate.sql.results.jdbc.internal.DeferredResultSetAccess.executeQuery(DeferredResultSetAccess.java:240)
	... 191 more

2025-04-30T08:28:44.716+09:00  INFO 16156 --- [http-nio-4080-exec-2] c.e.cco.security.JwtAuthorizationFilter  : token =eyJhbGciOiJIUzUxMiJ9.eyJzdWIiOiJhZG1pbiIsInJvbGUiOiJBRE1JTiIsImlhdCI6MTc0NTk2OTIzNywiZXhwIjoxNzQ1OTk4MDM3fQ.wiA_QqMmtrXJb4uNDkhaCfIK3bC8lZxSd3ID7_G7j-8l50Fxom-SdwSZGTmZp6ugeUaqXdXNiH8-1-s7fcZFCw
2025-04-30T08:28:44.718+09:00  INFO 16156 --- [http-nio-4080-exec-2] c.example.cco.security.JwtTokenProvider  : Wed Apr 30 08:28:44 KST 2025
2025-04-30T08:28:44.718+09:00  INFO 16156 --- [http-nio-4080-exec-2] c.example.cco.security.JwtTokenProvider  : false
2025-04-30T08:29:02.528+09:00  INFO 16156 --- [http-nio-4080-exec-5] c.e.cco.security.JwtAuthorizationFilter  : token =eyJhbGciOiJIUzUxMiJ9.eyJzdWIiOiJhZG1pbiIsInJvbGUiOiJBRE1JTiIsImlhdCI6MTc0NTk2OTIzNywiZXhwIjoxNzQ1OTk4MDM3fQ.wiA_QqMmtrXJb4uNDkhaCfIK3bC8lZxSd3ID7_G7j-8l50Fxom-SdwSZGTmZp6ugeUaqXdXNiH8-1-s7fcZFCw
2025-04-30T08:29:02.530+09:00  INFO 16156 --- [http-nio-4080-exec-5] c.example.cco.security.JwtTokenProvider  : Wed Apr 30 08:29:02 KST 2025
2025-04-30T08:29:02.530+09:00  INFO 16156 --- [http-nio-4080-exec-5] c.example.cco.security.JwtTokenProvider  : false
2025-04-30T08:35:32.873+09:00  INFO 16156 --- [http-nio-4080-exec-7] c.e.cco.security.JwtAuthorizationFilter  : token =eyJhbGciOiJIUzUxMiJ9.eyJzdWIiOiJhZG1pbiIsInJvbGUiOiJBRE1JTiIsImlhdCI6MTc0NTk2OTIzNywiZXhwIjoxNzQ1OTk4MDM3fQ.wiA_QqMmtrXJb4uNDkhaCfIK3bC8lZxSd3ID7_G7j-8l50Fxom-SdwSZGTmZp6ugeUaqXdXNiH8-1-s7fcZFCw
2025-04-30T08:35:32.875+09:00  INFO 16156 --- [http-nio-4080-exec-7] c.example.cco.security.JwtTokenProvider  : Wed Apr 30 08:35:32 KST 2025
2025-04-30T08:35:32.877+09:00  INFO 16156 --- [http-nio-4080-exec-7] c.example.cco.security.JwtTokenProvider  : false
2025-04-30T08:35:39.334+09:00  INFO 16156 --- [http-nio-4080-exec-10] c.e.cco.security.JwtAuthorizationFilter  : token =eyJhbGciOiJIUzUxMiJ9.eyJzdWIiOiJhZG1pbiIsInJvbGUiOiJBRE1JTiIsImlhdCI6MTc0NTk2OTIzNywiZXhwIjoxNzQ1OTk4MDM3fQ.wiA_QqMmtrXJb4uNDkhaCfIK3bC8lZxSd3ID7_G7j-8l50Fxom-SdwSZGTmZp6ugeUaqXdXNiH8-1-s7fcZFCw
2025-04-30T08:35:39.339+09:00  INFO 16156 --- [http-nio-4080-exec-10] c.example.cco.security.JwtTokenProvider  : Wed Apr 30 08:35:39 KST 2025
2025-04-30T08:35:39.340+09:00  INFO 16156 --- [http-nio-4080-exec-10] c.example.cco.security.JwtTokenProvider  : false
2025-04-30T08:36:47.681+09:00  INFO 16156 --- [http-nio-4080-exec-3] c.e.cco.security.JwtAuthorizationFilter  : token =eyJhbGciOiJIUzUxMiJ9.eyJzdWIiOiJhZG1pbiIsInJvbGUiOiJBRE1JTiIsImlhdCI6MTc0NTk2OTIzNywiZXhwIjoxNzQ1OTk4MDM3fQ.wiA_QqMmtrXJb4uNDkhaCfIK3bC8lZxSd3ID7_G7j-8l50Fxom-SdwSZGTmZp6ugeUaqXdXNiH8-1-s7fcZFCw
2025-04-30T08:36:47.686+09:00  INFO 16156 --- [http-nio-4080-exec-3] c.example.cco.security.JwtTokenProvider  : Wed Apr 30 08:36:47 KST 2025
2025-04-30T08:36:47.686+09:00  INFO 16156 --- [http-nio-4080-exec-3] c.example.cco.security.JwtTokenProvider  : false
2025-04-30T08:36:52.621+09:00  INFO 16156 --- [http-nio-4080-exec-4] c.e.cco.security.JwtAuthorizationFilter  : token =eyJhbGciOiJIUzUxMiJ9.eyJzdWIiOiJhZG1pbiIsInJvbGUiOiJBRE1JTiIsImlhdCI6MTc0NTk2OTIzNywiZXhwIjoxNzQ1OTk4MDM3fQ.wiA_QqMmtrXJb4uNDkhaCfIK3bC8lZxSd3ID7_G7j-8l50Fxom-SdwSZGTmZp6ugeUaqXdXNiH8-1-s7fcZFCw
2025-04-30T08:36:52.624+09:00  INFO 16156 --- [http-nio-4080-exec-4] c.example.cco.security.JwtTokenProvider  : Wed Apr 30 08:36:52 KST 2025
2025-04-30T08:36:52.624+09:00  INFO 16156 --- [http-nio-4080-exec-4] c.example.cco.security.JwtTokenProvider  : false
2025-04-30T08:40:29.902+09:00  INFO 16156 --- [http-nio-4080-exec-8] c.e.cco.security.JwtAuthorizationFilter  : token =eyJhbGciOiJIUzUxMiJ9.eyJzdWIiOiJhZG1pbiIsInJvbGUiOiJBRE1JTiIsImlhdCI6MTc0NTk2OTIzNywiZXhwIjoxNzQ1OTk4MDM3fQ.wiA_QqMmtrXJb4uNDkhaCfIK3bC8lZxSd3ID7_G7j-8l50Fxom-SdwSZGTmZp6ugeUaqXdXNiH8-1-s7fcZFCw
2025-04-30T08:40:29.911+09:00  INFO 16156 --- [http-nio-4080-exec-8] c.example.cco.security.JwtTokenProvider  : Wed Apr 30 08:40:29 KST 2025
2025-04-30T08:40:29.911+09:00  INFO 16156 --- [http-nio-4080-exec-8] c.example.cco.security.JwtTokenProvider  : false
2025-04-30T08:40:33.487+09:00  INFO 16156 --- [http-nio-4080-exec-7] c.e.cco.security.JwtAuthorizationFilter  : token =eyJhbGciOiJIUzUxMiJ9.eyJzdWIiOiJhZG1pbiIsInJvbGUiOiJBRE1JTiIsImlhdCI6MTc0NTk2OTIzNywiZXhwIjoxNzQ1OTk4MDM3fQ.wiA_QqMmtrXJb4uNDkhaCfIK3bC8lZxSd3ID7_G7j-8l50Fxom-SdwSZGTmZp6ugeUaqXdXNiH8-1-s7fcZFCw
2025-04-30T08:40:33.489+09:00  INFO 16156 --- [http-nio-4080-exec-7] c.example.cco.security.JwtTokenProvider  : Wed Apr 30 08:40:33 KST 2025
2025-04-30T08:40:33.489+09:00  INFO 16156 --- [http-nio-4080-exec-7] c.example.cco.security.JwtTokenProvider  : false
2025-04-30T08:40:33.538+09:00  INFO 16156 --- [http-nio-4080-exec-9] c.e.cco.security.JwtAuthorizationFilter  : token =eyJhbGciOiJIUzUxMiJ9.eyJzdWIiOiJhZG1pbiIsInJvbGUiOiJBRE1JTiIsImlhdCI6MTc0NTk2OTIzNywiZXhwIjoxNzQ1OTk4MDM3fQ.wiA_QqMmtrXJb4uNDkhaCfIK3bC8lZxSd3ID7_G7j-8l50Fxom-SdwSZGTmZp6ugeUaqXdXNiH8-1-s7fcZFCw
2025-04-30T08:40:33.548+09:00  INFO 16156 --- [http-nio-4080-exec-9] c.example.cco.security.JwtTokenProvider  : Wed Apr 30 08:40:33 KST 2025
2025-04-30T08:40:33.548+09:00  INFO 16156 --- [http-nio-4080-exec-9] c.example.cco.security.JwtTokenProvider  : false
2025-04-30T08:40:33.580+09:00  INFO 16156 --- [http-nio-4080-exec-1] c.e.cco.security.JwtAuthorizationFilter  : token =eyJhbGciOiJIUzUxMiJ9.eyJzdWIiOiJhZG1pbiIsInJvbGUiOiJBRE1JTiIsImlhdCI6MTc0NTk2OTIzNywiZXhwIjoxNzQ1OTk4MDM3fQ.wiA_QqMmtrXJb4uNDkhaCfIK3bC8lZxSd3ID7_G7j-8l50Fxom-SdwSZGTmZp6ugeUaqXdXNiH8-1-s7fcZFCw
2025-04-30T08:40:33.581+09:00  INFO 16156 --- [http-nio-4080-exec-1] c.example.cco.security.JwtTokenProvider  : Wed Apr 30 08:40:33 KST 2025
2025-04-30T08:40:33.582+09:00  INFO 16156 --- [http-nio-4080-exec-1] c.example.cco.security.JwtTokenProvider  : false
2025-04-30T08:40:33.592+09:00  WARN 16156 --- [http-nio-4080-exec-1] o.h.engine.jdbc.spi.SqlExceptionHelper   : SQL Error: 0, SQLState: 42703
2025-04-30T08:40:33.592+09:00 ERROR 16156 --- [http-nio-4080-exec-1] o.h.engine.jdbc.spi.SqlExceptionHelper   : ERROR: column vte1_0.settle_amount does not exist
  Position: 3893
2025-04-30T08:40:33.592+09:00  INFO 16156 --- [http-nio-4080-exec-1] o.h.e.internal.DefaultLoadEventListener  : HHH000327: Error performing load command

org.hibernate.exception.SQLGrammarException: JDBC exception executing SQL [select vte1_0.pkey,vte1_0.a1card,vte1_0.a1card_note,vte1_0.a1cash,vte1_0.a1cash_note,vte1_0.a1extra1,vte1_0.a1extra1name,vte1_0.a1extra1note,vte1_0.a1extra2,vte1_0.a1extra2name,vte1_0.a1extra2note,vte1_0.a1extra3,vte1_0.a1extra3name,vte1_0.a1extra3note,vte1_0.a1extra4,vte1_0.a1extra4name,vte1_0.a1extra4note,vte1_0.a1extra5,vte1_0.a1extra5name,vte1_0.a1extra5note,vte1_0.a1tax,vte1_0.a1tax_note,vte1_0.active_yn,vte1_0.a_total,vte1_0.b1electricity,vte1_0.b1electricity_note,vte1_0.b1etc_expense,vte1_0.b1etc_expense_note,vte1_0.b1extra1,vte1_0.b1extra1name,vte1_0.b1extra1note,vte1_0.b1extra2,vte1_0.b1extra2name,vte1_0.b1extra2note,vte1_0.b1extra3,vte1_0.b1extra3name,vte1_0.b1extra3note,vte1_0.b1extra4,vte1_0.b1extra4name,vte1_0.b1extra4note,vte1_0.b1extra5,vte1_0.b1extra5name,vte1_0.b1extra5note,vte1_0.b1gas,vte1_0.b1gas_note,vte1_0.b1internet,vte1_0.b1internet_note,vte1_0.b1maint,vte1_0.b1maint_note,vte1_0.b1rent,vte1_0.b1rent_note,vte1_0.b2charge,vte1_0.b2charge_note,vte1_0.b3etc,vte1_0.b3etc_note,vte1_0.b3extra1,vte1_0.b3extra1name,vte1_0.b3extra1note,vte1_0.b3extra2,vte1_0.b3extra2name,vte1_0.b3extra2note,vte1_0.b3extra3,vte1_0.b3extra3name,vte1_0.b3extra3note,vte1_0.b3extra4,vte1_0.b3extra4name,vte1_0.b3extra4note,vte1_0.b3extra5,vte1_0.b3extra5name,vte1_0.b3extra5note,vte1_0.b3material,vte1_0.b3material_note,vte1_0.b4donation,vte1_0.b4donation_note,vte1_0.b4extra1,vte1_0.b4extra1name,vte1_0.b4extra1note,vte1_0.b4extra2,vte1_0.b4extra2name,vte1_0.b4extra2note,vte1_0.b4extra3,vte1_0.b4extra3name,vte1_0.b4extra3note,vte1_0.b4extra4,vte1_0.b4extra4name,vte1_0.b4extra4note,vte1_0.b4extra5,vte1_0.b4extra5name,vte1_0.b4extra5note,vte1_0.b4init_product,vte1_0.b4init_product_note,vte1_0.bank,vte1_0.bank_account,vte1_0.bank_account_number,vte1_0.brand_cd,vte1_0.brand_name,vte1_0.b_total,vte1_0.c1card_fee,vte1_0.c1card_fee_note,vte1_0.c1electricity,vte1_0.c1electricity_note,vte1_0.c1etc_expense,vte1_0.c1etc_expense_note,vte1_0.c1extra1,vte1_0.c1extra1name,vte1_0.c1extra1note,vte1_0.c1extra2,vte1_0.c1extra2name,vte1_0.c1extra2note,vte1_0.c1extra3,vte1_0.c1extra3name,vte1_0.c1extra3note,vte1_0.c1extra4,vte1_0.c1extra4name,vte1_0.c1extra4note,vte1_0.c1extra5,vte1_0.c1extra5name,vte1_0.c1extra5note,vte1_0.c1gas,vte1_0.c1gas_note,vte1_0.c1insurance,vte1_0.c1insurance_note,vte1_0.c1rent,vte1_0.c1rent_note,vte1_0.c1water,vte1_0.c1water_note,vte1_0.c2extra1,vte1_0.c2extra1name,vte1_0.c2extra1note,vte1_0.c2extra2,vte1_0.c2extra2name,vte1_0.c2extra2note,vte1_0.c2extra3,vte1_0.c2extra3name,vte1_0.c2extra3note,vte1_0.c2extra4,vte1_0.c2extra4name,vte1_0.c2extra4note,vte1_0.c2extra5,vte1_0.c2extra5name,vte1_0.c2extra5note,vte1_0.c2interest_cost,vte1_0.c2interest_cost_note,vte1_0.closed_yn,vte1_0.d1carryover,vte1_0.d1carryover_note,vte1_0.d1extra1,vte1_0.d1extra1name,vte1_0.d1extra1note,vte1_0.d1extra2,vte1_0.d1extra2name,vte1_0.d1extra2note,vte1_0.d1extra3,vte1_0.d1extra3name,vte1_0.d1extra3note,vte1_0.d1extra4,vte1_0.d1extra4name,vte1_0.d1extra4note,vte1_0.d1extra5,vte1_0.d1extra5name,vte1_0.d1extra5note,vte1_0.d1material,vte1_0.d1material_note,vte1_0.d1store_maint,vte1_0.d1store_maint_note,vte1_0.d2cash,vte1_0.d2cash_note,vte1_0.d2extra1,vte1_0.d2extra1name,vte1_0.d2extra1note,vte1_0.d2extra2,vte1_0.d2extra2name,vte1_0.d2extra2note,vte1_0.d2extra3,vte1_0.d2extra3name,vte1_0.d2extra3note,vte1_0.d2extra4,vte1_0.d2extra4name,vte1_0.d2extra4note,vte1_0.d2extra5,vte1_0.d2extra5name,vte1_0.d2extra5note,vte1_0.d3extra1,vte1_0.d3extra1name,vte1_0.d3extra1note,vte1_0.d3extra2,vte1_0.d3extra2name,vte1_0.d3extra2note,vte1_0.d3extra3,vte1_0.d3extra3name,vte1_0.d3extra3note,vte1_0.d3extra4,vte1_0.d3extra4name,vte1_0.d3extra4note,vte1_0.d3extra5,vte1_0.d3extra5name,vte1_0.d3extra5note,vte1_0.d3init_product,vte1_0.d3init_product_note,vte1_0.d3rent,vte1_0.d3rent_note,vte1_0.deposit_amount,vte1_0.insert_timestamp,vte1_0.owner,vte1_0.phone,vte1_0.sales_profit,vte1_0.settle_amount,vte1_0.settlement_amount,vte1_0.settlement_cd,vte1_0.settlement_title,vte1_0.settlement_ymd,vte1_0.src_a1card,vte1_0.src_a1cash,vte1_0.src_b1electricity,vte1_0.src_b3material,vte1_0.src_c1card_fee,vte1_0.src_d1material,vte1_0.store_code,vte1_0.store_name,vte1_0.update_timestamp from cnco.vsettlement_total vte1_0 where vte1_0.pkey=?] [ERROR: column vte1_0.settle_amount does not exist
  Position: 3893] [n/a]
	at org.hibernate.exception.internal.SQLStateConversionDelegate.convert(SQLStateConversionDelegate.java:91) ~[hibernate-core-6.3.1.Final.jar:6.3.1.Final]
	at org.hibernate.exception.internal.StandardSQLExceptionConverter.convert(StandardSQLExceptionConverter.java:58) ~[hibernate-core-6.3.1.Final.jar:6.3.1.Final]
	at org.hibernate.engine.jdbc.spi.SqlExceptionHelper.convert(SqlExceptionHelper.java:108) ~[hibernate-core-6.3.1.Final.jar:6.3.1.Final]
	at org.hibernate.engine.jdbc.spi.SqlExceptionHelper.convert(SqlExceptionHelper.java:94) ~[hibernate-core-6.3.1.Final.jar:6.3.1.Final]
	at org.hibernate.sql.results.jdbc.internal.DeferredResultSetAccess.executeQuery(DeferredResultSetAccess.java:258) ~[hibernate-core-6.3.1.Final.jar:6.3.1.Final]
	at org.hibernate.sql.results.jdbc.internal.DeferredResultSetAccess.getResultSet(DeferredResultSetAccess.java:164) ~[hibernate-core-6.3.1.Final.jar:6.3.1.Final]
	at org.hibernate.sql.results.jdbc.internal.JdbcValuesResultSetImpl.advanceNext(JdbcValuesResultSetImpl.java:218) ~[hibernate-core-6.3.1.Final.jar:6.3.1.Final]
	at org.hibernate.sql.results.jdbc.internal.JdbcValuesResultSetImpl.processNext(JdbcValuesResultSetImpl.java:98) ~[hibernate-core-6.3.1.Final.jar:6.3.1.Final]
	at org.hibernate.sql.results.jdbc.internal.AbstractJdbcValues.next(AbstractJdbcValues.java:19) ~[hibernate-core-6.3.1.Final.jar:6.3.1.Final]
	at org.hibernate.sql.results.internal.RowProcessingStateStandardImpl.next(RowProcessingStateStandardImpl.java:66) ~[hibernate-core-6.3.1.Final.jar:6.3.1.Final]
	at org.hibernate.sql.results.spi.ListResultsConsumer.consume(ListResultsConsumer.java:186) ~[hibernate-core-6.3.1.Final.jar:6.3.1.Final]
	at org.hibernate.sql.results.spi.ListResultsConsumer.consume(ListResultsConsumer.java:33) ~[hibernate-core-6.3.1.Final.jar:6.3.1.Final]
	at org.hibernate.sql.exec.internal.JdbcSelectExecutorStandardImpl.doExecuteQuery(JdbcSelectExecutorStandardImpl.java:361) ~[hibernate-core-6.3.1.Final.jar:6.3.1.Final]
	at org.hibernate.sql.exec.internal.JdbcSelectExecutorStandardImpl.executeQuery(JdbcSelectExecutorStandardImpl.java:168) ~[hibernate-core-6.3.1.Final.jar:6.3.1.Final]
	at org.hibernate.sql.exec.internal.JdbcSelectExecutorStandardImpl.list(JdbcSelectExecutorStandardImpl.java:93) ~[hibernate-core-6.3.1.Final.jar:6.3.1.Final]
	at org.hibernate.sql.exec.spi.JdbcSelectExecutor.list(JdbcSelectExecutor.java:31) ~[hibernate-core-6.3.1.Final.jar:6.3.1.Final]
	at org.hibernate.loader.ast.internal.SingleIdLoadPlan.load(SingleIdLoadPlan.java:145) ~[hibernate-core-6.3.1.Final.jar:6.3.1.Final]
	at org.hibernate.loader.ast.internal.SingleIdLoadPlan.load(SingleIdLoadPlan.java:117) ~[hibernate-core-6.3.1.Final.jar:6.3.1.Final]
	at org.hibernate.loader.ast.internal.SingleIdEntityLoaderStandardImpl.load(SingleIdEntityLoaderStandardImpl.java:75) ~[hibernate-core-6.3.1.Final.jar:6.3.1.Final]
	at org.hibernate.persister.entity.AbstractEntityPersister.doLoad(AbstractEntityPersister.java:3673) ~[hibernate-core-6.3.1.Final.jar:6.3.1.Final]
	at org.hibernate.persister.entity.AbstractEntityPersister.load(AbstractEntityPersister.java:3662) ~[hibernate-core-6.3.1.Final.jar:6.3.1.Final]
	at org.hibernate.event.internal.DefaultLoadEventListener.loadFromDatasource(DefaultLoadEventListener.java:591) ~[hibernate-core-6.3.1.Final.jar:6.3.1.Final]
	at org.hibernate.event.internal.DefaultLoadEventListener.loadFromCacheOrDatasource(DefaultLoadEventListener.java:577) ~[hibernate-core-6.3.1.Final.jar:6.3.1.Final]
	at org.hibernate.event.internal.DefaultLoadEventListener.load(DefaultLoadEventListener.java:547) ~[hibernate-core-6.3.1.Final.jar:6.3.1.Final]
	at org.hibernate.event.internal.DefaultLoadEventListener.doLoad(DefaultLoadEventListener.java:531) ~[hibernate-core-6.3.1.Final.jar:6.3.1.Final]
	at org.hibernate.event.internal.DefaultLoadEventListener.load(DefaultLoadEventListener.java:206) ~[hibernate-core-6.3.1.Final.jar:6.3.1.Final]
	at org.hibernate.event.internal.DefaultLoadEventListener.loadWithRegularProxy(DefaultLoadEventListener.java:286) ~[hibernate-core-6.3.1.Final.jar:6.3.1.Final]
	at org.hibernate.event.internal.DefaultLoadEventListener.proxyOrLoad(DefaultLoadEventListener.java:241) ~[hibernate-core-6.3.1.Final.jar:6.3.1.Final]
	at org.hibernate.event.internal.DefaultLoadEventListener.doOnLoad(DefaultLoadEventListener.java:110) ~[hibernate-core-6.3.1.Final.jar:6.3.1.Final]
	at org.hibernate.event.internal.DefaultLoadEventListener.onLoad(DefaultLoadEventListener.java:67) ~[hibernate-core-6.3.1.Final.jar:6.3.1.Final]
	at org.hibernate.event.service.internal.EventListenerGroupImpl.fireEventOnEachListener(EventListenerGroupImpl.java:138) ~[hibernate-core-6.3.1.Final.jar:6.3.1.Final]
	at org.hibernate.internal.SessionImpl.fireLoadNoChecks(SessionImpl.java:1234) ~[hibernate-core-6.3.1.Final.jar:6.3.1.Final]
	at org.hibernate.internal.SessionImpl.fireLoad(SessionImpl.java:1222) ~[hibernate-core-6.3.1.Final.jar:6.3.1.Final]
	at org.hibernate.loader.internal.IdentifierLoadAccessImpl.load(IdentifierLoadAccessImpl.java:209) ~[hibernate-core-6.3.1.Final.jar:6.3.1.Final]
	at org.hibernate.loader.internal.IdentifierLoadAccessImpl.doLoad(IdentifierLoadAccessImpl.java:160) ~[hibernate-core-6.3.1.Final.jar:6.3.1.Final]
	at org.hibernate.loader.internal.IdentifierLoadAccessImpl.lambda$load$1(IdentifierLoadAccessImpl.java:149) ~[hibernate-core-6.3.1.Final.jar:6.3.1.Final]
	at org.hibernate.loader.internal.IdentifierLoadAccessImpl.perform(IdentifierLoadAccessImpl.java:112) ~[hibernate-core-6.3.1.Final.jar:6.3.1.Final]
	at org.hibernate.loader.internal.IdentifierLoadAccessImpl.load(IdentifierLoadAccessImpl.java:149) ~[hibernate-core-6.3.1.Final.jar:6.3.1.Final]
	at org.hibernate.internal.SessionImpl.find(SessionImpl.java:2430) ~[hibernate-core-6.3.1.Final.jar:6.3.1.Final]
	at org.hibernate.internal.SessionImpl.find(SessionImpl.java:2401) ~[hibernate-core-6.3.1.Final.jar:6.3.1.Final]
	at java.base/jdk.internal.reflect.NativeMethodAccessorImpl.invoke0(Native Method) ~[na:na]
	at java.base/jdk.internal.reflect.NativeMethodAccessorImpl.invoke(NativeMethodAccessorImpl.java:77) ~[na:na]
	at java.base/jdk.internal.reflect.DelegatingMethodAccessorImpl.invoke(DelegatingMethodAccessorImpl.java:43) ~[na:na]
	at java.base/java.lang.reflect.Method.invoke(Method.java:569) ~[na:na]
	at org.springframework.orm.jpa.ExtendedEntityManagerCreator$ExtendedEntityManagerInvocationHandler.invoke(ExtendedEntityManagerCreator.java:360) ~[spring-orm-6.1.1.jar:6.1.1]
	at jdk.proxy2/jdk.proxy2.$Proxy134.find(Unknown Source) ~[na:na]
	at java.base/jdk.internal.reflect.NativeMethodAccessorImpl.invoke0(Native Method) ~[na:na]
	at java.base/jdk.internal.reflect.NativeMethodAccessorImpl.invoke(NativeMethodAccessorImpl.java:77) ~[na:na]
	at java.base/jdk.internal.reflect.DelegatingMethodAccessorImpl.invoke(DelegatingMethodAccessorImpl.java:43) ~[na:na]
	at java.base/java.lang.reflect.Method.invoke(Method.java:569) ~[na:na]
	at org.springframework.orm.jpa.SharedEntityManagerCreator$SharedEntityManagerInvocationHandler.invoke(SharedEntityManagerCreator.java:311) ~[spring-orm-6.1.1.jar:6.1.1]
	at jdk.proxy2/jdk.proxy2.$Proxy134.find(Unknown Source) ~[na:na]
	at org.springframework.data.jpa.repository.support.SimpleJpaRepository.findById(SimpleJpaRepository.java:313) ~[spring-data-jpa-3.2.0.jar:3.2.0]
	at java.base/jdk.internal.reflect.NativeMethodAccessorImpl.invoke0(Native Method) ~[na:na]
	at java.base/jdk.internal.reflect.NativeMethodAccessorImpl.invoke(NativeMethodAccessorImpl.java:77) ~[na:na]
	at java.base/jdk.internal.reflect.DelegatingMethodAccessorImpl.invoke(DelegatingMethodAccessorImpl.java:43) ~[na:na]
	at java.base/java.lang.reflect.Method.invoke(Method.java:569) ~[na:na]
	at org.springframework.aop.support.AopUtils.invokeJoinpointUsingReflection(AopUtils.java:352) ~[spring-aop-6.1.1.jar:6.1.1]
	at org.springframework.data.repository.core.support.RepositoryMethodInvoker$RepositoryFragmentMethodInvoker.lambda$new$0(RepositoryMethodInvoker.java:277) ~[spring-data-commons-3.2.0.jar:3.2.0]
	at org.springframework.data.repository.core.support.RepositoryMethodInvoker.doInvoke(RepositoryMethodInvoker.java:170) ~[spring-data-commons-3.2.0.jar:3.2.0]
	at org.springframework.data.repository.core.support.RepositoryMethodInvoker.invoke(RepositoryMethodInvoker.java:158) ~[spring-data-commons-3.2.0.jar:3.2.0]
	at org.springframework.data.repository.core.support.RepositoryComposition$RepositoryFragments.invoke(RepositoryComposition.java:516) ~[spring-data-commons-3.2.0.jar:3.2.0]
	at org.springframework.data.repository.core.support.RepositoryComposition.invoke(RepositoryComposition.java:285) ~[spring-data-commons-3.2.0.jar:3.2.0]
	at org.springframework.data.repository.core.support.RepositoryFactorySupport$ImplementationMethodExecutionInterceptor.invoke(RepositoryFactorySupport.java:628) ~[spring-data-commons-3.2.0.jar:3.2.0]
	at org.springframework.aop.framework.ReflectiveMethodInvocation.proceed(ReflectiveMethodInvocation.java:184) ~[spring-aop-6.1.1.jar:6.1.1]
	at org.springframework.data.repository.core.support.QueryExecutorMethodInterceptor.doInvoke(QueryExecutorMethodInterceptor.java:168) ~[spring-data-commons-3.2.0.jar:3.2.0]
	at org.springframework.data.repository.core.support.QueryExecutorMethodInterceptor.invoke(QueryExecutorMethodInterceptor.java:143) ~[spring-data-commons-3.2.0.jar:3.2.0]
	at org.springframework.aop.framework.ReflectiveMethodInvocation.proceed(ReflectiveMethodInvocation.java:184) ~[spring-aop-6.1.1.jar:6.1.1]
	at org.springframework.data.projection.DefaultMethodInvokingMethodInterceptor.invoke(DefaultMethodInvokingMethodInterceptor.java:70) ~[spring-data-commons-3.2.0.jar:3.2.0]
	at org.springframework.aop.framework.ReflectiveMethodInvocation.proceed(ReflectiveMethodInvocation.java:184) ~[spring-aop-6.1.1.jar:6.1.1]
	at org.springframework.transaction.interceptor.TransactionInterceptor$1.proceedWithInvocation(TransactionInterceptor.java:123) ~[spring-tx-6.1.1.jar:6.1.1]
	at org.springframework.transaction.interceptor.TransactionAspectSupport.invokeWithinTransaction(TransactionAspectSupport.java:385) ~[spring-tx-6.1.1.jar:6.1.1]
	at org.springframework.transaction.interceptor.TransactionInterceptor.invoke(TransactionInterceptor.java:119) ~[spring-tx-6.1.1.jar:6.1.1]
	at org.springframework.aop.framework.ReflectiveMethodInvocation.proceed(ReflectiveMethodInvocation.java:184) ~[spring-aop-6.1.1.jar:6.1.1]
	at org.springframework.dao.support.PersistenceExceptionTranslationInterceptor.invoke(PersistenceExceptionTranslationInterceptor.java:137) ~[spring-tx-6.1.1.jar:6.1.1]
	at org.springframework.aop.framework.ReflectiveMethodInvocation.proceed(ReflectiveMethodInvocation.java:184) ~[spring-aop-6.1.1.jar:6.1.1]
	at org.springframework.data.jpa.repository.support.CrudMethodMetadataPostProcessor$CrudMethodMetadataPopulatingMethodInterceptor.invoke(CrudMethodMetadataPostProcessor.java:164) ~[spring-data-jpa-3.2.0.jar:3.2.0]
	at org.springframework.aop.framework.ReflectiveMethodInvocation.proceed(ReflectiveMethodInvocation.java:184) ~[spring-aop-6.1.1.jar:6.1.1]
	at org.springframework.aop.interceptor.ExposeInvocationInterceptor.invoke(ExposeInvocationInterceptor.java:97) ~[spring-aop-6.1.1.jar:6.1.1]
	at org.springframework.aop.framework.ReflectiveMethodInvocation.proceed(ReflectiveMethodInvocation.java:184) ~[spring-aop-6.1.1.jar:6.1.1]
	at org.springframework.aop.framework.JdkDynamicAopProxy.invoke(JdkDynamicAopProxy.java:249) ~[spring-aop-6.1.1.jar:6.1.1]
	at jdk.proxy2/jdk.proxy2.$Proxy146.findById(Unknown Source) ~[na:na]
	at com.example.cco.settlement.SettlementServiceImpl.getSettlementDetail(SettlementServiceImpl.java:564) ~[main/:na]
	at java.base/jdk.internal.reflect.NativeMethodAccessorImpl.invoke0(Native Method) ~[na:na]
	at java.base/jdk.internal.reflect.NativeMethodAccessorImpl.invoke(NativeMethodAccessorImpl.java:77) ~[na:na]
	at java.base/jdk.internal.reflect.DelegatingMethodAccessorImpl.invoke(DelegatingMethodAccessorImpl.java:43) ~[na:na]
	at java.base/java.lang.reflect.Method.invoke(Method.java:569) ~[na:na]
	at org.springframework.aop.support.AopUtils.invokeJoinpointUsingReflection(AopUtils.java:352) ~[spring-aop-6.1.1.jar:6.1.1]
	at org.springframework.aop.framework.ReflectiveMethodInvocation.invokeJoinpoint(ReflectiveMethodInvocation.java:196) ~[spring-aop-6.1.1.jar:6.1.1]
	at org.springframework.aop.framework.ReflectiveMethodInvocation.proceed(ReflectiveMethodInvocation.java:163) ~[spring-aop-6.1.1.jar:6.1.1]
	at org.springframework.aop.framework.CglibAopProxy$CglibMethodInvocation.proceed(CglibAopProxy.java:765) ~[spring-aop-6.1.1.jar:6.1.1]
	at org.springframework.transaction.interceptor.TransactionInterceptor$1.proceedWithInvocation(TransactionInterceptor.java:123) ~[spring-tx-6.1.1.jar:6.1.1]
	at org.springframework.transaction.interceptor.TransactionAspectSupport.invokeWithinTransaction(TransactionAspectSupport.java:385) ~[spring-tx-6.1.1.jar:6.1.1]
	at org.springframework.transaction.interceptor.TransactionInterceptor.invoke(TransactionInterceptor.java:119) ~[spring-tx-6.1.1.jar:6.1.1]
	at org.springframework.aop.framework.ReflectiveMethodInvocation.proceed(ReflectiveMethodInvocation.java:184) ~[spring-aop-6.1.1.jar:6.1.1]
	at org.springframework.aop.framework.CglibAopProxy$CglibMethodInvocation.proceed(CglibAopProxy.java:765) ~[spring-aop-6.1.1.jar:6.1.1]
	at org.springframework.aop.framework.CglibAopProxy$DynamicAdvisedInterceptor.intercept(CglibAopProxy.java:717) ~[spring-aop-6.1.1.jar:6.1.1]
	at com.example.cco.settlement.SettlementServiceImpl$$SpringCGLIB$$0.getSettlementDetail(<generated>) ~[main/:na]
	at com.example.cco.settlement.SettlementController.getSettlementDetail(SettlementController.java:79) ~[main/:na]
	at java.base/jdk.internal.reflect.NativeMethodAccessorImpl.invoke0(Native Method) ~[na:na]
	at java.base/jdk.internal.reflect.NativeMethodAccessorImpl.invoke(NativeMethodAccessorImpl.java:77) ~[na:na]
	at java.base/jdk.internal.reflect.DelegatingMethodAccessorImpl.invoke(DelegatingMethodAccessorImpl.java:43) ~[na:na]
	at java.base/java.lang.reflect.Method.invoke(Method.java:569) ~[na:na]
	at org.springframework.web.method.support.InvocableHandlerMethod.doInvoke(InvocableHandlerMethod.java:254) ~[spring-web-6.1.1.jar:6.1.1]
	at org.springframework.web.method.support.InvocableHandlerMethod.invokeForRequest(InvocableHandlerMethod.java:182) ~[spring-web-6.1.1.jar:6.1.1]
	at org.springframework.web.servlet.mvc.method.annotation.ServletInvocableHandlerMethod.invokeAndHandle(ServletInvocableHandlerMethod.java:118) ~[spring-webmvc-6.1.1.jar:6.1.1]
	at org.springframework.web.servlet.mvc.method.annotation.RequestMappingHandlerAdapter.invokeHandlerMethod(RequestMappingHandlerAdapter.java:917) ~[spring-webmvc-6.1.1.jar:6.1.1]
	at org.springframework.web.servlet.mvc.method.annotation.RequestMappingHandlerAdapter.handleInternal(RequestMappingHandlerAdapter.java:829) ~[spring-webmvc-6.1.1.jar:6.1.1]
	at org.springframework.web.servlet.mvc.method.AbstractHandlerMethodAdapter.handle(AbstractHandlerMethodAdapter.java:87) ~[spring-webmvc-6.1.1.jar:6.1.1]
	at org.springframework.web.servlet.DispatcherServlet.doDispatch(DispatcherServlet.java:1089) ~[spring-webmvc-6.1.1.jar:6.1.1]
	at org.springframework.web.servlet.DispatcherServlet.doService(DispatcherServlet.java:979) ~[spring-webmvc-6.1.1.jar:6.1.1]
	at org.springframework.web.servlet.FrameworkServlet.processRequest(FrameworkServlet.java:1014) ~[spring-webmvc-6.1.1.jar:6.1.1]
	at org.springframework.web.servlet.FrameworkServlet.doGet(FrameworkServlet.java:903) ~[spring-webmvc-6.1.1.jar:6.1.1]
	at jakarta.servlet.http.HttpServlet.service(HttpServlet.java:564) ~[tomcat-embed-core-10.1.16.jar:6.0]
	at org.springframework.web.servlet.FrameworkServlet.service(FrameworkServlet.java:885) ~[spring-webmvc-6.1.1.jar:6.1.1]
	at jakarta.servlet.http.HttpServlet.service(HttpServlet.java:658) ~[tomcat-embed-core-10.1.16.jar:6.0]
	at org.apache.catalina.core.ApplicationFilterChain.internalDoFilter(ApplicationFilterChain.java:205) ~[tomcat-embed-core-10.1.16.jar:10.1.16]
	at org.apache.catalina.core.ApplicationFilterChain.doFilter(ApplicationFilterChain.java:149) ~[tomcat-embed-core-10.1.16.jar:10.1.16]
	at org.apache.tomcat.websocket.server.WsFilter.doFilter(WsFilter.java:51) ~[tomcat-embed-websocket-10.1.16.jar:10.1.16]
	at org.apache.catalina.core.ApplicationFilterChain.internalDoFilter(ApplicationFilterChain.java:174) ~[tomcat-embed-core-10.1.16.jar:10.1.16]
	at org.apache.catalina.core.ApplicationFilterChain.doFilter(ApplicationFilterChain.java:149) ~[tomcat-embed-core-10.1.16.jar:10.1.16]
	at org.springframework.security.web.FilterChainProxy.lambda$doFilterInternal$3(FilterChainProxy.java:231) ~[spring-security-web-6.2.0.jar:6.2.0]
	at org.springframework.security.web.FilterChainProxy$VirtualFilterChain.doFilter(FilterChainProxy.java:365) ~[spring-security-web-6.2.0.jar:6.2.0]
	at org.springframework.security.web.access.intercept.AuthorizationFilter.doFilter(AuthorizationFilter.java:100) ~[spring-security-web-6.2.0.jar:6.2.0]
	at org.springframework.security.web.FilterChainProxy$VirtualFilterChain.doFilter(FilterChainProxy.java:374) ~[spring-security-web-6.2.0.jar:6.2.0]
	at org.springframework.security.web.access.ExceptionTranslationFilter.doFilter(ExceptionTranslationFilter.java:126) ~[spring-security-web-6.2.0.jar:6.2.0]
	at org.springframework.security.web.access.ExceptionTranslationFilter.doFilter(ExceptionTranslationFilter.java:120) ~[spring-security-web-6.2.0.jar:6.2.0]
	at org.springframework.security.web.FilterChainProxy$VirtualFilterChain.doFilter(FilterChainProxy.java:374) ~[spring-security-web-6.2.0.jar:6.2.0]
	at org.springframework.security.web.session.SessionManagementFilter.doFilter(SessionManagementFilter.java:131) ~[spring-security-web-6.2.0.jar:6.2.0]
	at org.springframework.security.web.session.SessionManagementFilter.doFilter(SessionManagementFilter.java:85) ~[spring-security-web-6.2.0.jar:6.2.0]
	at org.springframework.security.web.FilterChainProxy$VirtualFilterChain.doFilter(FilterChainProxy.java:374) ~[spring-security-web-6.2.0.jar:6.2.0]
	at org.springframework.security.web.authentication.AnonymousAuthenticationFilter.doFilter(AnonymousAuthenticationFilter.java:100) ~[spring-security-web-6.2.0.jar:6.2.0]
	at org.springframework.security.web.FilterChainProxy$VirtualFilterChain.doFilter(FilterChainProxy.java:374) ~[spring-security-web-6.2.0.jar:6.2.0]
	at org.springframework.security.web.servletapi.SecurityContextHolderAwareRequestFilter.doFilter(SecurityContextHolderAwareRequestFilter.java:179) ~[spring-security-web-6.2.0.jar:6.2.0]
	at org.springframework.security.web.FilterChainProxy$VirtualFilterChain.doFilter(FilterChainProxy.java:374) ~[spring-security-web-6.2.0.jar:6.2.0]
	at org.springframework.security.web.savedrequest.RequestCacheAwareFilter.doFilter(RequestCacheAwareFilter.java:63) ~[spring-security-web-6.2.0.jar:6.2.0]
	at org.springframework.security.web.FilterChainProxy$VirtualFilterChain.doFilter(FilterChainProxy.java:374) ~[spring-security-web-6.2.0.jar:6.2.0]
	at org.springframework.security.web.authentication.AbstractAuthenticationProcessingFilter.doFilter(AbstractAuthenticationProcessingFilter.java:227) ~[spring-security-web-6.2.0.jar:6.2.0]
	at org.springframework.security.web.authentication.AbstractAuthenticationProcessingFilter.doFilter(AbstractAuthenticationProcessingFilter.java:221) ~[spring-security-web-6.2.0.jar:6.2.0]
	at org.springframework.security.web.FilterChainProxy$VirtualFilterChain.doFilter(FilterChainProxy.java:374) ~[spring-security-web-6.2.0.jar:6.2.0]
	at com.example.cco.security.JwtAuthorizationFilter.doFilterInternal(JwtAuthorizationFilter.java:48) ~[main/:na]
	at org.springframework.web.filter.OncePerRequestFilter.doFilter(OncePerRequestFilter.java:116) ~[spring-web-6.1.1.jar:6.1.1]
	at org.springframework.security.web.FilterChainProxy$VirtualFilterChain.doFilter(FilterChainProxy.java:374) ~[spring-security-web-6.2.0.jar:6.2.0]
	at org.springframework.security.web.authentication.logout.LogoutFilter.doFilter(LogoutFilter.java:107) ~[spring-security-web-6.2.0.jar:6.2.0]
	at org.springframework.security.web.authentication.logout.LogoutFilter.doFilter(LogoutFilter.java:93) ~[spring-security-web-6.2.0.jar:6.2.0]
	at org.springframework.security.web.FilterChainProxy$VirtualFilterChain.doFilter(FilterChainProxy.java:374) ~[spring-security-web-6.2.0.jar:6.2.0]
	at org.springframework.web.filter.CorsFilter.doFilterInternal(CorsFilter.java:91) ~[spring-web-6.1.1.jar:6.1.1]
	at org.springframework.web.filter.OncePerRequestFilter.doFilter(OncePerRequestFilter.java:116) ~[spring-web-6.1.1.jar:6.1.1]
	at org.springframework.security.web.FilterChainProxy$VirtualFilterChain.doFilter(FilterChainProxy.java:374) ~[spring-security-web-6.2.0.jar:6.2.0]
	at org.springframework.security.web.header.HeaderWriterFilter.doHeadersAfter(HeaderWriterFilter.java:90) ~[spring-security-web-6.2.0.jar:6.2.0]
	at org.springframework.security.web.header.HeaderWriterFilter.doFilterInternal(HeaderWriterFilter.java:75) ~[spring-security-web-6.2.0.jar:6.2.0]
	at org.springframework.web.filter.OncePerRequestFilter.doFilter(OncePerRequestFilter.java:116) ~[spring-web-6.1.1.jar:6.1.1]
	at org.springframework.security.web.FilterChainProxy$VirtualFilterChain.doFilter(FilterChainProxy.java:374) ~[spring-security-web-6.2.0.jar:6.2.0]
	at org.springframework.security.web.context.SecurityContextHolderFilter.doFilter(SecurityContextHolderFilter.java:82) ~[spring-security-web-6.2.0.jar:6.2.0]
	at org.springframework.security.web.context.SecurityContextHolderFilter.doFilter(SecurityContextHolderFilter.java:69) ~[spring-security-web-6.2.0.jar:6.2.0]
	at org.springframework.security.web.FilterChainProxy$VirtualFilterChain.doFilter(FilterChainProxy.java:374) ~[spring-security-web-6.2.0.jar:6.2.0]
	at org.springframework.security.web.context.request.async.WebAsyncManagerIntegrationFilter.doFilterInternal(WebAsyncManagerIntegrationFilter.java:62) ~[spring-security-web-6.2.0.jar:6.2.0]
	at org.springframework.web.filter.OncePerRequestFilter.doFilter(OncePerRequestFilter.java:116) ~[spring-web-6.1.1.jar:6.1.1]
	at org.springframework.security.web.FilterChainProxy$VirtualFilterChain.doFilter(FilterChainProxy.java:374) ~[spring-security-web-6.2.0.jar:6.2.0]
	at org.springframework.security.web.session.DisableEncodeUrlFilter.doFilterInternal(DisableEncodeUrlFilter.java:42) ~[spring-security-web-6.2.0.jar:6.2.0]
	at org.springframework.web.filter.OncePerRequestFilter.doFilter(OncePerRequestFilter.java:116) ~[spring-web-6.1.1.jar:6.1.1]
	at org.springframework.security.web.FilterChainProxy$VirtualFilterChain.doFilter(FilterChainProxy.java:374) ~[spring-security-web-6.2.0.jar:6.2.0]
	at org.springframework.security.web.FilterChainProxy.doFilterInternal(FilterChainProxy.java:233) ~[spring-security-web-6.2.0.jar:6.2.0]
	at org.springframework.security.web.FilterChainProxy.doFilter(FilterChainProxy.java:191) ~[spring-security-web-6.2.0.jar:6.2.0]
	at org.springframework.web.filter.DelegatingFilterProxy.invokeDelegate(DelegatingFilterProxy.java:352) ~[spring-web-6.1.1.jar:6.1.1]
	at org.springframework.web.filter.DelegatingFilterProxy.doFilter(DelegatingFilterProxy.java:268) ~[spring-web-6.1.1.jar:6.1.1]
	at org.apache.catalina.core.ApplicationFilterChain.internalDoFilter(ApplicationFilterChain.java:174) ~[tomcat-embed-core-10.1.16.jar:10.1.16]
	at org.apache.catalina.core.ApplicationFilterChain.doFilter(ApplicationFilterChain.java:149) ~[tomcat-embed-core-10.1.16.jar:10.1.16]
	at org.springframework.web.filter.RequestContextFilter.doFilterInternal(RequestContextFilter.java:100) ~[spring-web-6.1.1.jar:6.1.1]
	at org.springframework.web.filter.OncePerRequestFilter.doFilter(OncePerRequestFilter.java:116) ~[spring-web-6.1.1.jar:6.1.1]
	at org.apache.catalina.core.ApplicationFilterChain.internalDoFilter(ApplicationFilterChain.java:174) ~[tomcat-embed-core-10.1.16.jar:10.1.16]
	at org.apache.catalina.core.ApplicationFilterChain.doFilter(ApplicationFilterChain.java:149) ~[tomcat-embed-core-10.1.16.jar:10.1.16]
	at org.springframework.web.filter.FormContentFilter.doFilterInternal(FormContentFilter.java:93) ~[spring-web-6.1.1.jar:6.1.1]
	at org.springframework.web.filter.OncePerRequestFilter.doFilter(OncePerRequestFilter.java:116) ~[spring-web-6.1.1.jar:6.1.1]
	at org.apache.catalina.core.ApplicationFilterChain.internalDoFilter(ApplicationFilterChain.java:174) ~[tomcat-embed-core-10.1.16.jar:10.1.16]
	at org.apache.catalina.core.ApplicationFilterChain.doFilter(ApplicationFilterChain.java:149) ~[tomcat-embed-core-10.1.16.jar:10.1.16]
	at org.springframework.web.filter.CharacterEncodingFilter.doFilterInternal(CharacterEncodingFilter.java:201) ~[spring-web-6.1.1.jar:6.1.1]
	at org.springframework.web.filter.OncePerRequestFilter.doFilter(OncePerRequestFilter.java:116) ~[spring-web-6.1.1.jar:6.1.1]
	at org.apache.catalina.core.ApplicationFilterChain.internalDoFilter(ApplicationFilterChain.java:174) ~[tomcat-embed-core-10.1.16.jar:10.1.16]
	at org.apache.catalina.core.ApplicationFilterChain.doFilter(ApplicationFilterChain.java:149) ~[tomcat-embed-core-10.1.16.jar:10.1.16]
	at org.apache.catalina.core.StandardWrapperValve.invoke(StandardWrapperValve.java:167) ~[tomcat-embed-core-10.1.16.jar:10.1.16]
	at org.apache.catalina.core.StandardContextValve.invoke(StandardContextValve.java:90) ~[tomcat-embed-core-10.1.16.jar:10.1.16]
	at org.apache.catalina.authenticator.AuthenticatorBase.invoke(AuthenticatorBase.java:482) ~[tomcat-embed-core-10.1.16.jar:10.1.16]
	at org.apache.catalina.core.StandardHostValve.invoke(StandardHostValve.java:115) ~[tomcat-embed-core-10.1.16.jar:10.1.16]
	at org.apache.catalina.valves.ErrorReportValve.invoke(ErrorReportValve.java:93) ~[tomcat-embed-core-10.1.16.jar:10.1.16]
	at org.apache.catalina.core.StandardEngineValve.invoke(StandardEngineValve.java:74) ~[tomcat-embed-core-10.1.16.jar:10.1.16]
	at org.apache.catalina.connector.CoyoteAdapter.service(CoyoteAdapter.java:340) ~[tomcat-embed-core-10.1.16.jar:10.1.16]
	at org.apache.coyote.http11.Http11Processor.service(Http11Processor.java:391) ~[tomcat-embed-core-10.1.16.jar:10.1.16]
	at org.apache.coyote.AbstractProcessorLight.process(AbstractProcessorLight.java:63) ~[tomcat-embed-core-10.1.16.jar:10.1.16]
	at org.apache.coyote.AbstractProtocol$ConnectionHandler.process(AbstractProtocol.java:896) ~[tomcat-embed-core-10.1.16.jar:10.1.16]
	at org.apache.tomcat.util.net.NioEndpoint$SocketProcessor.doRun(NioEndpoint.java:1744) ~[tomcat-embed-core-10.1.16.jar:10.1.16]
	at org.apache.tomcat.util.net.SocketProcessorBase.run(SocketProcessorBase.java:52) ~[tomcat-embed-core-10.1.16.jar:10.1.16]
	at org.apache.tomcat.util.threads.ThreadPoolExecutor.runWorker(ThreadPoolExecutor.java:1191) ~[tomcat-embed-core-10.1.16.jar:10.1.16]
	at org.apache.tomcat.util.threads.ThreadPoolExecutor$Worker.run(ThreadPoolExecutor.java:659) ~[tomcat-embed-core-10.1.16.jar:10.1.16]
	at org.apache.tomcat.util.threads.TaskThread$WrappingRunnable.run(TaskThread.java:61) ~[tomcat-embed-core-10.1.16.jar:10.1.16]
	at java.base/java.lang.Thread.run(Thread.java:840) ~[na:na]
Caused by: org.postgresql.util.PSQLException: ERROR: column vte1_0.settle_amount does not exist
  Position: 3893
	at org.postgresql.core.v3.QueryExecutorImpl.receiveErrorResponse(QueryExecutorImpl.java:2713) ~[postgresql-42.6.0.jar:42.6.0]
	at org.postgresql.core.v3.QueryExecutorImpl.processResults(QueryExecutorImpl.java:2401) ~[postgresql-42.6.0.jar:42.6.0]
	at org.postgresql.core.v3.QueryExecutorImpl.execute(QueryExecutorImpl.java:368) ~[postgresql-42.6.0.jar:42.6.0]
	at org.postgresql.jdbc.PgStatement.executeInternal(PgStatement.java:498) ~[postgresql-42.6.0.jar:42.6.0]
	at org.postgresql.jdbc.PgStatement.execute(PgStatement.java:415) ~[postgresql-42.6.0.jar:42.6.0]
	at org.postgresql.jdbc.PgPreparedStatement.executeWithFlags(PgPreparedStatement.java:190) ~[postgresql-42.6.0.jar:42.6.0]
	at org.postgresql.jdbc.PgPreparedStatement.executeQuery(PgPreparedStatement.java:134) ~[postgresql-42.6.0.jar:42.6.0]
	at com.zaxxer.hikari.pool.ProxyPreparedStatement.executeQuery(ProxyPreparedStatement.java:52) ~[HikariCP-5.0.1.jar:na]
	at com.zaxxer.hikari.pool.HikariProxyPreparedStatement.executeQuery(HikariProxyPreparedStatement.java) ~[HikariCP-5.0.1.jar:na]
	at org.hibernate.sql.results.jdbc.internal.DeferredResultSetAccess.executeQuery(DeferredResultSetAccess.java:240) ~[hibernate-core-6.3.1.Final.jar:6.3.1.Final]
	... 191 common frames omitted

2025-04-30T08:40:33.596+09:00 ERROR 16156 --- [http-nio-4080-exec-1] c.example.cco.exception.ExceptionAdvice  : org.springframework.dao.InvalidDataAccessResourceUsageException: JDBC exception executing SQL [select vte1_0.pkey,vte1_0.a1card,vte1_0.a1card_note,vte1_0.a1cash,vte1_0.a1cash_note,vte1_0.a1extra1,vte1_0.a1extra1name,vte1_0.a1extra1note,vte1_0.a1extra2,vte1_0.a1extra2name,vte1_0.a1extra2note,vte1_0.a1extra3,vte1_0.a1extra3name,vte1_0.a1extra3note,vte1_0.a1extra4,vte1_0.a1extra4name,vte1_0.a1extra4note,vte1_0.a1extra5,vte1_0.a1extra5name,vte1_0.a1extra5note,vte1_0.a1tax,vte1_0.a1tax_note,vte1_0.active_yn,vte1_0.a_total,vte1_0.b1electricity,vte1_0.b1electricity_note,vte1_0.b1etc_expense,vte1_0.b1etc_expense_note,vte1_0.b1extra1,vte1_0.b1extra1name,vte1_0.b1extra1note,vte1_0.b1extra2,vte1_0.b1extra2name,vte1_0.b1extra2note,vte1_0.b1extra3,vte1_0.b1extra3name,vte1_0.b1extra3note,vte1_0.b1extra4,vte1_0.b1extra4name,vte1_0.b1extra4note,vte1_0.b1extra5,vte1_0.b1extra5name,vte1_0.b1extra5note,vte1_0.b1gas,vte1_0.b1gas_note,vte1_0.b1internet,vte1_0.b1internet_note,vte1_0.b1maint,vte1_0.b1maint_note,vte1_0.b1rent,vte1_0.b1rent_note,vte1_0.b2charge,vte1_0.b2charge_note,vte1_0.b3etc,vte1_0.b3etc_note,vte1_0.b3extra1,vte1_0.b3extra1name,vte1_0.b3extra1note,vte1_0.b3extra2,vte1_0.b3extra2name,vte1_0.b3extra2note,vte1_0.b3extra3,vte1_0.b3extra3name,vte1_0.b3extra3note,vte1_0.b3extra4,vte1_0.b3extra4name,vte1_0.b3extra4note,vte1_0.b3extra5,vte1_0.b3extra5name,vte1_0.b3extra5note,vte1_0.b3material,vte1_0.b3material_note,vte1_0.b4donation,vte1_0.b4donation_note,vte1_0.b4extra1,vte1_0.b4extra1name,vte1_0.b4extra1note,vte1_0.b4extra2,vte1_0.b4extra2name,vte1_0.b4extra2note,vte1_0.b4extra3,vte1_0.b4extra3name,vte1_0.b4extra3note,vte1_0.b4extra4,vte1_0.b4extra4name,vte1_0.b4extra4note,vte1_0.b4extra5,vte1_0.b4extra5name,vte1_0.b4extra5note,vte1_0.b4init_product,vte1_0.b4init_product_note,vte1_0.bank,vte1_0.bank_account,vte1_0.bank_account_number,vte1_0.brand_cd,vte1_0.brand_name,vte1_0.b_total,vte1_0.c1card_fee,vte1_0.c1card_fee_note,vte1_0.c1electricity,vte1_0.c1electricity_note,vte1_0.c1etc_expense,vte1_0.c1etc_expense_note,vte1_0.c1extra1,vte1_0.c1extra1name,vte1_0.c1extra1note,vte1_0.c1extra2,vte1_0.c1extra2name,vte1_0.c1extra2note,vte1_0.c1extra3,vte1_0.c1extra3name,vte1_0.c1extra3note,vte1_0.c1extra4,vte1_0.c1extra4name,vte1_0.c1extra4note,vte1_0.c1extra5,vte1_0.c1extra5name,vte1_0.c1extra5note,vte1_0.c1gas,vte1_0.c1gas_note,vte1_0.c1insurance,vte1_0.c1insurance_note,vte1_0.c1rent,vte1_0.c1rent_note,vte1_0.c1water,vte1_0.c1water_note,vte1_0.c2extra1,vte1_0.c2extra1name,vte1_0.c2extra1note,vte1_0.c2extra2,vte1_0.c2extra2name,vte1_0.c2extra2note,vte1_0.c2extra3,vte1_0.c2extra3name,vte1_0.c2extra3note,vte1_0.c2extra4,vte1_0.c2extra4name,vte1_0.c2extra4note,vte1_0.c2extra5,vte1_0.c2extra5name,vte1_0.c2extra5note,vte1_0.c2interest_cost,vte1_0.c2interest_cost_note,vte1_0.closed_yn,vte1_0.d1carryover,vte1_0.d1carryover_note,vte1_0.d1extra1,vte1_0.d1extra1name,vte1_0.d1extra1note,vte1_0.d1extra2,vte1_0.d1extra2name,vte1_0.d1extra2note,vte1_0.d1extra3,vte1_0.d1extra3name,vte1_0.d1extra3note,vte1_0.d1extra4,vte1_0.d1extra4name,vte1_0.d1extra4note,vte1_0.d1extra5,vte1_0.d1extra5name,vte1_0.d1extra5note,vte1_0.d1material,vte1_0.d1material_note,vte1_0.d1store_maint,vte1_0.d1store_maint_note,vte1_0.d2cash,vte1_0.d2cash_note,vte1_0.d2extra1,vte1_0.d2extra1name,vte1_0.d2extra1note,vte1_0.d2extra2,vte1_0.d2extra2name,vte1_0.d2extra2note,vte1_0.d2extra3,vte1_0.d2extra3name,vte1_0.d2extra3note,vte1_0.d2extra4,vte1_0.d2extra4name,vte1_0.d2extra4note,vte1_0.d2extra5,vte1_0.d2extra5name,vte1_0.d2extra5note,vte1_0.d3extra1,vte1_0.d3extra1name,vte1_0.d3extra1note,vte1_0.d3extra2,vte1_0.d3extra2name,vte1_0.d3extra2note,vte1_0.d3extra3,vte1_0.d3extra3name,vte1_0.d3extra3note,vte1_0.d3extra4,vte1_0.d3extra4name,vte1_0.d3extra4note,vte1_0.d3extra5,vte1_0.d3extra5name,vte1_0.d3extra5note,vte1_0.d3init_product,vte1_0.d3init_product_note,vte1_0.d3rent,vte1_0.d3rent_note,vte1_0.deposit_amount,vte1_0.insert_timestamp,vte1_0.owner,vte1_0.phone,vte1_0.sales_profit,vte1_0.settle_amount,vte1_0.settlement_amount,vte1_0.settlement_cd,vte1_0.settlement_title,vte1_0.settlement_ymd,vte1_0.src_a1card,vte1_0.src_a1cash,vte1_0.src_b1electricity,vte1_0.src_b3material,vte1_0.src_c1card_fee,vte1_0.src_d1material,vte1_0.store_code,vte1_0.store_name,vte1_0.update_timestamp from cnco.vsettlement_total vte1_0 where vte1_0.pkey=?] [ERROR: column vte1_0.settle_amount does not exist
  Position: 3893] [n/a]; SQL [n/a]
	at org.springframework.orm.jpa.vendor.HibernateJpaDialect.convertHibernateAccessException(HibernateJpaDialect.java:277)
	at org.springframework.orm.jpa.vendor.HibernateJpaDialect.translateExceptionIfPossible(HibernateJpaDialect.java:241)
	at org.springframework.orm.jpa.AbstractEntityManagerFactoryBean.translateExceptionIfPossible(AbstractEntityManagerFactoryBean.java:550)
	at org.springframework.dao.support.ChainedPersistenceExceptionTranslator.translateExceptionIfPossible(ChainedPersistenceExceptionTranslator.java:61)
	at org.springframework.dao.support.DataAccessUtils.translateIfNecessary(DataAccessUtils.java:335)
	at org.springframework.dao.support.PersistenceExceptionTranslationInterceptor.invoke(PersistenceExceptionTranslationInterceptor.java:152)
	at org.springframework.aop.framework.ReflectiveMethodInvocation.proceed(ReflectiveMethodInvocation.java:184)
	at org.springframework.data.jpa.repository.support.CrudMethodMetadataPostProcessor$CrudMethodMetadataPopulatingMethodInterceptor.invoke(CrudMethodMetadataPostProcessor.java:164)
	at org.springframework.aop.framework.ReflectiveMethodInvocation.proceed(ReflectiveMethodInvocation.java:184)
	at org.springframework.aop.interceptor.ExposeInvocationInterceptor.invoke(ExposeInvocationInterceptor.java:97)
	at org.springframework.aop.framework.ReflectiveMethodInvocation.proceed(ReflectiveMethodInvocation.java:184)
	at org.springframework.aop.framework.JdkDynamicAopProxy.invoke(JdkDynamicAopProxy.java:249)
	at jdk.proxy2/jdk.proxy2.$Proxy146.findById(Unknown Source)
	at com.example.cco.settlement.SettlementServiceImpl.getSettlementDetail(SettlementServiceImpl.java:564)
	at java.base/jdk.internal.reflect.NativeMethodAccessorImpl.invoke0(Native Method)
	at java.base/jdk.internal.reflect.NativeMethodAccessorImpl.invoke(NativeMethodAccessorImpl.java:77)
	at java.base/jdk.internal.reflect.DelegatingMethodAccessorImpl.invoke(DelegatingMethodAccessorImpl.java:43)
	at java.base/java.lang.reflect.Method.invoke(Method.java:569)
	at org.springframework.aop.support.AopUtils.invokeJoinpointUsingReflection(AopUtils.java:352)
	at org.springframework.aop.framework.ReflectiveMethodInvocation.invokeJoinpoint(ReflectiveMethodInvocation.java:196)
	at org.springframework.aop.framework.ReflectiveMethodInvocation.proceed(ReflectiveMethodInvocation.java:163)
	at org.springframework.aop.framework.CglibAopProxy$CglibMethodInvocation.proceed(CglibAopProxy.java:765)
	at org.springframework.transaction.interceptor.TransactionInterceptor$1.proceedWithInvocation(TransactionInterceptor.java:123)
	at org.springframework.transaction.interceptor.TransactionAspectSupport.invokeWithinTransaction(TransactionAspectSupport.java:385)
	at org.springframework.transaction.interceptor.TransactionInterceptor.invoke(TransactionInterceptor.java:119)
	at org.springframework.aop.framework.ReflectiveMethodInvocation.proceed(ReflectiveMethodInvocation.java:184)
	at org.springframework.aop.framework.CglibAopProxy$CglibMethodInvocation.proceed(CglibAopProxy.java:765)
	at org.springframework.aop.framework.CglibAopProxy$DynamicAdvisedInterceptor.intercept(CglibAopProxy.java:717)
	at com.example.cco.settlement.SettlementServiceImpl$$SpringCGLIB$$0.getSettlementDetail(<generated>)
	at com.example.cco.settlement.SettlementController.getSettlementDetail(SettlementController.java:79)
	at java.base/jdk.internal.reflect.NativeMethodAccessorImpl.invoke0(Native Method)
	at java.base/jdk.internal.reflect.NativeMethodAccessorImpl.invoke(NativeMethodAccessorImpl.java:77)
	at java.base/jdk.internal.reflect.DelegatingMethodAccessorImpl.invoke(DelegatingMethodAccessorImpl.java:43)
	at java.base/java.lang.reflect.Method.invoke(Method.java:569)
	at org.springframework.web.method.support.InvocableHandlerMethod.doInvoke(InvocableHandlerMethod.java:254)
	at org.springframework.web.method.support.InvocableHandlerMethod.invokeForRequest(InvocableHandlerMethod.java:182)
	at org.springframework.web.servlet.mvc.method.annotation.ServletInvocableHandlerMethod.invokeAndHandle(ServletInvocableHandlerMethod.java:118)
	at org.springframework.web.servlet.mvc.method.annotation.RequestMappingHandlerAdapter.invokeHandlerMethod(RequestMappingHandlerAdapter.java:917)
	at org.springframework.web.servlet.mvc.method.annotation.RequestMappingHandlerAdapter.handleInternal(RequestMappingHandlerAdapter.java:829)
	at org.springframework.web.servlet.mvc.method.AbstractHandlerMethodAdapter.handle(AbstractHandlerMethodAdapter.java:87)
	at org.springframework.web.servlet.DispatcherServlet.doDispatch(DispatcherServlet.java:1089)
	at org.springframework.web.servlet.DispatcherServlet.doService(DispatcherServlet.java:979)
	at org.springframework.web.servlet.FrameworkServlet.processRequest(FrameworkServlet.java:1014)
	at org.springframework.web.servlet.FrameworkServlet.doGet(FrameworkServlet.java:903)
	at jakarta.servlet.http.HttpServlet.service(HttpServlet.java:564)
	at org.springframework.web.servlet.FrameworkServlet.service(FrameworkServlet.java:885)
	at jakarta.servlet.http.HttpServlet.service(HttpServlet.java:658)
	at org.apache.catalina.core.ApplicationFilterChain.internalDoFilter(ApplicationFilterChain.java:205)
	at org.apache.catalina.core.ApplicationFilterChain.doFilter(ApplicationFilterChain.java:149)
	at org.apache.tomcat.websocket.server.WsFilter.doFilter(WsFilter.java:51)
	at org.apache.catalina.core.ApplicationFilterChain.internalDoFilter(ApplicationFilterChain.java:174)
	at org.apache.catalina.core.ApplicationFilterChain.doFilter(ApplicationFilterChain.java:149)
	at org.springframework.security.web.FilterChainProxy.lambda$doFilterInternal$3(FilterChainProxy.java:231)
	at org.springframework.security.web.FilterChainProxy$VirtualFilterChain.doFilter(FilterChainProxy.java:365)
	at org.springframework.security.web.access.intercept.AuthorizationFilter.doFilter(AuthorizationFilter.java:100)
	at org.springframework.security.web.FilterChainProxy$VirtualFilterChain.doFilter(FilterChainProxy.java:374)
	at org.springframework.security.web.access.ExceptionTranslationFilter.doFilter(ExceptionTranslationFilter.java:126)
	at org.springframework.security.web.access.ExceptionTranslationFilter.doFilter(ExceptionTranslationFilter.java:120)
	at org.springframework.security.web.FilterChainProxy$VirtualFilterChain.doFilter(FilterChainProxy.java:374)
	at org.springframework.security.web.session.SessionManagementFilter.doFilter(SessionManagementFilter.java:131)
	at org.springframework.security.web.session.SessionManagementFilter.doFilter(SessionManagementFilter.java:85)
	at org.springframework.security.web.FilterChainProxy$VirtualFilterChain.doFilter(FilterChainProxy.java:374)
	at org.springframework.security.web.authentication.AnonymousAuthenticationFilter.doFilter(AnonymousAuthenticationFilter.java:100)
	at org.springframework.security.web.FilterChainProxy$VirtualFilterChain.doFilter(FilterChainProxy.java:374)
	at org.springframework.security.web.servletapi.SecurityContextHolderAwareRequestFilter.doFilter(SecurityContextHolderAwareRequestFilter.java:179)
	at org.springframework.security.web.FilterChainProxy$VirtualFilterChain.doFilter(FilterChainProxy.java:374)
	at org.springframework.security.web.savedrequest.RequestCacheAwareFilter.doFilter(RequestCacheAwareFilter.java:63)
	at org.springframework.security.web.FilterChainProxy$VirtualFilterChain.doFilter(FilterChainProxy.java:374)
	at org.springframework.security.web.authentication.AbstractAuthenticationProcessingFilter.doFilter(AbstractAuthenticationProcessingFilter.java:227)
	at org.springframework.security.web.authentication.AbstractAuthenticationProcessingFilter.doFilter(AbstractAuthenticationProcessingFilter.java:221)
	at org.springframework.security.web.FilterChainProxy$VirtualFilterChain.doFilter(FilterChainProxy.java:374)
	at com.example.cco.security.JwtAuthorizationFilter.doFilterInternal(JwtAuthorizationFilter.java:48)
	at org.springframework.web.filter.OncePerRequestFilter.doFilter(OncePerRequestFilter.java:116)
	at org.springframework.security.web.FilterChainProxy$VirtualFilterChain.doFilter(FilterChainProxy.java:374)
	at org.springframework.security.web.authentication.logout.LogoutFilter.doFilter(LogoutFilter.java:107)
	at org.springframework.security.web.authentication.logout.LogoutFilter.doFilter(LogoutFilter.java:93)
	at org.springframework.security.web.FilterChainProxy$VirtualFilterChain.doFilter(FilterChainProxy.java:374)
	at org.springframework.web.filter.CorsFilter.doFilterInternal(CorsFilter.java:91)
	at org.springframework.web.filter.OncePerRequestFilter.doFilter(OncePerRequestFilter.java:116)
	at org.springframework.security.web.FilterChainProxy$VirtualFilterChain.doFilter(FilterChainProxy.java:374)
	at org.springframework.security.web.header.HeaderWriterFilter.doHeadersAfter(HeaderWriterFilter.java:90)
	at org.springframework.security.web.header.HeaderWriterFilter.doFilterInternal(HeaderWriterFilter.java:75)
	at org.springframework.web.filter.OncePerRequestFilter.doFilter(OncePerRequestFilter.java:116)
	at org.springframework.security.web.FilterChainProxy$VirtualFilterChain.doFilter(FilterChainProxy.java:374)
	at org.springframework.security.web.context.SecurityContextHolderFilter.doFilter(SecurityContextHolderFilter.java:82)
	at org.springframework.security.web.context.SecurityContextHolderFilter.doFilter(SecurityContextHolderFilter.java:69)
	at org.springframework.security.web.FilterChainProxy$VirtualFilterChain.doFilter(FilterChainProxy.java:374)
	at org.springframework.security.web.context.request.async.WebAsyncManagerIntegrationFilter.doFilterInternal(WebAsyncManagerIntegrationFilter.java:62)
	at org.springframework.web.filter.OncePerRequestFilter.doFilter(OncePerRequestFilter.java:116)
	at org.springframework.security.web.FilterChainProxy$VirtualFilterChain.doFilter(FilterChainProxy.java:374)
	at org.springframework.security.web.session.DisableEncodeUrlFilter.doFilterInternal(DisableEncodeUrlFilter.java:42)
	at org.springframework.web.filter.OncePerRequestFilter.doFilter(OncePerRequestFilter.java:116)
	at org.springframework.security.web.FilterChainProxy$VirtualFilterChain.doFilter(FilterChainProxy.java:374)
	at org.springframework.security.web.FilterChainProxy.doFilterInternal(FilterChainProxy.java:233)
	at org.springframework.security.web.FilterChainProxy.doFilter(FilterChainProxy.java:191)
	at org.springframework.web.filter.DelegatingFilterProxy.invokeDelegate(DelegatingFilterProxy.java:352)
	at org.springframework.web.filter.DelegatingFilterProxy.doFilter(DelegatingFilterProxy.java:268)
	at org.apache.catalina.core.ApplicationFilterChain.internalDoFilter(ApplicationFilterChain.java:174)
	at org.apache.catalina.core.ApplicationFilterChain.doFilter(ApplicationFilterChain.java:149)
	at org.springframework.web.filter.RequestContextFilter.doFilterInternal(RequestContextFilter.java:100)
	at org.springframework.web.filter.OncePerRequestFilter.doFilter(OncePerRequestFilter.java:116)
	at org.apache.catalina.core.ApplicationFilterChain.internalDoFilter(ApplicationFilterChain.java:174)
	at org.apache.catalina.core.ApplicationFilterChain.doFilter(ApplicationFilterChain.java:149)
	at org.springframework.web.filter.FormContentFilter.doFilterInternal(FormContentFilter.java:93)
	at org.springframework.web.filter.OncePerRequestFilter.doFilter(OncePerRequestFilter.java:116)
	at org.apache.catalina.core.ApplicationFilterChain.internalDoFilter(ApplicationFilterChain.java:174)
	at org.apache.catalina.core.ApplicationFilterChain.doFilter(ApplicationFilterChain.java:149)
	at org.springframework.web.filter.CharacterEncodingFilter.doFilterInternal(CharacterEncodingFilter.java:201)
	at org.springframework.web.filter.OncePerRequestFilter.doFilter(OncePerRequestFilter.java:116)
	at org.apache.catalina.core.ApplicationFilterChain.internalDoFilter(ApplicationFilterChain.java:174)
	at org.apache.catalina.core.ApplicationFilterChain.doFilter(ApplicationFilterChain.java:149)
	at org.apache.catalina.core.StandardWrapperValve.invoke(StandardWrapperValve.java:167)
	at org.apache.catalina.core.StandardContextValve.invoke(StandardContextValve.java:90)
	at org.apache.catalina.authenticator.AuthenticatorBase.invoke(AuthenticatorBase.java:482)
	at org.apache.catalina.core.StandardHostValve.invoke(StandardHostValve.java:115)
	at org.apache.catalina.valves.ErrorReportValve.invoke(ErrorReportValve.java:93)
	at org.apache.catalina.core.StandardEngineValve.invoke(StandardEngineValve.java:74)
	at org.apache.catalina.connector.CoyoteAdapter.service(CoyoteAdapter.java:340)
	at org.apache.coyote.http11.Http11Processor.service(Http11Processor.java:391)
	at org.apache.coyote.AbstractProcessorLight.process(AbstractProcessorLight.java:63)
	at org.apache.coyote.AbstractProtocol$ConnectionHandler.process(AbstractProtocol.java:896)
	at org.apache.tomcat.util.net.NioEndpoint$SocketProcessor.doRun(NioEndpoint.java:1744)
	at org.apache.tomcat.util.net.SocketProcessorBase.run(SocketProcessorBase.java:52)
	at org.apache.tomcat.util.threads.ThreadPoolExecutor.runWorker(ThreadPoolExecutor.java:1191)
	at org.apache.tomcat.util.threads.ThreadPoolExecutor$Worker.run(ThreadPoolExecutor.java:659)
	at org.apache.tomcat.util.threads.TaskThread$WrappingRunnable.run(TaskThread.java:61)
	at java.base/java.lang.Thread.run(Thread.java:840)
Caused by: org.hibernate.exception.SQLGrammarException: JDBC exception executing SQL [select vte1_0.pkey,vte1_0.a1card,vte1_0.a1card_note,vte1_0.a1cash,vte1_0.a1cash_note,vte1_0.a1extra1,vte1_0.a1extra1name,vte1_0.a1extra1note,vte1_0.a1extra2,vte1_0.a1extra2name,vte1_0.a1extra2note,vte1_0.a1extra3,vte1_0.a1extra3name,vte1_0.a1extra3note,vte1_0.a1extra4,vte1_0.a1extra4name,vte1_0.a1extra4note,vte1_0.a1extra5,vte1_0.a1extra5name,vte1_0.a1extra5note,vte1_0.a1tax,vte1_0.a1tax_note,vte1_0.active_yn,vte1_0.a_total,vte1_0.b1electricity,vte1_0.b1electricity_note,vte1_0.b1etc_expense,vte1_0.b1etc_expense_note,vte1_0.b1extra1,vte1_0.b1extra1name,vte1_0.b1extra1note,vte1_0.b1extra2,vte1_0.b1extra2name,vte1_0.b1extra2note,vte1_0.b1extra3,vte1_0.b1extra3name,vte1_0.b1extra3note,vte1_0.b1extra4,vte1_0.b1extra4name,vte1_0.b1extra4note,vte1_0.b1extra5,vte1_0.b1extra5name,vte1_0.b1extra5note,vte1_0.b1gas,vte1_0.b1gas_note,vte1_0.b1internet,vte1_0.b1internet_note,vte1_0.b1maint,vte1_0.b1maint_note,vte1_0.b1rent,vte1_0.b1rent_note,vte1_0.b2charge,vte1_0.b2charge_note,vte1_0.b3etc,vte1_0.b3etc_note,vte1_0.b3extra1,vte1_0.b3extra1name,vte1_0.b3extra1note,vte1_0.b3extra2,vte1_0.b3extra2name,vte1_0.b3extra2note,vte1_0.b3extra3,vte1_0.b3extra3name,vte1_0.b3extra3note,vte1_0.b3extra4,vte1_0.b3extra4name,vte1_0.b3extra4note,vte1_0.b3extra5,vte1_0.b3extra5name,vte1_0.b3extra5note,vte1_0.b3material,vte1_0.b3material_note,vte1_0.b4donation,vte1_0.b4donation_note,vte1_0.b4extra1,vte1_0.b4extra1name,vte1_0.b4extra1note,vte1_0.b4extra2,vte1_0.b4extra2name,vte1_0.b4extra2note,vte1_0.b4extra3,vte1_0.b4extra3name,vte1_0.b4extra3note,vte1_0.b4extra4,vte1_0.b4extra4name,vte1_0.b4extra4note,vte1_0.b4extra5,vte1_0.b4extra5name,vte1_0.b4extra5note,vte1_0.b4init_product,vte1_0.b4init_product_note,vte1_0.bank,vte1_0.bank_account,vte1_0.bank_account_number,vte1_0.brand_cd,vte1_0.brand_name,vte1_0.b_total,vte1_0.c1card_fee,vte1_0.c1card_fee_note,vte1_0.c1electricity,vte1_0.c1electricity_note,vte1_0.c1etc_expense,vte1_0.c1etc_expense_note,vte1_0.c1extra1,vte1_0.c1extra1name,vte1_0.c1extra1note,vte1_0.c1extra2,vte1_0.c1extra2name,vte1_0.c1extra2note,vte1_0.c1extra3,vte1_0.c1extra3name,vte1_0.c1extra3note,vte1_0.c1extra4,vte1_0.c1extra4name,vte1_0.c1extra4note,vte1_0.c1extra5,vte1_0.c1extra5name,vte1_0.c1extra5note,vte1_0.c1gas,vte1_0.c1gas_note,vte1_0.c1insurance,vte1_0.c1insurance_note,vte1_0.c1rent,vte1_0.c1rent_note,vte1_0.c1water,vte1_0.c1water_note,vte1_0.c2extra1,vte1_0.c2extra1name,vte1_0.c2extra1note,vte1_0.c2extra2,vte1_0.c2extra2name,vte1_0.c2extra2note,vte1_0.c2extra3,vte1_0.c2extra3name,vte1_0.c2extra3note,vte1_0.c2extra4,vte1_0.c2extra4name,vte1_0.c2extra4note,vte1_0.c2extra5,vte1_0.c2extra5name,vte1_0.c2extra5note,vte1_0.c2interest_cost,vte1_0.c2interest_cost_note,vte1_0.closed_yn,vte1_0.d1carryover,vte1_0.d1carryover_note,vte1_0.d1extra1,vte1_0.d1extra1name,vte1_0.d1extra1note,vte1_0.d1extra2,vte1_0.d1extra2name,vte1_0.d1extra2note,vte1_0.d1extra3,vte1_0.d1extra3name,vte1_0.d1extra3note,vte1_0.d1extra4,vte1_0.d1extra4name,vte1_0.d1extra4note,vte1_0.d1extra5,vte1_0.d1extra5name,vte1_0.d1extra5note,vte1_0.d1material,vte1_0.d1material_note,vte1_0.d1store_maint,vte1_0.d1store_maint_note,vte1_0.d2cash,vte1_0.d2cash_note,vte1_0.d2extra1,vte1_0.d2extra1name,vte1_0.d2extra1note,vte1_0.d2extra2,vte1_0.d2extra2name,vte1_0.d2extra2note,vte1_0.d2extra3,vte1_0.d2extra3name,vte1_0.d2extra3note,vte1_0.d2extra4,vte1_0.d2extra4name,vte1_0.d2extra4note,vte1_0.d2extra5,vte1_0.d2extra5name,vte1_0.d2extra5note,vte1_0.d3extra1,vte1_0.d3extra1name,vte1_0.d3extra1note,vte1_0.d3extra2,vte1_0.d3extra2name,vte1_0.d3extra2note,vte1_0.d3extra3,vte1_0.d3extra3name,vte1_0.d3extra3note,vte1_0.d3extra4,vte1_0.d3extra4name,vte1_0.d3extra4note,vte1_0.d3extra5,vte1_0.d3extra5name,vte1_0.d3extra5note,vte1_0.d3init_product,vte1_0.d3init_product_note,vte1_0.d3rent,vte1_0.d3rent_note,vte1_0.deposit_amount,vte1_0.insert_timestamp,vte1_0.owner,vte1_0.phone,vte1_0.sales_profit,vte1_0.settle_amount,vte1_0.settlement_amount,vte1_0.settlement_cd,vte1_0.settlement_title,vte1_0.settlement_ymd,vte1_0.src_a1card,vte1_0.src_a1cash,vte1_0.src_b1electricity,vte1_0.src_b3material,vte1_0.src_c1card_fee,vte1_0.src_d1material,vte1_0.store_code,vte1_0.store_name,vte1_0.update_timestamp from cnco.vsettlement_total vte1_0 where vte1_0.pkey=?] [ERROR: column vte1_0.settle_amount does not exist
  Position: 3893] [n/a]
	at org.hibernate.exception.internal.SQLStateConversionDelegate.convert(SQLStateConversionDelegate.java:91)
	at org.hibernate.exception.internal.StandardSQLExceptionConverter.convert(StandardSQLExceptionConverter.java:58)
	at org.hibernate.engine.jdbc.spi.SqlExceptionHelper.convert(SqlExceptionHelper.java:108)
	at org.hibernate.engine.jdbc.spi.SqlExceptionHelper.convert(SqlExceptionHelper.java:94)
	at org.hibernate.sql.results.jdbc.internal.DeferredResultSetAccess.executeQuery(DeferredResultSetAccess.java:258)
	at org.hibernate.sql.results.jdbc.internal.DeferredResultSetAccess.getResultSet(DeferredResultSetAccess.java:164)
	at org.hibernate.sql.results.jdbc.internal.JdbcValuesResultSetImpl.advanceNext(JdbcValuesResultSetImpl.java:218)
	at org.hibernate.sql.results.jdbc.internal.JdbcValuesResultSetImpl.processNext(JdbcValuesResultSetImpl.java:98)
	at org.hibernate.sql.results.jdbc.internal.AbstractJdbcValues.next(AbstractJdbcValues.java:19)
	at org.hibernate.sql.results.internal.RowProcessingStateStandardImpl.next(RowProcessingStateStandardImpl.java:66)
	at org.hibernate.sql.results.spi.ListResultsConsumer.consume(ListResultsConsumer.java:186)
	at org.hibernate.sql.results.spi.ListResultsConsumer.consume(ListResultsConsumer.java:33)
	at org.hibernate.sql.exec.internal.JdbcSelectExecutorStandardImpl.doExecuteQuery(JdbcSelectExecutorStandardImpl.java:361)
	at org.hibernate.sql.exec.internal.JdbcSelectExecutorStandardImpl.executeQuery(JdbcSelectExecutorStandardImpl.java:168)
	at org.hibernate.sql.exec.internal.JdbcSelectExecutorStandardImpl.list(JdbcSelectExecutorStandardImpl.java:93)
	at org.hibernate.sql.exec.spi.JdbcSelectExecutor.list(JdbcSelectExecutor.java:31)
	at org.hibernate.loader.ast.internal.SingleIdLoadPlan.load(SingleIdLoadPlan.java:145)
	at org.hibernate.loader.ast.internal.SingleIdLoadPlan.load(SingleIdLoadPlan.java:117)
	at org.hibernate.loader.ast.internal.SingleIdEntityLoaderStandardImpl.load(SingleIdEntityLoaderStandardImpl.java:75)
	at org.hibernate.persister.entity.AbstractEntityPersister.doLoad(AbstractEntityPersister.java:3673)
	at org.hibernate.persister.entity.AbstractEntityPersister.load(AbstractEntityPersister.java:3662)
	at org.hibernate.event.internal.DefaultLoadEventListener.loadFromDatasource(DefaultLoadEventListener.java:591)
	at org.hibernate.event.internal.DefaultLoadEventListener.loadFromCacheOrDatasource(DefaultLoadEventListener.java:577)
	at org.hibernate.event.internal.DefaultLoadEventListener.load(DefaultLoadEventListener.java:547)
	at org.hibernate.event.internal.DefaultLoadEventListener.doLoad(DefaultLoadEventListener.java:531)
	at org.hibernate.event.internal.DefaultLoadEventListener.load(DefaultLoadEventListener.java:206)
	at org.hibernate.event.internal.DefaultLoadEventListener.loadWithRegularProxy(DefaultLoadEventListener.java:286)
	at org.hibernate.event.internal.DefaultLoadEventListener.proxyOrLoad(DefaultLoadEventListener.java:241)
	at org.hibernate.event.internal.DefaultLoadEventListener.doOnLoad(DefaultLoadEventListener.java:110)
	at org.hibernate.event.internal.DefaultLoadEventListener.onLoad(DefaultLoadEventListener.java:67)
	at org.hibernate.event.service.internal.EventListenerGroupImpl.fireEventOnEachListener(EventListenerGroupImpl.java:138)
	at org.hibernate.internal.SessionImpl.fireLoadNoChecks(SessionImpl.java:1234)
	at org.hibernate.internal.SessionImpl.fireLoad(SessionImpl.java:1222)
	at org.hibernate.loader.internal.IdentifierLoadAccessImpl.load(IdentifierLoadAccessImpl.java:209)
	at org.hibernate.loader.internal.IdentifierLoadAccessImpl.doLoad(IdentifierLoadAccessImpl.java:160)
	at org.hibernate.loader.internal.IdentifierLoadAccessImpl.lambda$load$1(IdentifierLoadAccessImpl.java:149)
	at org.hibernate.loader.internal.IdentifierLoadAccessImpl.perform(IdentifierLoadAccessImpl.java:112)
	at org.hibernate.loader.internal.IdentifierLoadAccessImpl.load(IdentifierLoadAccessImpl.java:149)
	at org.hibernate.internal.SessionImpl.find(SessionImpl.java:2430)
	at org.hibernate.internal.SessionImpl.find(SessionImpl.java:2401)
	at java.base/jdk.internal.reflect.NativeMethodAccessorImpl.invoke0(Native Method)
	at java.base/jdk.internal.reflect.NativeMethodAccessorImpl.invoke(NativeMethodAccessorImpl.java:77)
	at java.base/jdk.internal.reflect.DelegatingMethodAccessorImpl.invoke(DelegatingMethodAccessorImpl.java:43)
	at java.base/java.lang.reflect.Method.invoke(Method.java:569)
	at org.springframework.orm.jpa.ExtendedEntityManagerCreator$ExtendedEntityManagerInvocationHandler.invoke(ExtendedEntityManagerCreator.java:360)
	at jdk.proxy2/jdk.proxy2.$Proxy134.find(Unknown Source)
	at java.base/jdk.internal.reflect.NativeMethodAccessorImpl.invoke0(Native Method)
	at java.base/jdk.internal.reflect.NativeMethodAccessorImpl.invoke(NativeMethodAccessorImpl.java:77)
	at java.base/jdk.internal.reflect.DelegatingMethodAccessorImpl.invoke(DelegatingMethodAccessorImpl.java:43)
	at java.base/java.lang.reflect.Method.invoke(Method.java:569)
	at org.springframework.orm.jpa.SharedEntityManagerCreator$SharedEntityManagerInvocationHandler.invoke(SharedEntityManagerCreator.java:311)
	at jdk.proxy2/jdk.proxy2.$Proxy134.find(Unknown Source)
	at org.springframework.data.jpa.repository.support.SimpleJpaRepository.findById(SimpleJpaRepository.java:313)
	at java.base/jdk.internal.reflect.NativeMethodAccessorImpl.invoke0(Native Method)
	at java.base/jdk.internal.reflect.NativeMethodAccessorImpl.invoke(NativeMethodAccessorImpl.java:77)
	at java.base/jdk.internal.reflect.DelegatingMethodAccessorImpl.invoke(DelegatingMethodAccessorImpl.java:43)
	at java.base/java.lang.reflect.Method.invoke(Method.java:569)
	at org.springframework.aop.support.AopUtils.invokeJoinpointUsingReflection(AopUtils.java:352)
	at org.springframework.data.repository.core.support.RepositoryMethodInvoker$RepositoryFragmentMethodInvoker.lambda$new$0(RepositoryMethodInvoker.java:277)
	at org.springframework.data.repository.core.support.RepositoryMethodInvoker.doInvoke(RepositoryMethodInvoker.java:170)
	at org.springframework.data.repository.core.support.RepositoryMethodInvoker.invoke(RepositoryMethodInvoker.java:158)
	at org.springframework.data.repository.core.support.RepositoryComposition$RepositoryFragments.invoke(RepositoryComposition.java:516)
	at org.springframework.data.repository.core.support.RepositoryComposition.invoke(RepositoryComposition.java:285)
	at org.springframework.data.repository.core.support.RepositoryFactorySupport$ImplementationMethodExecutionInterceptor.invoke(RepositoryFactorySupport.java:628)
	at org.springframework.aop.framework.ReflectiveMethodInvocation.proceed(ReflectiveMethodInvocation.java:184)
	at org.springframework.data.repository.core.support.QueryExecutorMethodInterceptor.doInvoke(QueryExecutorMethodInterceptor.java:168)
	at org.springframework.data.repository.core.support.QueryExecutorMethodInterceptor.invoke(QueryExecutorMethodInterceptor.java:143)
	at org.springframework.aop.framework.ReflectiveMethodInvocation.proceed(ReflectiveMethodInvocation.java:184)
	at org.springframework.data.projection.DefaultMethodInvokingMethodInterceptor.invoke(DefaultMethodInvokingMethodInterceptor.java:70)
	at org.springframework.aop.framework.ReflectiveMethodInvocation.proceed(ReflectiveMethodInvocation.java:184)
	at org.springframework.transaction.interceptor.TransactionInterceptor$1.proceedWithInvocation(TransactionInterceptor.java:123)
	at org.springframework.transaction.interceptor.TransactionAspectSupport.invokeWithinTransaction(TransactionAspectSupport.java:385)
	at org.springframework.transaction.interceptor.TransactionInterceptor.invoke(TransactionInterceptor.java:119)
	at org.springframework.aop.framework.ReflectiveMethodInvocation.proceed(ReflectiveMethodInvocation.java:184)
	at org.springframework.dao.support.PersistenceExceptionTranslationInterceptor.invoke(PersistenceExceptionTranslationInterceptor.java:137)
	... 121 more
Caused by: org.postgresql.util.PSQLException: ERROR: column vte1_0.settle_amount does not exist
  Position: 3893
	at org.postgresql.core.v3.QueryExecutorImpl.receiveErrorResponse(QueryExecutorImpl.java:2713)
	at org.postgresql.core.v3.QueryExecutorImpl.processResults(QueryExecutorImpl.java:2401)
	at org.postgresql.core.v3.QueryExecutorImpl.execute(QueryExecutorImpl.java:368)
	at org.postgresql.jdbc.PgStatement.executeInternal(PgStatement.java:498)
	at org.postgresql.jdbc.PgStatement.execute(PgStatement.java:415)
	at org.postgresql.jdbc.PgPreparedStatement.executeWithFlags(PgPreparedStatement.java:190)
	at org.postgresql.jdbc.PgPreparedStatement.executeQuery(PgPreparedStatement.java:134)
	at com.zaxxer.hikari.pool.ProxyPreparedStatement.executeQuery(ProxyPreparedStatement.java:52)
	at com.zaxxer.hikari.pool.HikariProxyPreparedStatement.executeQuery(HikariProxyPreparedStatement.java)
	at org.hibernate.sql.results.jdbc.internal.DeferredResultSetAccess.executeQuery(DeferredResultSetAccess.java:240)
	... 191 more

2025-04-30T08:40:34.605+09:00  INFO 16156 --- [http-nio-4080-exec-2] c.e.cco.security.JwtAuthorizationFilter  : token =eyJhbGciOiJIUzUxMiJ9.eyJzdWIiOiJhZG1pbiIsInJvbGUiOiJBRE1JTiIsImlhdCI6MTc0NTk2OTIzNywiZXhwIjoxNzQ1OTk4MDM3fQ.wiA_QqMmtrXJb4uNDkhaCfIK3bC8lZxSd3ID7_G7j-8l50Fxom-SdwSZGTmZp6ugeUaqXdXNiH8-1-s7fcZFCw
2025-04-30T08:40:34.607+09:00  INFO 16156 --- [http-nio-4080-exec-2] c.example.cco.security.JwtTokenProvider  : Wed Apr 30 08:40:34 KST 2025
2025-04-30T08:40:34.607+09:00  INFO 16156 --- [http-nio-4080-exec-2] c.example.cco.security.JwtTokenProvider  : false
2025-04-30T08:40:34.618+09:00  WARN 16156 --- [http-nio-4080-exec-2] o.h.engine.jdbc.spi.SqlExceptionHelper   : SQL Error: 0, SQLState: 42703
2025-04-30T08:40:34.618+09:00 ERROR 16156 --- [http-nio-4080-exec-2] o.h.engine.jdbc.spi.SqlExceptionHelper   : ERROR: column vte1_0.settle_amount does not exist
  Position: 3893
2025-04-30T08:40:34.618+09:00  INFO 16156 --- [http-nio-4080-exec-2] o.h.e.internal.DefaultLoadEventListener  : HHH000327: Error performing load command

org.hibernate.exception.SQLGrammarException: JDBC exception executing SQL [select vte1_0.pkey,vte1_0.a1card,vte1_0.a1card_note,vte1_0.a1cash,vte1_0.a1cash_note,vte1_0.a1extra1,vte1_0.a1extra1name,vte1_0.a1extra1note,vte1_0.a1extra2,vte1_0.a1extra2name,vte1_0.a1extra2note,vte1_0.a1extra3,vte1_0.a1extra3name,vte1_0.a1extra3note,vte1_0.a1extra4,vte1_0.a1extra4name,vte1_0.a1extra4note,vte1_0.a1extra5,vte1_0.a1extra5name,vte1_0.a1extra5note,vte1_0.a1tax,vte1_0.a1tax_note,vte1_0.active_yn,vte1_0.a_total,vte1_0.b1electricity,vte1_0.b1electricity_note,vte1_0.b1etc_expense,vte1_0.b1etc_expense_note,vte1_0.b1extra1,vte1_0.b1extra1name,vte1_0.b1extra1note,vte1_0.b1extra2,vte1_0.b1extra2name,vte1_0.b1extra2note,vte1_0.b1extra3,vte1_0.b1extra3name,vte1_0.b1extra3note,vte1_0.b1extra4,vte1_0.b1extra4name,vte1_0.b1extra4note,vte1_0.b1extra5,vte1_0.b1extra5name,vte1_0.b1extra5note,vte1_0.b1gas,vte1_0.b1gas_note,vte1_0.b1internet,vte1_0.b1internet_note,vte1_0.b1maint,vte1_0.b1maint_note,vte1_0.b1rent,vte1_0.b1rent_note,vte1_0.b2charge,vte1_0.b2charge_note,vte1_0.b3etc,vte1_0.b3etc_note,vte1_0.b3extra1,vte1_0.b3extra1name,vte1_0.b3extra1note,vte1_0.b3extra2,vte1_0.b3extra2name,vte1_0.b3extra2note,vte1_0.b3extra3,vte1_0.b3extra3name,vte1_0.b3extra3note,vte1_0.b3extra4,vte1_0.b3extra4name,vte1_0.b3extra4note,vte1_0.b3extra5,vte1_0.b3extra5name,vte1_0.b3extra5note,vte1_0.b3material,vte1_0.b3material_note,vte1_0.b4donation,vte1_0.b4donation_note,vte1_0.b4extra1,vte1_0.b4extra1name,vte1_0.b4extra1note,vte1_0.b4extra2,vte1_0.b4extra2name,vte1_0.b4extra2note,vte1_0.b4extra3,vte1_0.b4extra3name,vte1_0.b4extra3note,vte1_0.b4extra4,vte1_0.b4extra4name,vte1_0.b4extra4note,vte1_0.b4extra5,vte1_0.b4extra5name,vte1_0.b4extra5note,vte1_0.b4init_product,vte1_0.b4init_product_note,vte1_0.bank,vte1_0.bank_account,vte1_0.bank_account_number,vte1_0.brand_cd,vte1_0.brand_name,vte1_0.b_total,vte1_0.c1card_fee,vte1_0.c1card_fee_note,vte1_0.c1electricity,vte1_0.c1electricity_note,vte1_0.c1etc_expense,vte1_0.c1etc_expense_note,vte1_0.c1extra1,vte1_0.c1extra1name,vte1_0.c1extra1note,vte1_0.c1extra2,vte1_0.c1extra2name,vte1_0.c1extra2note,vte1_0.c1extra3,vte1_0.c1extra3name,vte1_0.c1extra3note,vte1_0.c1extra4,vte1_0.c1extra4name,vte1_0.c1extra4note,vte1_0.c1extra5,vte1_0.c1extra5name,vte1_0.c1extra5note,vte1_0.c1gas,vte1_0.c1gas_note,vte1_0.c1insurance,vte1_0.c1insurance_note,vte1_0.c1rent,vte1_0.c1rent_note,vte1_0.c1water,vte1_0.c1water_note,vte1_0.c2extra1,vte1_0.c2extra1name,vte1_0.c2extra1note,vte1_0.c2extra2,vte1_0.c2extra2name,vte1_0.c2extra2note,vte1_0.c2extra3,vte1_0.c2extra3name,vte1_0.c2extra3note,vte1_0.c2extra4,vte1_0.c2extra4name,vte1_0.c2extra4note,vte1_0.c2extra5,vte1_0.c2extra5name,vte1_0.c2extra5note,vte1_0.c2interest_cost,vte1_0.c2interest_cost_note,vte1_0.closed_yn,vte1_0.d1carryover,vte1_0.d1carryover_note,vte1_0.d1extra1,vte1_0.d1extra1name,vte1_0.d1extra1note,vte1_0.d1extra2,vte1_0.d1extra2name,vte1_0.d1extra2note,vte1_0.d1extra3,vte1_0.d1extra3name,vte1_0.d1extra3note,vte1_0.d1extra4,vte1_0.d1extra4name,vte1_0.d1extra4note,vte1_0.d1extra5,vte1_0.d1extra5name,vte1_0.d1extra5note,vte1_0.d1material,vte1_0.d1material_note,vte1_0.d1store_maint,vte1_0.d1store_maint_note,vte1_0.d2cash,vte1_0.d2cash_note,vte1_0.d2extra1,vte1_0.d2extra1name,vte1_0.d2extra1note,vte1_0.d2extra2,vte1_0.d2extra2name,vte1_0.d2extra2note,vte1_0.d2extra3,vte1_0.d2extra3name,vte1_0.d2extra3note,vte1_0.d2extra4,vte1_0.d2extra4name,vte1_0.d2extra4note,vte1_0.d2extra5,vte1_0.d2extra5name,vte1_0.d2extra5note,vte1_0.d3extra1,vte1_0.d3extra1name,vte1_0.d3extra1note,vte1_0.d3extra2,vte1_0.d3extra2name,vte1_0.d3extra2note,vte1_0.d3extra3,vte1_0.d3extra3name,vte1_0.d3extra3note,vte1_0.d3extra4,vte1_0.d3extra4name,vte1_0.d3extra4note,vte1_0.d3extra5,vte1_0.d3extra5name,vte1_0.d3extra5note,vte1_0.d3init_product,vte1_0.d3init_product_note,vte1_0.d3rent,vte1_0.d3rent_note,vte1_0.deposit_amount,vte1_0.insert_timestamp,vte1_0.owner,vte1_0.phone,vte1_0.sales_profit,vte1_0.settle_amount,vte1_0.settlement_amount,vte1_0.settlement_cd,vte1_0.settlement_title,vte1_0.settlement_ymd,vte1_0.src_a1card,vte1_0.src_a1cash,vte1_0.src_b1electricity,vte1_0.src_b3material,vte1_0.src_c1card_fee,vte1_0.src_d1material,vte1_0.store_code,vte1_0.store_name,vte1_0.update_timestamp from cnco.vsettlement_total vte1_0 where vte1_0.pkey=?] [ERROR: column vte1_0.settle_amount does not exist
  Position: 3893] [n/a]
	at org.hibernate.exception.internal.SQLStateConversionDelegate.convert(SQLStateConversionDelegate.java:91) ~[hibernate-core-6.3.1.Final.jar:6.3.1.Final]
	at org.hibernate.exception.internal.StandardSQLExceptionConverter.convert(StandardSQLExceptionConverter.java:58) ~[hibernate-core-6.3.1.Final.jar:6.3.1.Final]
	at org.hibernate.engine.jdbc.spi.SqlExceptionHelper.convert(SqlExceptionHelper.java:108) ~[hibernate-core-6.3.1.Final.jar:6.3.1.Final]
	at org.hibernate.engine.jdbc.spi.SqlExceptionHelper.convert(SqlExceptionHelper.java:94) ~[hibernate-core-6.3.1.Final.jar:6.3.1.Final]
	at org.hibernate.sql.results.jdbc.internal.DeferredResultSetAccess.executeQuery(DeferredResultSetAccess.java:258) ~[hibernate-core-6.3.1.Final.jar:6.3.1.Final]
	at org.hibernate.sql.results.jdbc.internal.DeferredResultSetAccess.getResultSet(DeferredResultSetAccess.java:164) ~[hibernate-core-6.3.1.Final.jar:6.3.1.Final]
	at org.hibernate.sql.results.jdbc.internal.JdbcValuesResultSetImpl.advanceNext(JdbcValuesResultSetImpl.java:218) ~[hibernate-core-6.3.1.Final.jar:6.3.1.Final]
	at org.hibernate.sql.results.jdbc.internal.JdbcValuesResultSetImpl.processNext(JdbcValuesResultSetImpl.java:98) ~[hibernate-core-6.3.1.Final.jar:6.3.1.Final]
	at org.hibernate.sql.results.jdbc.internal.AbstractJdbcValues.next(AbstractJdbcValues.java:19) ~[hibernate-core-6.3.1.Final.jar:6.3.1.Final]
	at org.hibernate.sql.results.internal.RowProcessingStateStandardImpl.next(RowProcessingStateStandardImpl.java:66) ~[hibernate-core-6.3.1.Final.jar:6.3.1.Final]
	at org.hibernate.sql.results.spi.ListResultsConsumer.consume(ListResultsConsumer.java:186) ~[hibernate-core-6.3.1.Final.jar:6.3.1.Final]
	at org.hibernate.sql.results.spi.ListResultsConsumer.consume(ListResultsConsumer.java:33) ~[hibernate-core-6.3.1.Final.jar:6.3.1.Final]
	at org.hibernate.sql.exec.internal.JdbcSelectExecutorStandardImpl.doExecuteQuery(JdbcSelectExecutorStandardImpl.java:361) ~[hibernate-core-6.3.1.Final.jar:6.3.1.Final]
	at org.hibernate.sql.exec.internal.JdbcSelectExecutorStandardImpl.executeQuery(JdbcSelectExecutorStandardImpl.java:168) ~[hibernate-core-6.3.1.Final.jar:6.3.1.Final]
	at org.hibernate.sql.exec.internal.JdbcSelectExecutorStandardImpl.list(JdbcSelectExecutorStandardImpl.java:93) ~[hibernate-core-6.3.1.Final.jar:6.3.1.Final]
	at org.hibernate.sql.exec.spi.JdbcSelectExecutor.list(JdbcSelectExecutor.java:31) ~[hibernate-core-6.3.1.Final.jar:6.3.1.Final]
	at org.hibernate.loader.ast.internal.SingleIdLoadPlan.load(SingleIdLoadPlan.java:145) ~[hibernate-core-6.3.1.Final.jar:6.3.1.Final]
	at org.hibernate.loader.ast.internal.SingleIdLoadPlan.load(SingleIdLoadPlan.java:117) ~[hibernate-core-6.3.1.Final.jar:6.3.1.Final]
	at org.hibernate.loader.ast.internal.SingleIdEntityLoaderStandardImpl.load(SingleIdEntityLoaderStandardImpl.java:75) ~[hibernate-core-6.3.1.Final.jar:6.3.1.Final]
	at org.hibernate.persister.entity.AbstractEntityPersister.doLoad(AbstractEntityPersister.java:3673) ~[hibernate-core-6.3.1.Final.jar:6.3.1.Final]
	at org.hibernate.persister.entity.AbstractEntityPersister.load(AbstractEntityPersister.java:3662) ~[hibernate-core-6.3.1.Final.jar:6.3.1.Final]
	at org.hibernate.event.internal.DefaultLoadEventListener.loadFromDatasource(DefaultLoadEventListener.java:591) ~[hibernate-core-6.3.1.Final.jar:6.3.1.Final]
	at org.hibernate.event.internal.DefaultLoadEventListener.loadFromCacheOrDatasource(DefaultLoadEventListener.java:577) ~[hibernate-core-6.3.1.Final.jar:6.3.1.Final]
	at org.hibernate.event.internal.DefaultLoadEventListener.load(DefaultLoadEventListener.java:547) ~[hibernate-core-6.3.1.Final.jar:6.3.1.Final]
	at org.hibernate.event.internal.DefaultLoadEventListener.doLoad(DefaultLoadEventListener.java:531) ~[hibernate-core-6.3.1.Final.jar:6.3.1.Final]
	at org.hibernate.event.internal.DefaultLoadEventListener.load(DefaultLoadEventListener.java:206) ~[hibernate-core-6.3.1.Final.jar:6.3.1.Final]
	at org.hibernate.event.internal.DefaultLoadEventListener.loadWithRegularProxy(DefaultLoadEventListener.java:286) ~[hibernate-core-6.3.1.Final.jar:6.3.1.Final]
	at org.hibernate.event.internal.DefaultLoadEventListener.proxyOrLoad(DefaultLoadEventListener.java:241) ~[hibernate-core-6.3.1.Final.jar:6.3.1.Final]
	at org.hibernate.event.internal.DefaultLoadEventListener.doOnLoad(DefaultLoadEventListener.java:110) ~[hibernate-core-6.3.1.Final.jar:6.3.1.Final]
	at org.hibernate.event.internal.DefaultLoadEventListener.onLoad(DefaultLoadEventListener.java:67) ~[hibernate-core-6.3.1.Final.jar:6.3.1.Final]
	at org.hibernate.event.service.internal.EventListenerGroupImpl.fireEventOnEachListener(EventListenerGroupImpl.java:138) ~[hibernate-core-6.3.1.Final.jar:6.3.1.Final]
	at org.hibernate.internal.SessionImpl.fireLoadNoChecks(SessionImpl.java:1234) ~[hibernate-core-6.3.1.Final.jar:6.3.1.Final]
	at org.hibernate.internal.SessionImpl.fireLoad(SessionImpl.java:1222) ~[hibernate-core-6.3.1.Final.jar:6.3.1.Final]
	at org.hibernate.loader.internal.IdentifierLoadAccessImpl.load(IdentifierLoadAccessImpl.java:209) ~[hibernate-core-6.3.1.Final.jar:6.3.1.Final]
	at org.hibernate.loader.internal.IdentifierLoadAccessImpl.doLoad(IdentifierLoadAccessImpl.java:160) ~[hibernate-core-6.3.1.Final.jar:6.3.1.Final]
	at org.hibernate.loader.internal.IdentifierLoadAccessImpl.lambda$load$1(IdentifierLoadAccessImpl.java:149) ~[hibernate-core-6.3.1.Final.jar:6.3.1.Final]
	at org.hibernate.loader.internal.IdentifierLoadAccessImpl.perform(IdentifierLoadAccessImpl.java:112) ~[hibernate-core-6.3.1.Final.jar:6.3.1.Final]
	at org.hibernate.loader.internal.IdentifierLoadAccessImpl.load(IdentifierLoadAccessImpl.java:149) ~[hibernate-core-6.3.1.Final.jar:6.3.1.Final]
	at org.hibernate.internal.SessionImpl.find(SessionImpl.java:2430) ~[hibernate-core-6.3.1.Final.jar:6.3.1.Final]
	at org.hibernate.internal.SessionImpl.find(SessionImpl.java:2401) ~[hibernate-core-6.3.1.Final.jar:6.3.1.Final]
	at java.base/jdk.internal.reflect.NativeMethodAccessorImpl.invoke0(Native Method) ~[na:na]
	at java.base/jdk.internal.reflect.NativeMethodAccessorImpl.invoke(NativeMethodAccessorImpl.java:77) ~[na:na]
	at java.base/jdk.internal.reflect.DelegatingMethodAccessorImpl.invoke(DelegatingMethodAccessorImpl.java:43) ~[na:na]
	at java.base/java.lang.reflect.Method.invoke(Method.java:569) ~[na:na]
	at org.springframework.orm.jpa.ExtendedEntityManagerCreator$ExtendedEntityManagerInvocationHandler.invoke(ExtendedEntityManagerCreator.java:360) ~[spring-orm-6.1.1.jar:6.1.1]
	at jdk.proxy2/jdk.proxy2.$Proxy134.find(Unknown Source) ~[na:na]
	at java.base/jdk.internal.reflect.NativeMethodAccessorImpl.invoke0(Native Method) ~[na:na]
	at java.base/jdk.internal.reflect.NativeMethodAccessorImpl.invoke(NativeMethodAccessorImpl.java:77) ~[na:na]
	at java.base/jdk.internal.reflect.DelegatingMethodAccessorImpl.invoke(DelegatingMethodAccessorImpl.java:43) ~[na:na]
	at java.base/java.lang.reflect.Method.invoke(Method.java:569) ~[na:na]
	at org.springframework.orm.jpa.SharedEntityManagerCreator$SharedEntityManagerInvocationHandler.invoke(SharedEntityManagerCreator.java:311) ~[spring-orm-6.1.1.jar:6.1.1]
	at jdk.proxy2/jdk.proxy2.$Proxy134.find(Unknown Source) ~[na:na]
	at org.springframework.data.jpa.repository.support.SimpleJpaRepository.findById(SimpleJpaRepository.java:313) ~[spring-data-jpa-3.2.0.jar:3.2.0]
	at java.base/jdk.internal.reflect.NativeMethodAccessorImpl.invoke0(Native Method) ~[na:na]
	at java.base/jdk.internal.reflect.NativeMethodAccessorImpl.invoke(NativeMethodAccessorImpl.java:77) ~[na:na]
	at java.base/jdk.internal.reflect.DelegatingMethodAccessorImpl.invoke(DelegatingMethodAccessorImpl.java:43) ~[na:na]
	at java.base/java.lang.reflect.Method.invoke(Method.java:569) ~[na:na]
	at org.springframework.aop.support.AopUtils.invokeJoinpointUsingReflection(AopUtils.java:352) ~[spring-aop-6.1.1.jar:6.1.1]
	at org.springframework.data.repository.core.support.RepositoryMethodInvoker$RepositoryFragmentMethodInvoker.lambda$new$0(RepositoryMethodInvoker.java:277) ~[spring-data-commons-3.2.0.jar:3.2.0]
	at org.springframework.data.repository.core.support.RepositoryMethodInvoker.doInvoke(RepositoryMethodInvoker.java:170) ~[spring-data-commons-3.2.0.jar:3.2.0]
	at org.springframework.data.repository.core.support.RepositoryMethodInvoker.invoke(RepositoryMethodInvoker.java:158) ~[spring-data-commons-3.2.0.jar:3.2.0]
	at org.springframework.data.repository.core.support.RepositoryComposition$RepositoryFragments.invoke(RepositoryComposition.java:516) ~[spring-data-commons-3.2.0.jar:3.2.0]
	at org.springframework.data.repository.core.support.RepositoryComposition.invoke(RepositoryComposition.java:285) ~[spring-data-commons-3.2.0.jar:3.2.0]
	at org.springframework.data.repository.core.support.RepositoryFactorySupport$ImplementationMethodExecutionInterceptor.invoke(RepositoryFactorySupport.java:628) ~[spring-data-commons-3.2.0.jar:3.2.0]
	at org.springframework.aop.framework.ReflectiveMethodInvocation.proceed(ReflectiveMethodInvocation.java:184) ~[spring-aop-6.1.1.jar:6.1.1]
	at org.springframework.data.repository.core.support.QueryExecutorMethodInterceptor.doInvoke(QueryExecutorMethodInterceptor.java:168) ~[spring-data-commons-3.2.0.jar:3.2.0]
	at org.springframework.data.repository.core.support.QueryExecutorMethodInterceptor.invoke(QueryExecutorMethodInterceptor.java:143) ~[spring-data-commons-3.2.0.jar:3.2.0]
	at org.springframework.aop.framework.ReflectiveMethodInvocation.proceed(ReflectiveMethodInvocation.java:184) ~[spring-aop-6.1.1.jar:6.1.1]
	at org.springframework.data.projection.DefaultMethodInvokingMethodInterceptor.invoke(DefaultMethodInvokingMethodInterceptor.java:70) ~[spring-data-commons-3.2.0.jar:3.2.0]
	at org.springframework.aop.framework.ReflectiveMethodInvocation.proceed(ReflectiveMethodInvocation.java:184) ~[spring-aop-6.1.1.jar:6.1.1]
	at org.springframework.transaction.interceptor.TransactionInterceptor$1.proceedWithInvocation(TransactionInterceptor.java:123) ~[spring-tx-6.1.1.jar:6.1.1]
	at org.springframework.transaction.interceptor.TransactionAspectSupport.invokeWithinTransaction(TransactionAspectSupport.java:385) ~[spring-tx-6.1.1.jar:6.1.1]
	at org.springframework.transaction.interceptor.TransactionInterceptor.invoke(TransactionInterceptor.java:119) ~[spring-tx-6.1.1.jar:6.1.1]
	at org.springframework.aop.framework.ReflectiveMethodInvocation.proceed(ReflectiveMethodInvocation.java:184) ~[spring-aop-6.1.1.jar:6.1.1]
	at org.springframework.dao.support.PersistenceExceptionTranslationInterceptor.invoke(PersistenceExceptionTranslationInterceptor.java:137) ~[spring-tx-6.1.1.jar:6.1.1]
	at org.springframework.aop.framework.ReflectiveMethodInvocation.proceed(ReflectiveMethodInvocation.java:184) ~[spring-aop-6.1.1.jar:6.1.1]
	at org.springframework.data.jpa.repository.support.CrudMethodMetadataPostProcessor$CrudMethodMetadataPopulatingMethodInterceptor.invoke(CrudMethodMetadataPostProcessor.java:164) ~[spring-data-jpa-3.2.0.jar:3.2.0]
	at org.springframework.aop.framework.ReflectiveMethodInvocation.proceed(ReflectiveMethodInvocation.java:184) ~[spring-aop-6.1.1.jar:6.1.1]
	at org.springframework.aop.interceptor.ExposeInvocationInterceptor.invoke(ExposeInvocationInterceptor.java:97) ~[spring-aop-6.1.1.jar:6.1.1]
	at org.springframework.aop.framework.ReflectiveMethodInvocation.proceed(ReflectiveMethodInvocation.java:184) ~[spring-aop-6.1.1.jar:6.1.1]
	at org.springframework.aop.framework.JdkDynamicAopProxy.invoke(JdkDynamicAopProxy.java:249) ~[spring-aop-6.1.1.jar:6.1.1]
	at jdk.proxy2/jdk.proxy2.$Proxy146.findById(Unknown Source) ~[na:na]
	at com.example.cco.settlement.SettlementServiceImpl.getSettlementDetail(SettlementServiceImpl.java:564) ~[main/:na]
	at java.base/jdk.internal.reflect.NativeMethodAccessorImpl.invoke0(Native Method) ~[na:na]
	at java.base/jdk.internal.reflect.NativeMethodAccessorImpl.invoke(NativeMethodAccessorImpl.java:77) ~[na:na]
	at java.base/jdk.internal.reflect.DelegatingMethodAccessorImpl.invoke(DelegatingMethodAccessorImpl.java:43) ~[na:na]
	at java.base/java.lang.reflect.Method.invoke(Method.java:569) ~[na:na]
	at org.springframework.aop.support.AopUtils.invokeJoinpointUsingReflection(AopUtils.java:352) ~[spring-aop-6.1.1.jar:6.1.1]
	at org.springframework.aop.framework.ReflectiveMethodInvocation.invokeJoinpoint(ReflectiveMethodInvocation.java:196) ~[spring-aop-6.1.1.jar:6.1.1]
	at org.springframework.aop.framework.ReflectiveMethodInvocation.proceed(ReflectiveMethodInvocation.java:163) ~[spring-aop-6.1.1.jar:6.1.1]
	at org.springframework.aop.framework.CglibAopProxy$CglibMethodInvocation.proceed(CglibAopProxy.java:765) ~[spring-aop-6.1.1.jar:6.1.1]
	at org.springframework.transaction.interceptor.TransactionInterceptor$1.proceedWithInvocation(TransactionInterceptor.java:123) ~[spring-tx-6.1.1.jar:6.1.1]
	at org.springframework.transaction.interceptor.TransactionAspectSupport.invokeWithinTransaction(TransactionAspectSupport.java:385) ~[spring-tx-6.1.1.jar:6.1.1]
	at org.springframework.transaction.interceptor.TransactionInterceptor.invoke(TransactionInterceptor.java:119) ~[spring-tx-6.1.1.jar:6.1.1]
	at org.springframework.aop.framework.ReflectiveMethodInvocation.proceed(ReflectiveMethodInvocation.java:184) ~[spring-aop-6.1.1.jar:6.1.1]
	at org.springframework.aop.framework.CglibAopProxy$CglibMethodInvocation.proceed(CglibAopProxy.java:765) ~[spring-aop-6.1.1.jar:6.1.1]
	at org.springframework.aop.framework.CglibAopProxy$DynamicAdvisedInterceptor.intercept(CglibAopProxy.java:717) ~[spring-aop-6.1.1.jar:6.1.1]
	at com.example.cco.settlement.SettlementServiceImpl$$SpringCGLIB$$0.getSettlementDetail(<generated>) ~[main/:na]
	at com.example.cco.settlement.SettlementController.getSettlementDetail(SettlementController.java:79) ~[main/:na]
	at java.base/jdk.internal.reflect.NativeMethodAccessorImpl.invoke0(Native Method) ~[na:na]
	at java.base/jdk.internal.reflect.NativeMethodAccessorImpl.invoke(NativeMethodAccessorImpl.java:77) ~[na:na]
	at java.base/jdk.internal.reflect.DelegatingMethodAccessorImpl.invoke(DelegatingMethodAccessorImpl.java:43) ~[na:na]
	at java.base/java.lang.reflect.Method.invoke(Method.java:569) ~[na:na]
	at org.springframework.web.method.support.InvocableHandlerMethod.doInvoke(InvocableHandlerMethod.java:254) ~[spring-web-6.1.1.jar:6.1.1]
	at org.springframework.web.method.support.InvocableHandlerMethod.invokeForRequest(InvocableHandlerMethod.java:182) ~[spring-web-6.1.1.jar:6.1.1]
	at org.springframework.web.servlet.mvc.method.annotation.ServletInvocableHandlerMethod.invokeAndHandle(ServletInvocableHandlerMethod.java:118) ~[spring-webmvc-6.1.1.jar:6.1.1]
	at org.springframework.web.servlet.mvc.method.annotation.RequestMappingHandlerAdapter.invokeHandlerMethod(RequestMappingHandlerAdapter.java:917) ~[spring-webmvc-6.1.1.jar:6.1.1]
	at org.springframework.web.servlet.mvc.method.annotation.RequestMappingHandlerAdapter.handleInternal(RequestMappingHandlerAdapter.java:829) ~[spring-webmvc-6.1.1.jar:6.1.1]
	at org.springframework.web.servlet.mvc.method.AbstractHandlerMethodAdapter.handle(AbstractHandlerMethodAdapter.java:87) ~[spring-webmvc-6.1.1.jar:6.1.1]
	at org.springframework.web.servlet.DispatcherServlet.doDispatch(DispatcherServlet.java:1089) ~[spring-webmvc-6.1.1.jar:6.1.1]
	at org.springframework.web.servlet.DispatcherServlet.doService(DispatcherServlet.java:979) ~[spring-webmvc-6.1.1.jar:6.1.1]
	at org.springframework.web.servlet.FrameworkServlet.processRequest(FrameworkServlet.java:1014) ~[spring-webmvc-6.1.1.jar:6.1.1]
	at org.springframework.web.servlet.FrameworkServlet.doGet(FrameworkServlet.java:903) ~[spring-webmvc-6.1.1.jar:6.1.1]
	at jakarta.servlet.http.HttpServlet.service(HttpServlet.java:564) ~[tomcat-embed-core-10.1.16.jar:6.0]
	at org.springframework.web.servlet.FrameworkServlet.service(FrameworkServlet.java:885) ~[spring-webmvc-6.1.1.jar:6.1.1]
	at jakarta.servlet.http.HttpServlet.service(HttpServlet.java:658) ~[tomcat-embed-core-10.1.16.jar:6.0]
	at org.apache.catalina.core.ApplicationFilterChain.internalDoFilter(ApplicationFilterChain.java:205) ~[tomcat-embed-core-10.1.16.jar:10.1.16]
	at org.apache.catalina.core.ApplicationFilterChain.doFilter(ApplicationFilterChain.java:149) ~[tomcat-embed-core-10.1.16.jar:10.1.16]
	at org.apache.tomcat.websocket.server.WsFilter.doFilter(WsFilter.java:51) ~[tomcat-embed-websocket-10.1.16.jar:10.1.16]
	at org.apache.catalina.core.ApplicationFilterChain.internalDoFilter(ApplicationFilterChain.java:174) ~[tomcat-embed-core-10.1.16.jar:10.1.16]
	at org.apache.catalina.core.ApplicationFilterChain.doFilter(ApplicationFilterChain.java:149) ~[tomcat-embed-core-10.1.16.jar:10.1.16]
	at org.springframework.security.web.FilterChainProxy.lambda$doFilterInternal$3(FilterChainProxy.java:231) ~[spring-security-web-6.2.0.jar:6.2.0]
	at org.springframework.security.web.FilterChainProxy$VirtualFilterChain.doFilter(FilterChainProxy.java:365) ~[spring-security-web-6.2.0.jar:6.2.0]
	at org.springframework.security.web.access.intercept.AuthorizationFilter.doFilter(AuthorizationFilter.java:100) ~[spring-security-web-6.2.0.jar:6.2.0]
	at org.springframework.security.web.FilterChainProxy$VirtualFilterChain.doFilter(FilterChainProxy.java:374) ~[spring-security-web-6.2.0.jar:6.2.0]
	at org.springframework.security.web.access.ExceptionTranslationFilter.doFilter(ExceptionTranslationFilter.java:126) ~[spring-security-web-6.2.0.jar:6.2.0]
	at org.springframework.security.web.access.ExceptionTranslationFilter.doFilter(ExceptionTranslationFilter.java:120) ~[spring-security-web-6.2.0.jar:6.2.0]
	at org.springframework.security.web.FilterChainProxy$VirtualFilterChain.doFilter(FilterChainProxy.java:374) ~[spring-security-web-6.2.0.jar:6.2.0]
	at org.springframework.security.web.session.SessionManagementFilter.doFilter(SessionManagementFilter.java:131) ~[spring-security-web-6.2.0.jar:6.2.0]
	at org.springframework.security.web.session.SessionManagementFilter.doFilter(SessionManagementFilter.java:85) ~[spring-security-web-6.2.0.jar:6.2.0]
	at org.springframework.security.web.FilterChainProxy$VirtualFilterChain.doFilter(FilterChainProxy.java:374) ~[spring-security-web-6.2.0.jar:6.2.0]
	at org.springframework.security.web.authentication.AnonymousAuthenticationFilter.doFilter(AnonymousAuthenticationFilter.java:100) ~[spring-security-web-6.2.0.jar:6.2.0]
	at org.springframework.security.web.FilterChainProxy$VirtualFilterChain.doFilter(FilterChainProxy.java:374) ~[spring-security-web-6.2.0.jar:6.2.0]
	at org.springframework.security.web.servletapi.SecurityContextHolderAwareRequestFilter.doFilter(SecurityContextHolderAwareRequestFilter.java:179) ~[spring-security-web-6.2.0.jar:6.2.0]
	at org.springframework.security.web.FilterChainProxy$VirtualFilterChain.doFilter(FilterChainProxy.java:374) ~[spring-security-web-6.2.0.jar:6.2.0]
	at org.springframework.security.web.savedrequest.RequestCacheAwareFilter.doFilter(RequestCacheAwareFilter.java:63) ~[spring-security-web-6.2.0.jar:6.2.0]
	at org.springframework.security.web.FilterChainProxy$VirtualFilterChain.doFilter(FilterChainProxy.java:374) ~[spring-security-web-6.2.0.jar:6.2.0]
	at org.springframework.security.web.authentication.AbstractAuthenticationProcessingFilter.doFilter(AbstractAuthenticationProcessingFilter.java:227) ~[spring-security-web-6.2.0.jar:6.2.0]
	at org.springframework.security.web.authentication.AbstractAuthenticationProcessingFilter.doFilter(AbstractAuthenticationProcessingFilter.java:221) ~[spring-security-web-6.2.0.jar:6.2.0]
	at org.springframework.security.web.FilterChainProxy$VirtualFilterChain.doFilter(FilterChainProxy.java:374) ~[spring-security-web-6.2.0.jar:6.2.0]
	at com.example.cco.security.JwtAuthorizationFilter.doFilterInternal(JwtAuthorizationFilter.java:48) ~[main/:na]
	at org.springframework.web.filter.OncePerRequestFilter.doFilter(OncePerRequestFilter.java:116) ~[spring-web-6.1.1.jar:6.1.1]
	at org.springframework.security.web.FilterChainProxy$VirtualFilterChain.doFilter(FilterChainProxy.java:374) ~[spring-security-web-6.2.0.jar:6.2.0]
	at org.springframework.security.web.authentication.logout.LogoutFilter.doFilter(LogoutFilter.java:107) ~[spring-security-web-6.2.0.jar:6.2.0]
	at org.springframework.security.web.authentication.logout.LogoutFilter.doFilter(LogoutFilter.java:93) ~[spring-security-web-6.2.0.jar:6.2.0]
	at org.springframework.security.web.FilterChainProxy$VirtualFilterChain.doFilter(FilterChainProxy.java:374) ~[spring-security-web-6.2.0.jar:6.2.0]
	at org.springframework.web.filter.CorsFilter.doFilterInternal(CorsFilter.java:91) ~[spring-web-6.1.1.jar:6.1.1]
	at org.springframework.web.filter.OncePerRequestFilter.doFilter(OncePerRequestFilter.java:116) ~[spring-web-6.1.1.jar:6.1.1]
	at org.springframework.security.web.FilterChainProxy$VirtualFilterChain.doFilter(FilterChainProxy.java:374) ~[spring-security-web-6.2.0.jar:6.2.0]
	at org.springframework.security.web.header.HeaderWriterFilter.doHeadersAfter(HeaderWriterFilter.java:90) ~[spring-security-web-6.2.0.jar:6.2.0]
	at org.springframework.security.web.header.HeaderWriterFilter.doFilterInternal(HeaderWriterFilter.java:75) ~[spring-security-web-6.2.0.jar:6.2.0]
	at org.springframework.web.filter.OncePerRequestFilter.doFilter(OncePerRequestFilter.java:116) ~[spring-web-6.1.1.jar:6.1.1]
	at org.springframework.security.web.FilterChainProxy$VirtualFilterChain.doFilter(FilterChainProxy.java:374) ~[spring-security-web-6.2.0.jar:6.2.0]
	at org.springframework.security.web.context.SecurityContextHolderFilter.doFilter(SecurityContextHolderFilter.java:82) ~[spring-security-web-6.2.0.jar:6.2.0]
	at org.springframework.security.web.context.SecurityContextHolderFilter.doFilter(SecurityContextHolderFilter.java:69) ~[spring-security-web-6.2.0.jar:6.2.0]
	at org.springframework.security.web.FilterChainProxy$VirtualFilterChain.doFilter(FilterChainProxy.java:374) ~[spring-security-web-6.2.0.jar:6.2.0]
	at org.springframework.security.web.context.request.async.WebAsyncManagerIntegrationFilter.doFilterInternal(WebAsyncManagerIntegrationFilter.java:62) ~[spring-security-web-6.2.0.jar:6.2.0]
	at org.springframework.web.filter.OncePerRequestFilter.doFilter(OncePerRequestFilter.java:116) ~[spring-web-6.1.1.jar:6.1.1]
	at org.springframework.security.web.FilterChainProxy$VirtualFilterChain.doFilter(FilterChainProxy.java:374) ~[spring-security-web-6.2.0.jar:6.2.0]
	at org.springframework.security.web.session.DisableEncodeUrlFilter.doFilterInternal(DisableEncodeUrlFilter.java:42) ~[spring-security-web-6.2.0.jar:6.2.0]
	at org.springframework.web.filter.OncePerRequestFilter.doFilter(OncePerRequestFilter.java:116) ~[spring-web-6.1.1.jar:6.1.1]
	at org.springframework.security.web.FilterChainProxy$VirtualFilterChain.doFilter(FilterChainProxy.java:374) ~[spring-security-web-6.2.0.jar:6.2.0]
	at org.springframework.security.web.FilterChainProxy.doFilterInternal(FilterChainProxy.java:233) ~[spring-security-web-6.2.0.jar:6.2.0]
	at org.springframework.security.web.FilterChainProxy.doFilter(FilterChainProxy.java:191) ~[spring-security-web-6.2.0.jar:6.2.0]
	at org.springframework.web.filter.DelegatingFilterProxy.invokeDelegate(DelegatingFilterProxy.java:352) ~[spring-web-6.1.1.jar:6.1.1]
	at org.springframework.web.filter.DelegatingFilterProxy.doFilter(DelegatingFilterProxy.java:268) ~[spring-web-6.1.1.jar:6.1.1]
	at org.apache.catalina.core.ApplicationFilterChain.internalDoFilter(ApplicationFilterChain.java:174) ~[tomcat-embed-core-10.1.16.jar:10.1.16]
	at org.apache.catalina.core.ApplicationFilterChain.doFilter(ApplicationFilterChain.java:149) ~[tomcat-embed-core-10.1.16.jar:10.1.16]
	at org.springframework.web.filter.RequestContextFilter.doFilterInternal(RequestContextFilter.java:100) ~[spring-web-6.1.1.jar:6.1.1]
	at org.springframework.web.filter.OncePerRequestFilter.doFilter(OncePerRequestFilter.java:116) ~[spring-web-6.1.1.jar:6.1.1]
	at org.apache.catalina.core.ApplicationFilterChain.internalDoFilter(ApplicationFilterChain.java:174) ~[tomcat-embed-core-10.1.16.jar:10.1.16]
	at org.apache.catalina.core.ApplicationFilterChain.doFilter(ApplicationFilterChain.java:149) ~[tomcat-embed-core-10.1.16.jar:10.1.16]
	at org.springframework.web.filter.FormContentFilter.doFilterInternal(FormContentFilter.java:93) ~[spring-web-6.1.1.jar:6.1.1]
	at org.springframework.web.filter.OncePerRequestFilter.doFilter(OncePerRequestFilter.java:116) ~[spring-web-6.1.1.jar:6.1.1]
	at org.apache.catalina.core.ApplicationFilterChain.internalDoFilter(ApplicationFilterChain.java:174) ~[tomcat-embed-core-10.1.16.jar:10.1.16]
	at org.apache.catalina.core.ApplicationFilterChain.doFilter(ApplicationFilterChain.java:149) ~[tomcat-embed-core-10.1.16.jar:10.1.16]
	at org.springframework.web.filter.CharacterEncodingFilter.doFilterInternal(CharacterEncodingFilter.java:201) ~[spring-web-6.1.1.jar:6.1.1]
	at org.springframework.web.filter.OncePerRequestFilter.doFilter(OncePerRequestFilter.java:116) ~[spring-web-6.1.1.jar:6.1.1]
	at org.apache.catalina.core.ApplicationFilterChain.internalDoFilter(ApplicationFilterChain.java:174) ~[tomcat-embed-core-10.1.16.jar:10.1.16]
	at org.apache.catalina.core.ApplicationFilterChain.doFilter(ApplicationFilterChain.java:149) ~[tomcat-embed-core-10.1.16.jar:10.1.16]
	at org.apache.catalina.core.StandardWrapperValve.invoke(StandardWrapperValve.java:167) ~[tomcat-embed-core-10.1.16.jar:10.1.16]
	at org.apache.catalina.core.StandardContextValve.invoke(StandardContextValve.java:90) ~[tomcat-embed-core-10.1.16.jar:10.1.16]
	at org.apache.catalina.authenticator.AuthenticatorBase.invoke(AuthenticatorBase.java:482) ~[tomcat-embed-core-10.1.16.jar:10.1.16]
	at org.apache.catalina.core.StandardHostValve.invoke(StandardHostValve.java:115) ~[tomcat-embed-core-10.1.16.jar:10.1.16]
	at org.apache.catalina.valves.ErrorReportValve.invoke(ErrorReportValve.java:93) ~[tomcat-embed-core-10.1.16.jar:10.1.16]
	at org.apache.catalina.core.StandardEngineValve.invoke(StandardEngineValve.java:74) ~[tomcat-embed-core-10.1.16.jar:10.1.16]
	at org.apache.catalina.connector.CoyoteAdapter.service(CoyoteAdapter.java:340) ~[tomcat-embed-core-10.1.16.jar:10.1.16]
	at org.apache.coyote.http11.Http11Processor.service(Http11Processor.java:391) ~[tomcat-embed-core-10.1.16.jar:10.1.16]
	at org.apache.coyote.AbstractProcessorLight.process(AbstractProcessorLight.java:63) ~[tomcat-embed-core-10.1.16.jar:10.1.16]
	at org.apache.coyote.AbstractProtocol$ConnectionHandler.process(AbstractProtocol.java:896) ~[tomcat-embed-core-10.1.16.jar:10.1.16]
	at org.apache.tomcat.util.net.NioEndpoint$SocketProcessor.doRun(NioEndpoint.java:1744) ~[tomcat-embed-core-10.1.16.jar:10.1.16]
	at org.apache.tomcat.util.net.SocketProcessorBase.run(SocketProcessorBase.java:52) ~[tomcat-embed-core-10.1.16.jar:10.1.16]
	at org.apache.tomcat.util.threads.ThreadPoolExecutor.runWorker(ThreadPoolExecutor.java:1191) ~[tomcat-embed-core-10.1.16.jar:10.1.16]
	at org.apache.tomcat.util.threads.ThreadPoolExecutor$Worker.run(ThreadPoolExecutor.java:659) ~[tomcat-embed-core-10.1.16.jar:10.1.16]
	at org.apache.tomcat.util.threads.TaskThread$WrappingRunnable.run(TaskThread.java:61) ~[tomcat-embed-core-10.1.16.jar:10.1.16]
	at java.base/java.lang.Thread.run(Thread.java:840) ~[na:na]
Caused by: org.postgresql.util.PSQLException: ERROR: column vte1_0.settle_amount does not exist
  Position: 3893
	at org.postgresql.core.v3.QueryExecutorImpl.receiveErrorResponse(QueryExecutorImpl.java:2713) ~[postgresql-42.6.0.jar:42.6.0]
	at org.postgresql.core.v3.QueryExecutorImpl.processResults(QueryExecutorImpl.java:2401) ~[postgresql-42.6.0.jar:42.6.0]
	at org.postgresql.core.v3.QueryExecutorImpl.execute(QueryExecutorImpl.java:368) ~[postgresql-42.6.0.jar:42.6.0]
	at org.postgresql.jdbc.PgStatement.executeInternal(PgStatement.java:498) ~[postgresql-42.6.0.jar:42.6.0]
	at org.postgresql.jdbc.PgStatement.execute(PgStatement.java:415) ~[postgresql-42.6.0.jar:42.6.0]
	at org.postgresql.jdbc.PgPreparedStatement.executeWithFlags(PgPreparedStatement.java:190) ~[postgresql-42.6.0.jar:42.6.0]
	at org.postgresql.jdbc.PgPreparedStatement.executeQuery(PgPreparedStatement.java:134) ~[postgresql-42.6.0.jar:42.6.0]
	at com.zaxxer.hikari.pool.ProxyPreparedStatement.executeQuery(ProxyPreparedStatement.java:52) ~[HikariCP-5.0.1.jar:na]
	at com.zaxxer.hikari.pool.HikariProxyPreparedStatement.executeQuery(HikariProxyPreparedStatement.java) ~[HikariCP-5.0.1.jar:na]
	at org.hibernate.sql.results.jdbc.internal.DeferredResultSetAccess.executeQuery(DeferredResultSetAccess.java:240) ~[hibernate-core-6.3.1.Final.jar:6.3.1.Final]
	... 191 common frames omitted

2025-04-30T08:40:34.622+09:00 ERROR 16156 --- [http-nio-4080-exec-2] c.example.cco.exception.ExceptionAdvice  : org.springframework.dao.InvalidDataAccessResourceUsageException: JDBC exception executing SQL [select vte1_0.pkey,vte1_0.a1card,vte1_0.a1card_note,vte1_0.a1cash,vte1_0.a1cash_note,vte1_0.a1extra1,vte1_0.a1extra1name,vte1_0.a1extra1note,vte1_0.a1extra2,vte1_0.a1extra2name,vte1_0.a1extra2note,vte1_0.a1extra3,vte1_0.a1extra3name,vte1_0.a1extra3note,vte1_0.a1extra4,vte1_0.a1extra4name,vte1_0.a1extra4note,vte1_0.a1extra5,vte1_0.a1extra5name,vte1_0.a1extra5note,vte1_0.a1tax,vte1_0.a1tax_note,vte1_0.active_yn,vte1_0.a_total,vte1_0.b1electricity,vte1_0.b1electricity_note,vte1_0.b1etc_expense,vte1_0.b1etc_expense_note,vte1_0.b1extra1,vte1_0.b1extra1name,vte1_0.b1extra1note,vte1_0.b1extra2,vte1_0.b1extra2name,vte1_0.b1extra2note,vte1_0.b1extra3,vte1_0.b1extra3name,vte1_0.b1extra3note,vte1_0.b1extra4,vte1_0.b1extra4name,vte1_0.b1extra4note,vte1_0.b1extra5,vte1_0.b1extra5name,vte1_0.b1extra5note,vte1_0.b1gas,vte1_0.b1gas_note,vte1_0.b1internet,vte1_0.b1internet_note,vte1_0.b1maint,vte1_0.b1maint_note,vte1_0.b1rent,vte1_0.b1rent_note,vte1_0.b2charge,vte1_0.b2charge_note,vte1_0.b3etc,vte1_0.b3etc_note,vte1_0.b3extra1,vte1_0.b3extra1name,vte1_0.b3extra1note,vte1_0.b3extra2,vte1_0.b3extra2name,vte1_0.b3extra2note,vte1_0.b3extra3,vte1_0.b3extra3name,vte1_0.b3extra3note,vte1_0.b3extra4,vte1_0.b3extra4name,vte1_0.b3extra4note,vte1_0.b3extra5,vte1_0.b3extra5name,vte1_0.b3extra5note,vte1_0.b3material,vte1_0.b3material_note,vte1_0.b4donation,vte1_0.b4donation_note,vte1_0.b4extra1,vte1_0.b4extra1name,vte1_0.b4extra1note,vte1_0.b4extra2,vte1_0.b4extra2name,vte1_0.b4extra2note,vte1_0.b4extra3,vte1_0.b4extra3name,vte1_0.b4extra3note,vte1_0.b4extra4,vte1_0.b4extra4name,vte1_0.b4extra4note,vte1_0.b4extra5,vte1_0.b4extra5name,vte1_0.b4extra5note,vte1_0.b4init_product,vte1_0.b4init_product_note,vte1_0.bank,vte1_0.bank_account,vte1_0.bank_account_number,vte1_0.brand_cd,vte1_0.brand_name,vte1_0.b_total,vte1_0.c1card_fee,vte1_0.c1card_fee_note,vte1_0.c1electricity,vte1_0.c1electricity_note,vte1_0.c1etc_expense,vte1_0.c1etc_expense_note,vte1_0.c1extra1,vte1_0.c1extra1name,vte1_0.c1extra1note,vte1_0.c1extra2,vte1_0.c1extra2name,vte1_0.c1extra2note,vte1_0.c1extra3,vte1_0.c1extra3name,vte1_0.c1extra3note,vte1_0.c1extra4,vte1_0.c1extra4name,vte1_0.c1extra4note,vte1_0.c1extra5,vte1_0.c1extra5name,vte1_0.c1extra5note,vte1_0.c1gas,vte1_0.c1gas_note,vte1_0.c1insurance,vte1_0.c1insurance_note,vte1_0.c1rent,vte1_0.c1rent_note,vte1_0.c1water,vte1_0.c1water_note,vte1_0.c2extra1,vte1_0.c2extra1name,vte1_0.c2extra1note,vte1_0.c2extra2,vte1_0.c2extra2name,vte1_0.c2extra2note,vte1_0.c2extra3,vte1_0.c2extra3name,vte1_0.c2extra3note,vte1_0.c2extra4,vte1_0.c2extra4name,vte1_0.c2extra4note,vte1_0.c2extra5,vte1_0.c2extra5name,vte1_0.c2extra5note,vte1_0.c2interest_cost,vte1_0.c2interest_cost_note,vte1_0.closed_yn,vte1_0.d1carryover,vte1_0.d1carryover_note,vte1_0.d1extra1,vte1_0.d1extra1name,vte1_0.d1extra1note,vte1_0.d1extra2,vte1_0.d1extra2name,vte1_0.d1extra2note,vte1_0.d1extra3,vte1_0.d1extra3name,vte1_0.d1extra3note,vte1_0.d1extra4,vte1_0.d1extra4name,vte1_0.d1extra4note,vte1_0.d1extra5,vte1_0.d1extra5name,vte1_0.d1extra5note,vte1_0.d1material,vte1_0.d1material_note,vte1_0.d1store_maint,vte1_0.d1store_maint_note,vte1_0.d2cash,vte1_0.d2cash_note,vte1_0.d2extra1,vte1_0.d2extra1name,vte1_0.d2extra1note,vte1_0.d2extra2,vte1_0.d2extra2name,vte1_0.d2extra2note,vte1_0.d2extra3,vte1_0.d2extra3name,vte1_0.d2extra3note,vte1_0.d2extra4,vte1_0.d2extra4name,vte1_0.d2extra4note,vte1_0.d2extra5,vte1_0.d2extra5name,vte1_0.d2extra5note,vte1_0.d3extra1,vte1_0.d3extra1name,vte1_0.d3extra1note,vte1_0.d3extra2,vte1_0.d3extra2name,vte1_0.d3extra2note,vte1_0.d3extra3,vte1_0.d3extra3name,vte1_0.d3extra3note,vte1_0.d3extra4,vte1_0.d3extra4name,vte1_0.d3extra4note,vte1_0.d3extra5,vte1_0.d3extra5name,vte1_0.d3extra5note,vte1_0.d3init_product,vte1_0.d3init_product_note,vte1_0.d3rent,vte1_0.d3rent_note,vte1_0.deposit_amount,vte1_0.insert_timestamp,vte1_0.owner,vte1_0.phone,vte1_0.sales_profit,vte1_0.settle_amount,vte1_0.settlement_amount,vte1_0.settlement_cd,vte1_0.settlement_title,vte1_0.settlement_ymd,vte1_0.src_a1card,vte1_0.src_a1cash,vte1_0.src_b1electricity,vte1_0.src_b3material,vte1_0.src_c1card_fee,vte1_0.src_d1material,vte1_0.store_code,vte1_0.store_name,vte1_0.update_timestamp from cnco.vsettlement_total vte1_0 where vte1_0.pkey=?] [ERROR: column vte1_0.settle_amount does not exist
  Position: 3893] [n/a]; SQL [n/a]
	at org.springframework.orm.jpa.vendor.HibernateJpaDialect.convertHibernateAccessException(HibernateJpaDialect.java:277)
	at org.springframework.orm.jpa.vendor.HibernateJpaDialect.translateExceptionIfPossible(HibernateJpaDialect.java:241)
	at org.springframework.orm.jpa.AbstractEntityManagerFactoryBean.translateExceptionIfPossible(AbstractEntityManagerFactoryBean.java:550)
	at org.springframework.dao.support.ChainedPersistenceExceptionTranslator.translateExceptionIfPossible(ChainedPersistenceExceptionTranslator.java:61)
	at org.springframework.dao.support.DataAccessUtils.translateIfNecessary(DataAccessUtils.java:335)
	at org.springframework.dao.support.PersistenceExceptionTranslationInterceptor.invoke(PersistenceExceptionTranslationInterceptor.java:152)
	at org.springframework.aop.framework.ReflectiveMethodInvocation.proceed(ReflectiveMethodInvocation.java:184)
	at org.springframework.data.jpa.repository.support.CrudMethodMetadataPostProcessor$CrudMethodMetadataPopulatingMethodInterceptor.invoke(CrudMethodMetadataPostProcessor.java:164)
	at org.springframework.aop.framework.ReflectiveMethodInvocation.proceed(ReflectiveMethodInvocation.java:184)
	at org.springframework.aop.interceptor.ExposeInvocationInterceptor.invoke(ExposeInvocationInterceptor.java:97)
	at org.springframework.aop.framework.ReflectiveMethodInvocation.proceed(ReflectiveMethodInvocation.java:184)
	at org.springframework.aop.framework.JdkDynamicAopProxy.invoke(JdkDynamicAopProxy.java:249)
	at jdk.proxy2/jdk.proxy2.$Proxy146.findById(Unknown Source)
	at com.example.cco.settlement.SettlementServiceImpl.getSettlementDetail(SettlementServiceImpl.java:564)
	at java.base/jdk.internal.reflect.NativeMethodAccessorImpl.invoke0(Native Method)
	at java.base/jdk.internal.reflect.NativeMethodAccessorImpl.invoke(NativeMethodAccessorImpl.java:77)
	at java.base/jdk.internal.reflect.DelegatingMethodAccessorImpl.invoke(DelegatingMethodAccessorImpl.java:43)
	at java.base/java.lang.reflect.Method.invoke(Method.java:569)
	at org.springframework.aop.support.AopUtils.invokeJoinpointUsingReflection(AopUtils.java:352)
	at org.springframework.aop.framework.ReflectiveMethodInvocation.invokeJoinpoint(ReflectiveMethodInvocation.java:196)
	at org.springframework.aop.framework.ReflectiveMethodInvocation.proceed(ReflectiveMethodInvocation.java:163)
	at org.springframework.aop.framework.CglibAopProxy$CglibMethodInvocation.proceed(CglibAopProxy.java:765)
	at org.springframework.transaction.interceptor.TransactionInterceptor$1.proceedWithInvocation(TransactionInterceptor.java:123)
	at org.springframework.transaction.interceptor.TransactionAspectSupport.invokeWithinTransaction(TransactionAspectSupport.java:385)
	at org.springframework.transaction.interceptor.TransactionInterceptor.invoke(TransactionInterceptor.java:119)
	at org.springframework.aop.framework.ReflectiveMethodInvocation.proceed(ReflectiveMethodInvocation.java:184)
	at org.springframework.aop.framework.CglibAopProxy$CglibMethodInvocation.proceed(CglibAopProxy.java:765)
	at org.springframework.aop.framework.CglibAopProxy$DynamicAdvisedInterceptor.intercept(CglibAopProxy.java:717)
	at com.example.cco.settlement.SettlementServiceImpl$$SpringCGLIB$$0.getSettlementDetail(<generated>)
	at com.example.cco.settlement.SettlementController.getSettlementDetail(SettlementController.java:79)
	at java.base/jdk.internal.reflect.NativeMethodAccessorImpl.invoke0(Native Method)
	at java.base/jdk.internal.reflect.NativeMethodAccessorImpl.invoke(NativeMethodAccessorImpl.java:77)
	at java.base/jdk.internal.reflect.DelegatingMethodAccessorImpl.invoke(DelegatingMethodAccessorImpl.java:43)
	at java.base/java.lang.reflect.Method.invoke(Method.java:569)
	at org.springframework.web.method.support.InvocableHandlerMethod.doInvoke(InvocableHandlerMethod.java:254)
	at org.springframework.web.method.support.InvocableHandlerMethod.invokeForRequest(InvocableHandlerMethod.java:182)
	at org.springframework.web.servlet.mvc.method.annotation.ServletInvocableHandlerMethod.invokeAndHandle(ServletInvocableHandlerMethod.java:118)
	at org.springframework.web.servlet.mvc.method.annotation.RequestMappingHandlerAdapter.invokeHandlerMethod(RequestMappingHandlerAdapter.java:917)
	at org.springframework.web.servlet.mvc.method.annotation.RequestMappingHandlerAdapter.handleInternal(RequestMappingHandlerAdapter.java:829)
	at org.springframework.web.servlet.mvc.method.AbstractHandlerMethodAdapter.handle(AbstractHandlerMethodAdapter.java:87)
	at org.springframework.web.servlet.DispatcherServlet.doDispatch(DispatcherServlet.java:1089)
	at org.springframework.web.servlet.DispatcherServlet.doService(DispatcherServlet.java:979)
	at org.springframework.web.servlet.FrameworkServlet.processRequest(FrameworkServlet.java:1014)
	at org.springframework.web.servlet.FrameworkServlet.doGet(FrameworkServlet.java:903)
	at jakarta.servlet.http.HttpServlet.service(HttpServlet.java:564)
	at org.springframework.web.servlet.FrameworkServlet.service(FrameworkServlet.java:885)
	at jakarta.servlet.http.HttpServlet.service(HttpServlet.java:658)
	at org.apache.catalina.core.ApplicationFilterChain.internalDoFilter(ApplicationFilterChain.java:205)
	at org.apache.catalina.core.ApplicationFilterChain.doFilter(ApplicationFilterChain.java:149)
	at org.apache.tomcat.websocket.server.WsFilter.doFilter(WsFilter.java:51)
	at org.apache.catalina.core.ApplicationFilterChain.internalDoFilter(ApplicationFilterChain.java:174)
	at org.apache.catalina.core.ApplicationFilterChain.doFilter(ApplicationFilterChain.java:149)
	at org.springframework.security.web.FilterChainProxy.lambda$doFilterInternal$3(FilterChainProxy.java:231)
	at org.springframework.security.web.FilterChainProxy$VirtualFilterChain.doFilter(FilterChainProxy.java:365)
	at org.springframework.security.web.access.intercept.AuthorizationFilter.doFilter(AuthorizationFilter.java:100)
	at org.springframework.security.web.FilterChainProxy$VirtualFilterChain.doFilter(FilterChainProxy.java:374)
	at org.springframework.security.web.access.ExceptionTranslationFilter.doFilter(ExceptionTranslationFilter.java:126)
	at org.springframework.security.web.access.ExceptionTranslationFilter.doFilter(ExceptionTranslationFilter.java:120)
	at org.springframework.security.web.FilterChainProxy$VirtualFilterChain.doFilter(FilterChainProxy.java:374)
	at org.springframework.security.web.session.SessionManagementFilter.doFilter(SessionManagementFilter.java:131)
	at org.springframework.security.web.session.SessionManagementFilter.doFilter(SessionManagementFilter.java:85)
	at org.springframework.security.web.FilterChainProxy$VirtualFilterChain.doFilter(FilterChainProxy.java:374)
	at org.springframework.security.web.authentication.AnonymousAuthenticationFilter.doFilter(AnonymousAuthenticationFilter.java:100)
	at org.springframework.security.web.FilterChainProxy$VirtualFilterChain.doFilter(FilterChainProxy.java:374)
	at org.springframework.security.web.servletapi.SecurityContextHolderAwareRequestFilter.doFilter(SecurityContextHolderAwareRequestFilter.java:179)
	at org.springframework.security.web.FilterChainProxy$VirtualFilterChain.doFilter(FilterChainProxy.java:374)
	at org.springframework.security.web.savedrequest.RequestCacheAwareFilter.doFilter(RequestCacheAwareFilter.java:63)
	at org.springframework.security.web.FilterChainProxy$VirtualFilterChain.doFilter(FilterChainProxy.java:374)
	at org.springframework.security.web.authentication.AbstractAuthenticationProcessingFilter.doFilter(AbstractAuthenticationProcessingFilter.java:227)
	at org.springframework.security.web.authentication.AbstractAuthenticationProcessingFilter.doFilter(AbstractAuthenticationProcessingFilter.java:221)
	at org.springframework.security.web.FilterChainProxy$VirtualFilterChain.doFilter(FilterChainProxy.java:374)
	at com.example.cco.security.JwtAuthorizationFilter.doFilterInternal(JwtAuthorizationFilter.java:48)
	at org.springframework.web.filter.OncePerRequestFilter.doFilter(OncePerRequestFilter.java:116)
	at org.springframework.security.web.FilterChainProxy$VirtualFilterChain.doFilter(FilterChainProxy.java:374)
	at org.springframework.security.web.authentication.logout.LogoutFilter.doFilter(LogoutFilter.java:107)
	at org.springframework.security.web.authentication.logout.LogoutFilter.doFilter(LogoutFilter.java:93)
	at org.springframework.security.web.FilterChainProxy$VirtualFilterChain.doFilter(FilterChainProxy.java:374)
	at org.springframework.web.filter.CorsFilter.doFilterInternal(CorsFilter.java:91)
	at org.springframework.web.filter.OncePerRequestFilter.doFilter(OncePerRequestFilter.java:116)
	at org.springframework.security.web.FilterChainProxy$VirtualFilterChain.doFilter(FilterChainProxy.java:374)
	at org.springframework.security.web.header.HeaderWriterFilter.doHeadersAfter(HeaderWriterFilter.java:90)
	at org.springframework.security.web.header.HeaderWriterFilter.doFilterInternal(HeaderWriterFilter.java:75)
	at org.springframework.web.filter.OncePerRequestFilter.doFilter(OncePerRequestFilter.java:116)
	at org.springframework.security.web.FilterChainProxy$VirtualFilterChain.doFilter(FilterChainProxy.java:374)
	at org.springframework.security.web.context.SecurityContextHolderFilter.doFilter(SecurityContextHolderFilter.java:82)
	at org.springframework.security.web.context.SecurityContextHolderFilter.doFilter(SecurityContextHolderFilter.java:69)
	at org.springframework.security.web.FilterChainProxy$VirtualFilterChain.doFilter(FilterChainProxy.java:374)
	at org.springframework.security.web.context.request.async.WebAsyncManagerIntegrationFilter.doFilterInternal(WebAsyncManagerIntegrationFilter.java:62)
	at org.springframework.web.filter.OncePerRequestFilter.doFilter(OncePerRequestFilter.java:116)
	at org.springframework.security.web.FilterChainProxy$VirtualFilterChain.doFilter(FilterChainProxy.java:374)
	at org.springframework.security.web.session.DisableEncodeUrlFilter.doFilterInternal(DisableEncodeUrlFilter.java:42)
	at org.springframework.web.filter.OncePerRequestFilter.doFilter(OncePerRequestFilter.java:116)
	at org.springframework.security.web.FilterChainProxy$VirtualFilterChain.doFilter(FilterChainProxy.java:374)
	at org.springframework.security.web.FilterChainProxy.doFilterInternal(FilterChainProxy.java:233)
	at org.springframework.security.web.FilterChainProxy.doFilter(FilterChainProxy.java:191)
	at org.springframework.web.filter.DelegatingFilterProxy.invokeDelegate(DelegatingFilterProxy.java:352)
	at org.springframework.web.filter.DelegatingFilterProxy.doFilter(DelegatingFilterProxy.java:268)
	at org.apache.catalina.core.ApplicationFilterChain.internalDoFilter(ApplicationFilterChain.java:174)
	at org.apache.catalina.core.ApplicationFilterChain.doFilter(ApplicationFilterChain.java:149)
	at org.springframework.web.filter.RequestContextFilter.doFilterInternal(RequestContextFilter.java:100)
	at org.springframework.web.filter.OncePerRequestFilter.doFilter(OncePerRequestFilter.java:116)
	at org.apache.catalina.core.ApplicationFilterChain.internalDoFilter(ApplicationFilterChain.java:174)
	at org.apache.catalina.core.ApplicationFilterChain.doFilter(ApplicationFilterChain.java:149)
	at org.springframework.web.filter.FormContentFilter.doFilterInternal(FormContentFilter.java:93)
	at org.springframework.web.filter.OncePerRequestFilter.doFilter(OncePerRequestFilter.java:116)
	at org.apache.catalina.core.ApplicationFilterChain.internalDoFilter(ApplicationFilterChain.java:174)
	at org.apache.catalina.core.ApplicationFilterChain.doFilter(ApplicationFilterChain.java:149)
	at org.springframework.web.filter.CharacterEncodingFilter.doFilterInternal(CharacterEncodingFilter.java:201)
	at org.springframework.web.filter.OncePerRequestFilter.doFilter(OncePerRequestFilter.java:116)
	at org.apache.catalina.core.ApplicationFilterChain.internalDoFilter(ApplicationFilterChain.java:174)
	at org.apache.catalina.core.ApplicationFilterChain.doFilter(ApplicationFilterChain.java:149)
	at org.apache.catalina.core.StandardWrapperValve.invoke(StandardWrapperValve.java:167)
	at org.apache.catalina.core.StandardContextValve.invoke(StandardContextValve.java:90)
	at org.apache.catalina.authenticator.AuthenticatorBase.invoke(AuthenticatorBase.java:482)
	at org.apache.catalina.core.StandardHostValve.invoke(StandardHostValve.java:115)
	at org.apache.catalina.valves.ErrorReportValve.invoke(ErrorReportValve.java:93)
	at org.apache.catalina.core.StandardEngineValve.invoke(StandardEngineValve.java:74)
	at org.apache.catalina.connector.CoyoteAdapter.service(CoyoteAdapter.java:340)
	at org.apache.coyote.http11.Http11Processor.service(Http11Processor.java:391)
	at org.apache.coyote.AbstractProcessorLight.process(AbstractProcessorLight.java:63)
	at org.apache.coyote.AbstractProtocol$ConnectionHandler.process(AbstractProtocol.java:896)
	at org.apache.tomcat.util.net.NioEndpoint$SocketProcessor.doRun(NioEndpoint.java:1744)
	at org.apache.tomcat.util.net.SocketProcessorBase.run(SocketProcessorBase.java:52)
	at org.apache.tomcat.util.threads.ThreadPoolExecutor.runWorker(ThreadPoolExecutor.java:1191)
	at org.apache.tomcat.util.threads.ThreadPoolExecutor$Worker.run(ThreadPoolExecutor.java:659)
	at org.apache.tomcat.util.threads.TaskThread$WrappingRunnable.run(TaskThread.java:61)
	at java.base/java.lang.Thread.run(Thread.java:840)
Caused by: org.hibernate.exception.SQLGrammarException: JDBC exception executing SQL [select vte1_0.pkey,vte1_0.a1card,vte1_0.a1card_note,vte1_0.a1cash,vte1_0.a1cash_note,vte1_0.a1extra1,vte1_0.a1extra1name,vte1_0.a1extra1note,vte1_0.a1extra2,vte1_0.a1extra2name,vte1_0.a1extra2note,vte1_0.a1extra3,vte1_0.a1extra3name,vte1_0.a1extra3note,vte1_0.a1extra4,vte1_0.a1extra4name,vte1_0.a1extra4note,vte1_0.a1extra5,vte1_0.a1extra5name,vte1_0.a1extra5note,vte1_0.a1tax,vte1_0.a1tax_note,vte1_0.active_yn,vte1_0.a_total,vte1_0.b1electricity,vte1_0.b1electricity_note,vte1_0.b1etc_expense,vte1_0.b1etc_expense_note,vte1_0.b1extra1,vte1_0.b1extra1name,vte1_0.b1extra1note,vte1_0.b1extra2,vte1_0.b1extra2name,vte1_0.b1extra2note,vte1_0.b1extra3,vte1_0.b1extra3name,vte1_0.b1extra3note,vte1_0.b1extra4,vte1_0.b1extra4name,vte1_0.b1extra4note,vte1_0.b1extra5,vte1_0.b1extra5name,vte1_0.b1extra5note,vte1_0.b1gas,vte1_0.b1gas_note,vte1_0.b1internet,vte1_0.b1internet_note,vte1_0.b1maint,vte1_0.b1maint_note,vte1_0.b1rent,vte1_0.b1rent_note,vte1_0.b2charge,vte1_0.b2charge_note,vte1_0.b3etc,vte1_0.b3etc_note,vte1_0.b3extra1,vte1_0.b3extra1name,vte1_0.b3extra1note,vte1_0.b3extra2,vte1_0.b3extra2name,vte1_0.b3extra2note,vte1_0.b3extra3,vte1_0.b3extra3name,vte1_0.b3extra3note,vte1_0.b3extra4,vte1_0.b3extra4name,vte1_0.b3extra4note,vte1_0.b3extra5,vte1_0.b3extra5name,vte1_0.b3extra5note,vte1_0.b3material,vte1_0.b3material_note,vte1_0.b4donation,vte1_0.b4donation_note,vte1_0.b4extra1,vte1_0.b4extra1name,vte1_0.b4extra1note,vte1_0.b4extra2,vte1_0.b4extra2name,vte1_0.b4extra2note,vte1_0.b4extra3,vte1_0.b4extra3name,vte1_0.b4extra3note,vte1_0.b4extra4,vte1_0.b4extra4name,vte1_0.b4extra4note,vte1_0.b4extra5,vte1_0.b4extra5name,vte1_0.b4extra5note,vte1_0.b4init_product,vte1_0.b4init_product_note,vte1_0.bank,vte1_0.bank_account,vte1_0.bank_account_number,vte1_0.brand_cd,vte1_0.brand_name,vte1_0.b_total,vte1_0.c1card_fee,vte1_0.c1card_fee_note,vte1_0.c1electricity,vte1_0.c1electricity_note,vte1_0.c1etc_expense,vte1_0.c1etc_expense_note,vte1_0.c1extra1,vte1_0.c1extra1name,vte1_0.c1extra1note,vte1_0.c1extra2,vte1_0.c1extra2name,vte1_0.c1extra2note,vte1_0.c1extra3,vte1_0.c1extra3name,vte1_0.c1extra3note,vte1_0.c1extra4,vte1_0.c1extra4name,vte1_0.c1extra4note,vte1_0.c1extra5,vte1_0.c1extra5name,vte1_0.c1extra5note,vte1_0.c1gas,vte1_0.c1gas_note,vte1_0.c1insurance,vte1_0.c1insurance_note,vte1_0.c1rent,vte1_0.c1rent_note,vte1_0.c1water,vte1_0.c1water_note,vte1_0.c2extra1,vte1_0.c2extra1name,vte1_0.c2extra1note,vte1_0.c2extra2,vte1_0.c2extra2name,vte1_0.c2extra2note,vte1_0.c2extra3,vte1_0.c2extra3name,vte1_0.c2extra3note,vte1_0.c2extra4,vte1_0.c2extra4name,vte1_0.c2extra4note,vte1_0.c2extra5,vte1_0.c2extra5name,vte1_0.c2extra5note,vte1_0.c2interest_cost,vte1_0.c2interest_cost_note,vte1_0.closed_yn,vte1_0.d1carryover,vte1_0.d1carryover_note,vte1_0.d1extra1,vte1_0.d1extra1name,vte1_0.d1extra1note,vte1_0.d1extra2,vte1_0.d1extra2name,vte1_0.d1extra2note,vte1_0.d1extra3,vte1_0.d1extra3name,vte1_0.d1extra3note,vte1_0.d1extra4,vte1_0.d1extra4name,vte1_0.d1extra4note,vte1_0.d1extra5,vte1_0.d1extra5name,vte1_0.d1extra5note,vte1_0.d1material,vte1_0.d1material_note,vte1_0.d1store_maint,vte1_0.d1store_maint_note,vte1_0.d2cash,vte1_0.d2cash_note,vte1_0.d2extra1,vte1_0.d2extra1name,vte1_0.d2extra1note,vte1_0.d2extra2,vte1_0.d2extra2name,vte1_0.d2extra2note,vte1_0.d2extra3,vte1_0.d2extra3name,vte1_0.d2extra3note,vte1_0.d2extra4,vte1_0.d2extra4name,vte1_0.d2extra4note,vte1_0.d2extra5,vte1_0.d2extra5name,vte1_0.d2extra5note,vte1_0.d3extra1,vte1_0.d3extra1name,vte1_0.d3extra1note,vte1_0.d3extra2,vte1_0.d3extra2name,vte1_0.d3extra2note,vte1_0.d3extra3,vte1_0.d3extra3name,vte1_0.d3extra3note,vte1_0.d3extra4,vte1_0.d3extra4name,vte1_0.d3extra4note,vte1_0.d3extra5,vte1_0.d3extra5name,vte1_0.d3extra5note,vte1_0.d3init_product,vte1_0.d3init_product_note,vte1_0.d3rent,vte1_0.d3rent_note,vte1_0.deposit_amount,vte1_0.insert_timestamp,vte1_0.owner,vte1_0.phone,vte1_0.sales_profit,vte1_0.settle_amount,vte1_0.settlement_amount,vte1_0.settlement_cd,vte1_0.settlement_title,vte1_0.settlement_ymd,vte1_0.src_a1card,vte1_0.src_a1cash,vte1_0.src_b1electricity,vte1_0.src_b3material,vte1_0.src_c1card_fee,vte1_0.src_d1material,vte1_0.store_code,vte1_0.store_name,vte1_0.update_timestamp from cnco.vsettlement_total vte1_0 where vte1_0.pkey=?] [ERROR: column vte1_0.settle_amount does not exist
  Position: 3893] [n/a]
	at org.hibernate.exception.internal.SQLStateConversionDelegate.convert(SQLStateConversionDelegate.java:91)
	at org.hibernate.exception.internal.StandardSQLExceptionConverter.convert(StandardSQLExceptionConverter.java:58)
	at org.hibernate.engine.jdbc.spi.SqlExceptionHelper.convert(SqlExceptionHelper.java:108)
	at org.hibernate.engine.jdbc.spi.SqlExceptionHelper.convert(SqlExceptionHelper.java:94)
	at org.hibernate.sql.results.jdbc.internal.DeferredResultSetAccess.executeQuery(DeferredResultSetAccess.java:258)
	at org.hibernate.sql.results.jdbc.internal.DeferredResultSetAccess.getResultSet(DeferredResultSetAccess.java:164)
	at org.hibernate.sql.results.jdbc.internal.JdbcValuesResultSetImpl.advanceNext(JdbcValuesResultSetImpl.java:218)
	at org.hibernate.sql.results.jdbc.internal.JdbcValuesResultSetImpl.processNext(JdbcValuesResultSetImpl.java:98)
	at org.hibernate.sql.results.jdbc.internal.AbstractJdbcValues.next(AbstractJdbcValues.java:19)
	at org.hibernate.sql.results.internal.RowProcessingStateStandardImpl.next(RowProcessingStateStandardImpl.java:66)
	at org.hibernate.sql.results.spi.ListResultsConsumer.consume(ListResultsConsumer.java:186)
	at org.hibernate.sql.results.spi.ListResultsConsumer.consume(ListResultsConsumer.java:33)
	at org.hibernate.sql.exec.internal.JdbcSelectExecutorStandardImpl.doExecuteQuery(JdbcSelectExecutorStandardImpl.java:361)
	at org.hibernate.sql.exec.internal.JdbcSelectExecutorStandardImpl.executeQuery(JdbcSelectExecutorStandardImpl.java:168)
	at org.hibernate.sql.exec.internal.JdbcSelectExecutorStandardImpl.list(JdbcSelectExecutorStandardImpl.java:93)
	at org.hibernate.sql.exec.spi.JdbcSelectExecutor.list(JdbcSelectExecutor.java:31)
	at org.hibernate.loader.ast.internal.SingleIdLoadPlan.load(SingleIdLoadPlan.java:145)
	at org.hibernate.loader.ast.internal.SingleIdLoadPlan.load(SingleIdLoadPlan.java:117)
	at org.hibernate.loader.ast.internal.SingleIdEntityLoaderStandardImpl.load(SingleIdEntityLoaderStandardImpl.java:75)
	at org.hibernate.persister.entity.AbstractEntityPersister.doLoad(AbstractEntityPersister.java:3673)
	at org.hibernate.persister.entity.AbstractEntityPersister.load(AbstractEntityPersister.java:3662)
	at org.hibernate.event.internal.DefaultLoadEventListener.loadFromDatasource(DefaultLoadEventListener.java:591)
	at org.hibernate.event.internal.DefaultLoadEventListener.loadFromCacheOrDatasource(DefaultLoadEventListener.java:577)
	at org.hibernate.event.internal.DefaultLoadEventListener.load(DefaultLoadEventListener.java:547)
	at org.hibernate.event.internal.DefaultLoadEventListener.doLoad(DefaultLoadEventListener.java:531)
	at org.hibernate.event.internal.DefaultLoadEventListener.load(DefaultLoadEventListener.java:206)
	at org.hibernate.event.internal.DefaultLoadEventListener.loadWithRegularProxy(DefaultLoadEventListener.java:286)
	at org.hibernate.event.internal.DefaultLoadEventListener.proxyOrLoad(DefaultLoadEventListener.java:241)
	at org.hibernate.event.internal.DefaultLoadEventListener.doOnLoad(DefaultLoadEventListener.java:110)
	at org.hibernate.event.internal.DefaultLoadEventListener.onLoad(DefaultLoadEventListener.java:67)
	at org.hibernate.event.service.internal.EventListenerGroupImpl.fireEventOnEachListener(EventListenerGroupImpl.java:138)
	at org.hibernate.internal.SessionImpl.fireLoadNoChecks(SessionImpl.java:1234)
	at org.hibernate.internal.SessionImpl.fireLoad(SessionImpl.java:1222)
	at org.hibernate.loader.internal.IdentifierLoadAccessImpl.load(IdentifierLoadAccessImpl.java:209)
	at org.hibernate.loader.internal.IdentifierLoadAccessImpl.doLoad(IdentifierLoadAccessImpl.java:160)
	at org.hibernate.loader.internal.IdentifierLoadAccessImpl.lambda$load$1(IdentifierLoadAccessImpl.java:149)
	at org.hibernate.loader.internal.IdentifierLoadAccessImpl.perform(IdentifierLoadAccessImpl.java:112)
	at org.hibernate.loader.internal.IdentifierLoadAccessImpl.load(IdentifierLoadAccessImpl.java:149)
	at org.hibernate.internal.SessionImpl.find(SessionImpl.java:2430)
	at org.hibernate.internal.SessionImpl.find(SessionImpl.java:2401)
	at java.base/jdk.internal.reflect.NativeMethodAccessorImpl.invoke0(Native Method)
	at java.base/jdk.internal.reflect.NativeMethodAccessorImpl.invoke(NativeMethodAccessorImpl.java:77)
	at java.base/jdk.internal.reflect.DelegatingMethodAccessorImpl.invoke(DelegatingMethodAccessorImpl.java:43)
	at java.base/java.lang.reflect.Method.invoke(Method.java:569)
	at org.springframework.orm.jpa.ExtendedEntityManagerCreator$ExtendedEntityManagerInvocationHandler.invoke(ExtendedEntityManagerCreator.java:360)
	at jdk.proxy2/jdk.proxy2.$Proxy134.find(Unknown Source)
	at java.base/jdk.internal.reflect.NativeMethodAccessorImpl.invoke0(Native Method)
	at java.base/jdk.internal.reflect.NativeMethodAccessorImpl.invoke(NativeMethodAccessorImpl.java:77)
	at java.base/jdk.internal.reflect.DelegatingMethodAccessorImpl.invoke(DelegatingMethodAccessorImpl.java:43)
	at java.base/java.lang.reflect.Method.invoke(Method.java:569)
	at org.springframework.orm.jpa.SharedEntityManagerCreator$SharedEntityManagerInvocationHandler.invoke(SharedEntityManagerCreator.java:311)
	at jdk.proxy2/jdk.proxy2.$Proxy134.find(Unknown Source)
	at org.springframework.data.jpa.repository.support.SimpleJpaRepository.findById(SimpleJpaRepository.java:313)
	at java.base/jdk.internal.reflect.NativeMethodAccessorImpl.invoke0(Native Method)
	at java.base/jdk.internal.reflect.NativeMethodAccessorImpl.invoke(NativeMethodAccessorImpl.java:77)
	at java.base/jdk.internal.reflect.DelegatingMethodAccessorImpl.invoke(DelegatingMethodAccessorImpl.java:43)
	at java.base/java.lang.reflect.Method.invoke(Method.java:569)
	at org.springframework.aop.support.AopUtils.invokeJoinpointUsingReflection(AopUtils.java:352)
	at org.springframework.data.repository.core.support.RepositoryMethodInvoker$RepositoryFragmentMethodInvoker.lambda$new$0(RepositoryMethodInvoker.java:277)
	at org.springframework.data.repository.core.support.RepositoryMethodInvoker.doInvoke(RepositoryMethodInvoker.java:170)
	at org.springframework.data.repository.core.support.RepositoryMethodInvoker.invoke(RepositoryMethodInvoker.java:158)
	at org.springframework.data.repository.core.support.RepositoryComposition$RepositoryFragments.invoke(RepositoryComposition.java:516)
	at org.springframework.data.repository.core.support.RepositoryComposition.invoke(RepositoryComposition.java:285)
	at org.springframework.data.repository.core.support.RepositoryFactorySupport$ImplementationMethodExecutionInterceptor.invoke(RepositoryFactorySupport.java:628)
	at org.springframework.aop.framework.ReflectiveMethodInvocation.proceed(ReflectiveMethodInvocation.java:184)
	at org.springframework.data.repository.core.support.QueryExecutorMethodInterceptor.doInvoke(QueryExecutorMethodInterceptor.java:168)
	at org.springframework.data.repository.core.support.QueryExecutorMethodInterceptor.invoke(QueryExecutorMethodInterceptor.java:143)
	at org.springframework.aop.framework.ReflectiveMethodInvocation.proceed(ReflectiveMethodInvocation.java:184)
	at org.springframework.data.projection.DefaultMethodInvokingMethodInterceptor.invoke(DefaultMethodInvokingMethodInterceptor.java:70)
	at org.springframework.aop.framework.ReflectiveMethodInvocation.proceed(ReflectiveMethodInvocation.java:184)
	at org.springframework.transaction.interceptor.TransactionInterceptor$1.proceedWithInvocation(TransactionInterceptor.java:123)
	at org.springframework.transaction.interceptor.TransactionAspectSupport.invokeWithinTransaction(TransactionAspectSupport.java:385)
	at org.springframework.transaction.interceptor.TransactionInterceptor.invoke(TransactionInterceptor.java:119)
	at org.springframework.aop.framework.ReflectiveMethodInvocation.proceed(ReflectiveMethodInvocation.java:184)
	at org.springframework.dao.support.PersistenceExceptionTranslationInterceptor.invoke(PersistenceExceptionTranslationInterceptor.java:137)
	... 121 more
Caused by: org.postgresql.util.PSQLException: ERROR: column vte1_0.settle_amount does not exist
  Position: 3893
	at org.postgresql.core.v3.QueryExecutorImpl.receiveErrorResponse(QueryExecutorImpl.java:2713)
	at org.postgresql.core.v3.QueryExecutorImpl.processResults(QueryExecutorImpl.java:2401)
	at org.postgresql.core.v3.QueryExecutorImpl.execute(QueryExecutorImpl.java:368)
	at org.postgresql.jdbc.PgStatement.executeInternal(PgStatement.java:498)
	at org.postgresql.jdbc.PgStatement.execute(PgStatement.java:415)
	at org.postgresql.jdbc.PgPreparedStatement.executeWithFlags(PgPreparedStatement.java:190)
	at org.postgresql.jdbc.PgPreparedStatement.executeQuery(PgPreparedStatement.java:134)
	at com.zaxxer.hikari.pool.ProxyPreparedStatement.executeQuery(ProxyPreparedStatement.java:52)
	at com.zaxxer.hikari.pool.HikariProxyPreparedStatement.executeQuery(HikariProxyPreparedStatement.java)
	at org.hibernate.sql.results.jdbc.internal.DeferredResultSetAccess.executeQuery(DeferredResultSetAccess.java:240)
	... 191 more

2025-04-30T08:40:36.636+09:00  INFO 16156 --- [http-nio-4080-exec-3] c.e.cco.security.JwtAuthorizationFilter  : token =eyJhbGciOiJIUzUxMiJ9.eyJzdWIiOiJhZG1pbiIsInJvbGUiOiJBRE1JTiIsImlhdCI6MTc0NTk2OTIzNywiZXhwIjoxNzQ1OTk4MDM3fQ.wiA_QqMmtrXJb4uNDkhaCfIK3bC8lZxSd3ID7_G7j-8l50Fxom-SdwSZGTmZp6ugeUaqXdXNiH8-1-s7fcZFCw
2025-04-30T08:40:36.638+09:00  INFO 16156 --- [http-nio-4080-exec-3] c.example.cco.security.JwtTokenProvider  : Wed Apr 30 08:40:36 KST 2025
2025-04-30T08:40:36.639+09:00  INFO 16156 --- [http-nio-4080-exec-3] c.example.cco.security.JwtTokenProvider  : false
2025-04-30T08:40:36.649+09:00  WARN 16156 --- [http-nio-4080-exec-3] o.h.engine.jdbc.spi.SqlExceptionHelper   : SQL Error: 0, SQLState: 42703
2025-04-30T08:40:36.649+09:00 ERROR 16156 --- [http-nio-4080-exec-3] o.h.engine.jdbc.spi.SqlExceptionHelper   : ERROR: column vte1_0.settle_amount does not exist
  Position: 3893
2025-04-30T08:40:36.649+09:00  INFO 16156 --- [http-nio-4080-exec-3] o.h.e.internal.DefaultLoadEventListener  : HHH000327: Error performing load command

org.hibernate.exception.SQLGrammarException: JDBC exception executing SQL [select vte1_0.pkey,vte1_0.a1card,vte1_0.a1card_note,vte1_0.a1cash,vte1_0.a1cash_note,vte1_0.a1extra1,vte1_0.a1extra1name,vte1_0.a1extra1note,vte1_0.a1extra2,vte1_0.a1extra2name,vte1_0.a1extra2note,vte1_0.a1extra3,vte1_0.a1extra3name,vte1_0.a1extra3note,vte1_0.a1extra4,vte1_0.a1extra4name,vte1_0.a1extra4note,vte1_0.a1extra5,vte1_0.a1extra5name,vte1_0.a1extra5note,vte1_0.a1tax,vte1_0.a1tax_note,vte1_0.active_yn,vte1_0.a_total,vte1_0.b1electricity,vte1_0.b1electricity_note,vte1_0.b1etc_expense,vte1_0.b1etc_expense_note,vte1_0.b1extra1,vte1_0.b1extra1name,vte1_0.b1extra1note,vte1_0.b1extra2,vte1_0.b1extra2name,vte1_0.b1extra2note,vte1_0.b1extra3,vte1_0.b1extra3name,vte1_0.b1extra3note,vte1_0.b1extra4,vte1_0.b1extra4name,vte1_0.b1extra4note,vte1_0.b1extra5,vte1_0.b1extra5name,vte1_0.b1extra5note,vte1_0.b1gas,vte1_0.b1gas_note,vte1_0.b1internet,vte1_0.b1internet_note,vte1_0.b1maint,vte1_0.b1maint_note,vte1_0.b1rent,vte1_0.b1rent_note,vte1_0.b2charge,vte1_0.b2charge_note,vte1_0.b3etc,vte1_0.b3etc_note,vte1_0.b3extra1,vte1_0.b3extra1name,vte1_0.b3extra1note,vte1_0.b3extra2,vte1_0.b3extra2name,vte1_0.b3extra2note,vte1_0.b3extra3,vte1_0.b3extra3name,vte1_0.b3extra3note,vte1_0.b3extra4,vte1_0.b3extra4name,vte1_0.b3extra4note,vte1_0.b3extra5,vte1_0.b3extra5name,vte1_0.b3extra5note,vte1_0.b3material,vte1_0.b3material_note,vte1_0.b4donation,vte1_0.b4donation_note,vte1_0.b4extra1,vte1_0.b4extra1name,vte1_0.b4extra1note,vte1_0.b4extra2,vte1_0.b4extra2name,vte1_0.b4extra2note,vte1_0.b4extra3,vte1_0.b4extra3name,vte1_0.b4extra3note,vte1_0.b4extra4,vte1_0.b4extra4name,vte1_0.b4extra4note,vte1_0.b4extra5,vte1_0.b4extra5name,vte1_0.b4extra5note,vte1_0.b4init_product,vte1_0.b4init_product_note,vte1_0.bank,vte1_0.bank_account,vte1_0.bank_account_number,vte1_0.brand_cd,vte1_0.brand_name,vte1_0.b_total,vte1_0.c1card_fee,vte1_0.c1card_fee_note,vte1_0.c1electricity,vte1_0.c1electricity_note,vte1_0.c1etc_expense,vte1_0.c1etc_expense_note,vte1_0.c1extra1,vte1_0.c1extra1name,vte1_0.c1extra1note,vte1_0.c1extra2,vte1_0.c1extra2name,vte1_0.c1extra2note,vte1_0.c1extra3,vte1_0.c1extra3name,vte1_0.c1extra3note,vte1_0.c1extra4,vte1_0.c1extra4name,vte1_0.c1extra4note,vte1_0.c1extra5,vte1_0.c1extra5name,vte1_0.c1extra5note,vte1_0.c1gas,vte1_0.c1gas_note,vte1_0.c1insurance,vte1_0.c1insurance_note,vte1_0.c1rent,vte1_0.c1rent_note,vte1_0.c1water,vte1_0.c1water_note,vte1_0.c2extra1,vte1_0.c2extra1name,vte1_0.c2extra1note,vte1_0.c2extra2,vte1_0.c2extra2name,vte1_0.c2extra2note,vte1_0.c2extra3,vte1_0.c2extra3name,vte1_0.c2extra3note,vte1_0.c2extra4,vte1_0.c2extra4name,vte1_0.c2extra4note,vte1_0.c2extra5,vte1_0.c2extra5name,vte1_0.c2extra5note,vte1_0.c2interest_cost,vte1_0.c2interest_cost_note,vte1_0.closed_yn,vte1_0.d1carryover,vte1_0.d1carryover_note,vte1_0.d1extra1,vte1_0.d1extra1name,vte1_0.d1extra1note,vte1_0.d1extra2,vte1_0.d1extra2name,vte1_0.d1extra2note,vte1_0.d1extra3,vte1_0.d1extra3name,vte1_0.d1extra3note,vte1_0.d1extra4,vte1_0.d1extra4name,vte1_0.d1extra4note,vte1_0.d1extra5,vte1_0.d1extra5name,vte1_0.d1extra5note,vte1_0.d1material,vte1_0.d1material_note,vte1_0.d1store_maint,vte1_0.d1store_maint_note,vte1_0.d2cash,vte1_0.d2cash_note,vte1_0.d2extra1,vte1_0.d2extra1name,vte1_0.d2extra1note,vte1_0.d2extra2,vte1_0.d2extra2name,vte1_0.d2extra2note,vte1_0.d2extra3,vte1_0.d2extra3name,vte1_0.d2extra3note,vte1_0.d2extra4,vte1_0.d2extra4name,vte1_0.d2extra4note,vte1_0.d2extra5,vte1_0.d2extra5name,vte1_0.d2extra5note,vte1_0.d3extra1,vte1_0.d3extra1name,vte1_0.d3extra1note,vte1_0.d3extra2,vte1_0.d3extra2name,vte1_0.d3extra2note,vte1_0.d3extra3,vte1_0.d3extra3name,vte1_0.d3extra3note,vte1_0.d3extra4,vte1_0.d3extra4name,vte1_0.d3extra4note,vte1_0.d3extra5,vte1_0.d3extra5name,vte1_0.d3extra5note,vte1_0.d3init_product,vte1_0.d3init_product_note,vte1_0.d3rent,vte1_0.d3rent_note,vte1_0.deposit_amount,vte1_0.insert_timestamp,vte1_0.owner,vte1_0.phone,vte1_0.sales_profit,vte1_0.settle_amount,vte1_0.settlement_amount,vte1_0.settlement_cd,vte1_0.settlement_title,vte1_0.settlement_ymd,vte1_0.src_a1card,vte1_0.src_a1cash,vte1_0.src_b1electricity,vte1_0.src_b3material,vte1_0.src_c1card_fee,vte1_0.src_d1material,vte1_0.store_code,vte1_0.store_name,vte1_0.update_timestamp from cnco.vsettlement_total vte1_0 where vte1_0.pkey=?] [ERROR: column vte1_0.settle_amount does not exist
  Position: 3893] [n/a]
	at org.hibernate.exception.internal.SQLStateConversionDelegate.convert(SQLStateConversionDelegate.java:91) ~[hibernate-core-6.3.1.Final.jar:6.3.1.Final]
	at org.hibernate.exception.internal.StandardSQLExceptionConverter.convert(StandardSQLExceptionConverter.java:58) ~[hibernate-core-6.3.1.Final.jar:6.3.1.Final]
	at org.hibernate.engine.jdbc.spi.SqlExceptionHelper.convert(SqlExceptionHelper.java:108) ~[hibernate-core-6.3.1.Final.jar:6.3.1.Final]
	at org.hibernate.engine.jdbc.spi.SqlExceptionHelper.convert(SqlExceptionHelper.java:94) ~[hibernate-core-6.3.1.Final.jar:6.3.1.Final]
	at org.hibernate.sql.results.jdbc.internal.DeferredResultSetAccess.executeQuery(DeferredResultSetAccess.java:258) ~[hibernate-core-6.3.1.Final.jar:6.3.1.Final]
	at org.hibernate.sql.results.jdbc.internal.DeferredResultSetAccess.getResultSet(DeferredResultSetAccess.java:164) ~[hibernate-core-6.3.1.Final.jar:6.3.1.Final]
	at org.hibernate.sql.results.jdbc.internal.JdbcValuesResultSetImpl.advanceNext(JdbcValuesResultSetImpl.java:218) ~[hibernate-core-6.3.1.Final.jar:6.3.1.Final]
	at org.hibernate.sql.results.jdbc.internal.JdbcValuesResultSetImpl.processNext(JdbcValuesResultSetImpl.java:98) ~[hibernate-core-6.3.1.Final.jar:6.3.1.Final]
	at org.hibernate.sql.results.jdbc.internal.AbstractJdbcValues.next(AbstractJdbcValues.java:19) ~[hibernate-core-6.3.1.Final.jar:6.3.1.Final]
	at org.hibernate.sql.results.internal.RowProcessingStateStandardImpl.next(RowProcessingStateStandardImpl.java:66) ~[hibernate-core-6.3.1.Final.jar:6.3.1.Final]
	at org.hibernate.sql.results.spi.ListResultsConsumer.consume(ListResultsConsumer.java:186) ~[hibernate-core-6.3.1.Final.jar:6.3.1.Final]
	at org.hibernate.sql.results.spi.ListResultsConsumer.consume(ListResultsConsumer.java:33) ~[hibernate-core-6.3.1.Final.jar:6.3.1.Final]
	at org.hibernate.sql.exec.internal.JdbcSelectExecutorStandardImpl.doExecuteQuery(JdbcSelectExecutorStandardImpl.java:361) ~[hibernate-core-6.3.1.Final.jar:6.3.1.Final]
	at org.hibernate.sql.exec.internal.JdbcSelectExecutorStandardImpl.executeQuery(JdbcSelectExecutorStandardImpl.java:168) ~[hibernate-core-6.3.1.Final.jar:6.3.1.Final]
	at org.hibernate.sql.exec.internal.JdbcSelectExecutorStandardImpl.list(JdbcSelectExecutorStandardImpl.java:93) ~[hibernate-core-6.3.1.Final.jar:6.3.1.Final]
	at org.hibernate.sql.exec.spi.JdbcSelectExecutor.list(JdbcSelectExecutor.java:31) ~[hibernate-core-6.3.1.Final.jar:6.3.1.Final]
	at org.hibernate.loader.ast.internal.SingleIdLoadPlan.load(SingleIdLoadPlan.java:145) ~[hibernate-core-6.3.1.Final.jar:6.3.1.Final]
	at org.hibernate.loader.ast.internal.SingleIdLoadPlan.load(SingleIdLoadPlan.java:117) ~[hibernate-core-6.3.1.Final.jar:6.3.1.Final]
	at org.hibernate.loader.ast.internal.SingleIdEntityLoaderStandardImpl.load(SingleIdEntityLoaderStandardImpl.java:75) ~[hibernate-core-6.3.1.Final.jar:6.3.1.Final]
	at org.hibernate.persister.entity.AbstractEntityPersister.doLoad(AbstractEntityPersister.java:3673) ~[hibernate-core-6.3.1.Final.jar:6.3.1.Final]
	at org.hibernate.persister.entity.AbstractEntityPersister.load(AbstractEntityPersister.java:3662) ~[hibernate-core-6.3.1.Final.jar:6.3.1.Final]
	at org.hibernate.event.internal.DefaultLoadEventListener.loadFromDatasource(DefaultLoadEventListener.java:591) ~[hibernate-core-6.3.1.Final.jar:6.3.1.Final]
	at org.hibernate.event.internal.DefaultLoadEventListener.loadFromCacheOrDatasource(DefaultLoadEventListener.java:577) ~[hibernate-core-6.3.1.Final.jar:6.3.1.Final]
	at org.hibernate.event.internal.DefaultLoadEventListener.load(DefaultLoadEventListener.java:547) ~[hibernate-core-6.3.1.Final.jar:6.3.1.Final]
	at org.hibernate.event.internal.DefaultLoadEventListener.doLoad(DefaultLoadEventListener.java:531) ~[hibernate-core-6.3.1.Final.jar:6.3.1.Final]
	at org.hibernate.event.internal.DefaultLoadEventListener.load(DefaultLoadEventListener.java:206) ~[hibernate-core-6.3.1.Final.jar:6.3.1.Final]
	at org.hibernate.event.internal.DefaultLoadEventListener.loadWithRegularProxy(DefaultLoadEventListener.java:286) ~[hibernate-core-6.3.1.Final.jar:6.3.1.Final]
	at org.hibernate.event.internal.DefaultLoadEventListener.proxyOrLoad(DefaultLoadEventListener.java:241) ~[hibernate-core-6.3.1.Final.jar:6.3.1.Final]
	at org.hibernate.event.internal.DefaultLoadEventListener.doOnLoad(DefaultLoadEventListener.java:110) ~[hibernate-core-6.3.1.Final.jar:6.3.1.Final]
	at org.hibernate.event.internal.DefaultLoadEventListener.onLoad(DefaultLoadEventListener.java:67) ~[hibernate-core-6.3.1.Final.jar:6.3.1.Final]
	at org.hibernate.event.service.internal.EventListenerGroupImpl.fireEventOnEachListener(EventListenerGroupImpl.java:138) ~[hibernate-core-6.3.1.Final.jar:6.3.1.Final]
	at org.hibernate.internal.SessionImpl.fireLoadNoChecks(SessionImpl.java:1234) ~[hibernate-core-6.3.1.Final.jar:6.3.1.Final]
	at org.hibernate.internal.SessionImpl.fireLoad(SessionImpl.java:1222) ~[hibernate-core-6.3.1.Final.jar:6.3.1.Final]
	at org.hibernate.loader.internal.IdentifierLoadAccessImpl.load(IdentifierLoadAccessImpl.java:209) ~[hibernate-core-6.3.1.Final.jar:6.3.1.Final]
	at org.hibernate.loader.internal.IdentifierLoadAccessImpl.doLoad(IdentifierLoadAccessImpl.java:160) ~[hibernate-core-6.3.1.Final.jar:6.3.1.Final]
	at org.hibernate.loader.internal.IdentifierLoadAccessImpl.lambda$load$1(IdentifierLoadAccessImpl.java:149) ~[hibernate-core-6.3.1.Final.jar:6.3.1.Final]
	at org.hibernate.loader.internal.IdentifierLoadAccessImpl.perform(IdentifierLoadAccessImpl.java:112) ~[hibernate-core-6.3.1.Final.jar:6.3.1.Final]
	at org.hibernate.loader.internal.IdentifierLoadAccessImpl.load(IdentifierLoadAccessImpl.java:149) ~[hibernate-core-6.3.1.Final.jar:6.3.1.Final]
	at org.hibernate.internal.SessionImpl.find(SessionImpl.java:2430) ~[hibernate-core-6.3.1.Final.jar:6.3.1.Final]
	at org.hibernate.internal.SessionImpl.find(SessionImpl.java:2401) ~[hibernate-core-6.3.1.Final.jar:6.3.1.Final]
	at java.base/jdk.internal.reflect.NativeMethodAccessorImpl.invoke0(Native Method) ~[na:na]
	at java.base/jdk.internal.reflect.NativeMethodAccessorImpl.invoke(NativeMethodAccessorImpl.java:77) ~[na:na]
	at java.base/jdk.internal.reflect.DelegatingMethodAccessorImpl.invoke(DelegatingMethodAccessorImpl.java:43) ~[na:na]
	at java.base/java.lang.reflect.Method.invoke(Method.java:569) ~[na:na]
	at org.springframework.orm.jpa.ExtendedEntityManagerCreator$ExtendedEntityManagerInvocationHandler.invoke(ExtendedEntityManagerCreator.java:360) ~[spring-orm-6.1.1.jar:6.1.1]
	at jdk.proxy2/jdk.proxy2.$Proxy134.find(Unknown Source) ~[na:na]
	at java.base/jdk.internal.reflect.NativeMethodAccessorImpl.invoke0(Native Method) ~[na:na]
	at java.base/jdk.internal.reflect.NativeMethodAccessorImpl.invoke(NativeMethodAccessorImpl.java:77) ~[na:na]
	at java.base/jdk.internal.reflect.DelegatingMethodAccessorImpl.invoke(DelegatingMethodAccessorImpl.java:43) ~[na:na]
	at java.base/java.lang.reflect.Method.invoke(Method.java:569) ~[na:na]
	at org.springframework.orm.jpa.SharedEntityManagerCreator$SharedEntityManagerInvocationHandler.invoke(SharedEntityManagerCreator.java:311) ~[spring-orm-6.1.1.jar:6.1.1]
	at jdk.proxy2/jdk.proxy2.$Proxy134.find(Unknown Source) ~[na:na]
	at org.springframework.data.jpa.repository.support.SimpleJpaRepository.findById(SimpleJpaRepository.java:313) ~[spring-data-jpa-3.2.0.jar:3.2.0]
	at java.base/jdk.internal.reflect.NativeMethodAccessorImpl.invoke0(Native Method) ~[na:na]
	at java.base/jdk.internal.reflect.NativeMethodAccessorImpl.invoke(NativeMethodAccessorImpl.java:77) ~[na:na]
	at java.base/jdk.internal.reflect.DelegatingMethodAccessorImpl.invoke(DelegatingMethodAccessorImpl.java:43) ~[na:na]
	at java.base/java.lang.reflect.Method.invoke(Method.java:569) ~[na:na]
	at org.springframework.aop.support.AopUtils.invokeJoinpointUsingReflection(AopUtils.java:352) ~[spring-aop-6.1.1.jar:6.1.1]
	at org.springframework.data.repository.core.support.RepositoryMethodInvoker$RepositoryFragmentMethodInvoker.lambda$new$0(RepositoryMethodInvoker.java:277) ~[spring-data-commons-3.2.0.jar:3.2.0]
	at org.springframework.data.repository.core.support.RepositoryMethodInvoker.doInvoke(RepositoryMethodInvoker.java:170) ~[spring-data-commons-3.2.0.jar:3.2.0]
	at org.springframework.data.repository.core.support.RepositoryMethodInvoker.invoke(RepositoryMethodInvoker.java:158) ~[spring-data-commons-3.2.0.jar:3.2.0]
	at org.springframework.data.repository.core.support.RepositoryComposition$RepositoryFragments.invoke(RepositoryComposition.java:516) ~[spring-data-commons-3.2.0.jar:3.2.0]
	at org.springframework.data.repository.core.support.RepositoryComposition.invoke(RepositoryComposition.java:285) ~[spring-data-commons-3.2.0.jar:3.2.0]
	at org.springframework.data.repository.core.support.RepositoryFactorySupport$ImplementationMethodExecutionInterceptor.invoke(RepositoryFactorySupport.java:628) ~[spring-data-commons-3.2.0.jar:3.2.0]
	at org.springframework.aop.framework.ReflectiveMethodInvocation.proceed(ReflectiveMethodInvocation.java:184) ~[spring-aop-6.1.1.jar:6.1.1]
	at org.springframework.data.repository.core.support.QueryExecutorMethodInterceptor.doInvoke(QueryExecutorMethodInterceptor.java:168) ~[spring-data-commons-3.2.0.jar:3.2.0]
	at org.springframework.data.repository.core.support.QueryExecutorMethodInterceptor.invoke(QueryExecutorMethodInterceptor.java:143) ~[spring-data-commons-3.2.0.jar:3.2.0]
	at org.springframework.aop.framework.ReflectiveMethodInvocation.proceed(ReflectiveMethodInvocation.java:184) ~[spring-aop-6.1.1.jar:6.1.1]
	at org.springframework.data.projection.DefaultMethodInvokingMethodInterceptor.invoke(DefaultMethodInvokingMethodInterceptor.java:70) ~[spring-data-commons-3.2.0.jar:3.2.0]
	at org.springframework.aop.framework.ReflectiveMethodInvocation.proceed(ReflectiveMethodInvocation.java:184) ~[spring-aop-6.1.1.jar:6.1.1]
	at org.springframework.transaction.interceptor.TransactionInterceptor$1.proceedWithInvocation(TransactionInterceptor.java:123) ~[spring-tx-6.1.1.jar:6.1.1]
	at org.springframework.transaction.interceptor.TransactionAspectSupport.invokeWithinTransaction(TransactionAspectSupport.java:385) ~[spring-tx-6.1.1.jar:6.1.1]
	at org.springframework.transaction.interceptor.TransactionInterceptor.invoke(TransactionInterceptor.java:119) ~[spring-tx-6.1.1.jar:6.1.1]
	at org.springframework.aop.framework.ReflectiveMethodInvocation.proceed(ReflectiveMethodInvocation.java:184) ~[spring-aop-6.1.1.jar:6.1.1]
	at org.springframework.dao.support.PersistenceExceptionTranslationInterceptor.invoke(PersistenceExceptionTranslationInterceptor.java:137) ~[spring-tx-6.1.1.jar:6.1.1]
	at org.springframework.aop.framework.ReflectiveMethodInvocation.proceed(ReflectiveMethodInvocation.java:184) ~[spring-aop-6.1.1.jar:6.1.1]
	at org.springframework.data.jpa.repository.support.CrudMethodMetadataPostProcessor$CrudMethodMetadataPopulatingMethodInterceptor.invoke(CrudMethodMetadataPostProcessor.java:164) ~[spring-data-jpa-3.2.0.jar:3.2.0]
	at org.springframework.aop.framework.ReflectiveMethodInvocation.proceed(ReflectiveMethodInvocation.java:184) ~[spring-aop-6.1.1.jar:6.1.1]
	at org.springframework.aop.interceptor.ExposeInvocationInterceptor.invoke(ExposeInvocationInterceptor.java:97) ~[spring-aop-6.1.1.jar:6.1.1]
	at org.springframework.aop.framework.ReflectiveMethodInvocation.proceed(ReflectiveMethodInvocation.java:184) ~[spring-aop-6.1.1.jar:6.1.1]
	at org.springframework.aop.framework.JdkDynamicAopProxy.invoke(JdkDynamicAopProxy.java:249) ~[spring-aop-6.1.1.jar:6.1.1]
	at jdk.proxy2/jdk.proxy2.$Proxy146.findById(Unknown Source) ~[na:na]
	at com.example.cco.settlement.SettlementServiceImpl.getSettlementDetail(SettlementServiceImpl.java:564) ~[main/:na]
	at java.base/jdk.internal.reflect.NativeMethodAccessorImpl.invoke0(Native Method) ~[na:na]
	at java.base/jdk.internal.reflect.NativeMethodAccessorImpl.invoke(NativeMethodAccessorImpl.java:77) ~[na:na]
	at java.base/jdk.internal.reflect.DelegatingMethodAccessorImpl.invoke(DelegatingMethodAccessorImpl.java:43) ~[na:na]
	at java.base/java.lang.reflect.Method.invoke(Method.java:569) ~[na:na]
	at org.springframework.aop.support.AopUtils.invokeJoinpointUsingReflection(AopUtils.java:352) ~[spring-aop-6.1.1.jar:6.1.1]
	at org.springframework.aop.framework.ReflectiveMethodInvocation.invokeJoinpoint(ReflectiveMethodInvocation.java:196) ~[spring-aop-6.1.1.jar:6.1.1]
	at org.springframework.aop.framework.ReflectiveMethodInvocation.proceed(ReflectiveMethodInvocation.java:163) ~[spring-aop-6.1.1.jar:6.1.1]
	at org.springframework.aop.framework.CglibAopProxy$CglibMethodInvocation.proceed(CglibAopProxy.java:765) ~[spring-aop-6.1.1.jar:6.1.1]
	at org.springframework.transaction.interceptor.TransactionInterceptor$1.proceedWithInvocation(TransactionInterceptor.java:123) ~[spring-tx-6.1.1.jar:6.1.1]
	at org.springframework.transaction.interceptor.TransactionAspectSupport.invokeWithinTransaction(TransactionAspectSupport.java:385) ~[spring-tx-6.1.1.jar:6.1.1]
	at org.springframework.transaction.interceptor.TransactionInterceptor.invoke(TransactionInterceptor.java:119) ~[spring-tx-6.1.1.jar:6.1.1]
	at org.springframework.aop.framework.ReflectiveMethodInvocation.proceed(ReflectiveMethodInvocation.java:184) ~[spring-aop-6.1.1.jar:6.1.1]
	at org.springframework.aop.framework.CglibAopProxy$CglibMethodInvocation.proceed(CglibAopProxy.java:765) ~[spring-aop-6.1.1.jar:6.1.1]
	at org.springframework.aop.framework.CglibAopProxy$DynamicAdvisedInterceptor.intercept(CglibAopProxy.java:717) ~[spring-aop-6.1.1.jar:6.1.1]
	at com.example.cco.settlement.SettlementServiceImpl$$SpringCGLIB$$0.getSettlementDetail(<generated>) ~[main/:na]
	at com.example.cco.settlement.SettlementController.getSettlementDetail(SettlementController.java:79) ~[main/:na]
	at java.base/jdk.internal.reflect.NativeMethodAccessorImpl.invoke0(Native Method) ~[na:na]
	at java.base/jdk.internal.reflect.NativeMethodAccessorImpl.invoke(NativeMethodAccessorImpl.java:77) ~[na:na]
	at java.base/jdk.internal.reflect.DelegatingMethodAccessorImpl.invoke(DelegatingMethodAccessorImpl.java:43) ~[na:na]
	at java.base/java.lang.reflect.Method.invoke(Method.java:569) ~[na:na]
	at org.springframework.web.method.support.InvocableHandlerMethod.doInvoke(InvocableHandlerMethod.java:254) ~[spring-web-6.1.1.jar:6.1.1]
	at org.springframework.web.method.support.InvocableHandlerMethod.invokeForRequest(InvocableHandlerMethod.java:182) ~[spring-web-6.1.1.jar:6.1.1]
	at org.springframework.web.servlet.mvc.method.annotation.ServletInvocableHandlerMethod.invokeAndHandle(ServletInvocableHandlerMethod.java:118) ~[spring-webmvc-6.1.1.jar:6.1.1]
	at org.springframework.web.servlet.mvc.method.annotation.RequestMappingHandlerAdapter.invokeHandlerMethod(RequestMappingHandlerAdapter.java:917) ~[spring-webmvc-6.1.1.jar:6.1.1]
	at org.springframework.web.servlet.mvc.method.annotation.RequestMappingHandlerAdapter.handleInternal(RequestMappingHandlerAdapter.java:829) ~[spring-webmvc-6.1.1.jar:6.1.1]
	at org.springframework.web.servlet.mvc.method.AbstractHandlerMethodAdapter.handle(AbstractHandlerMethodAdapter.java:87) ~[spring-webmvc-6.1.1.jar:6.1.1]
	at org.springframework.web.servlet.DispatcherServlet.doDispatch(DispatcherServlet.java:1089) ~[spring-webmvc-6.1.1.jar:6.1.1]
	at org.springframework.web.servlet.DispatcherServlet.doService(DispatcherServlet.java:979) ~[spring-webmvc-6.1.1.jar:6.1.1]
	at org.springframework.web.servlet.FrameworkServlet.processRequest(FrameworkServlet.java:1014) ~[spring-webmvc-6.1.1.jar:6.1.1]
	at org.springframework.web.servlet.FrameworkServlet.doGet(FrameworkServlet.java:903) ~[spring-webmvc-6.1.1.jar:6.1.1]
	at jakarta.servlet.http.HttpServlet.service(HttpServlet.java:564) ~[tomcat-embed-core-10.1.16.jar:6.0]
	at org.springframework.web.servlet.FrameworkServlet.service(FrameworkServlet.java:885) ~[spring-webmvc-6.1.1.jar:6.1.1]
	at jakarta.servlet.http.HttpServlet.service(HttpServlet.java:658) ~[tomcat-embed-core-10.1.16.jar:6.0]
	at org.apache.catalina.core.ApplicationFilterChain.internalDoFilter(ApplicationFilterChain.java:205) ~[tomcat-embed-core-10.1.16.jar:10.1.16]
	at org.apache.catalina.core.ApplicationFilterChain.doFilter(ApplicationFilterChain.java:149) ~[tomcat-embed-core-10.1.16.jar:10.1.16]
	at org.apache.tomcat.websocket.server.WsFilter.doFilter(WsFilter.java:51) ~[tomcat-embed-websocket-10.1.16.jar:10.1.16]
	at org.apache.catalina.core.ApplicationFilterChain.internalDoFilter(ApplicationFilterChain.java:174) ~[tomcat-embed-core-10.1.16.jar:10.1.16]
	at org.apache.catalina.core.ApplicationFilterChain.doFilter(ApplicationFilterChain.java:149) ~[tomcat-embed-core-10.1.16.jar:10.1.16]
	at org.springframework.security.web.FilterChainProxy.lambda$doFilterInternal$3(FilterChainProxy.java:231) ~[spring-security-web-6.2.0.jar:6.2.0]
	at org.springframework.security.web.FilterChainProxy$VirtualFilterChain.doFilter(FilterChainProxy.java:365) ~[spring-security-web-6.2.0.jar:6.2.0]
	at org.springframework.security.web.access.intercept.AuthorizationFilter.doFilter(AuthorizationFilter.java:100) ~[spring-security-web-6.2.0.jar:6.2.0]
	at org.springframework.security.web.FilterChainProxy$VirtualFilterChain.doFilter(FilterChainProxy.java:374) ~[spring-security-web-6.2.0.jar:6.2.0]
	at org.springframework.security.web.access.ExceptionTranslationFilter.doFilter(ExceptionTranslationFilter.java:126) ~[spring-security-web-6.2.0.jar:6.2.0]
	at org.springframework.security.web.access.ExceptionTranslationFilter.doFilter(ExceptionTranslationFilter.java:120) ~[spring-security-web-6.2.0.jar:6.2.0]
	at org.springframework.security.web.FilterChainProxy$VirtualFilterChain.doFilter(FilterChainProxy.java:374) ~[spring-security-web-6.2.0.jar:6.2.0]
	at org.springframework.security.web.session.SessionManagementFilter.doFilter(SessionManagementFilter.java:131) ~[spring-security-web-6.2.0.jar:6.2.0]
	at org.springframework.security.web.session.SessionManagementFilter.doFilter(SessionManagementFilter.java:85) ~[spring-security-web-6.2.0.jar:6.2.0]
	at org.springframework.security.web.FilterChainProxy$VirtualFilterChain.doFilter(FilterChainProxy.java:374) ~[spring-security-web-6.2.0.jar:6.2.0]
	at org.springframework.security.web.authentication.AnonymousAuthenticationFilter.doFilter(AnonymousAuthenticationFilter.java:100) ~[spring-security-web-6.2.0.jar:6.2.0]
	at org.springframework.security.web.FilterChainProxy$VirtualFilterChain.doFilter(FilterChainProxy.java:374) ~[spring-security-web-6.2.0.jar:6.2.0]
	at org.springframework.security.web.servletapi.SecurityContextHolderAwareRequestFilter.doFilter(SecurityContextHolderAwareRequestFilter.java:179) ~[spring-security-web-6.2.0.jar:6.2.0]
	at org.springframework.security.web.FilterChainProxy$VirtualFilterChain.doFilter(FilterChainProxy.java:374) ~[spring-security-web-6.2.0.jar:6.2.0]
	at org.springframework.security.web.savedrequest.RequestCacheAwareFilter.doFilter(RequestCacheAwareFilter.java:63) ~[spring-security-web-6.2.0.jar:6.2.0]
	at org.springframework.security.web.FilterChainProxy$VirtualFilterChain.doFilter(FilterChainProxy.java:374) ~[spring-security-web-6.2.0.jar:6.2.0]
	at org.springframework.security.web.authentication.AbstractAuthenticationProcessingFilter.doFilter(AbstractAuthenticationProcessingFilter.java:227) ~[spring-security-web-6.2.0.jar:6.2.0]
	at org.springframework.security.web.authentication.AbstractAuthenticationProcessingFilter.doFilter(AbstractAuthenticationProcessingFilter.java:221) ~[spring-security-web-6.2.0.jar:6.2.0]
	at org.springframework.security.web.FilterChainProxy$VirtualFilterChain.doFilter(FilterChainProxy.java:374) ~[spring-security-web-6.2.0.jar:6.2.0]
	at com.example.cco.security.JwtAuthorizationFilter.doFilterInternal(JwtAuthorizationFilter.java:48) ~[main/:na]
	at org.springframework.web.filter.OncePerRequestFilter.doFilter(OncePerRequestFilter.java:116) ~[spring-web-6.1.1.jar:6.1.1]
	at org.springframework.security.web.FilterChainProxy$VirtualFilterChain.doFilter(FilterChainProxy.java:374) ~[spring-security-web-6.2.0.jar:6.2.0]
	at org.springframework.security.web.authentication.logout.LogoutFilter.doFilter(LogoutFilter.java:107) ~[spring-security-web-6.2.0.jar:6.2.0]
	at org.springframework.security.web.authentication.logout.LogoutFilter.doFilter(LogoutFilter.java:93) ~[spring-security-web-6.2.0.jar:6.2.0]
	at org.springframework.security.web.FilterChainProxy$VirtualFilterChain.doFilter(FilterChainProxy.java:374) ~[spring-security-web-6.2.0.jar:6.2.0]
	at org.springframework.web.filter.CorsFilter.doFilterInternal(CorsFilter.java:91) ~[spring-web-6.1.1.jar:6.1.1]
	at org.springframework.web.filter.OncePerRequestFilter.doFilter(OncePerRequestFilter.java:116) ~[spring-web-6.1.1.jar:6.1.1]
	at org.springframework.security.web.FilterChainProxy$VirtualFilterChain.doFilter(FilterChainProxy.java:374) ~[spring-security-web-6.2.0.jar:6.2.0]
	at org.springframework.security.web.header.HeaderWriterFilter.doHeadersAfter(HeaderWriterFilter.java:90) ~[spring-security-web-6.2.0.jar:6.2.0]
	at org.springframework.security.web.header.HeaderWriterFilter.doFilterInternal(HeaderWriterFilter.java:75) ~[spring-security-web-6.2.0.jar:6.2.0]
	at org.springframework.web.filter.OncePerRequestFilter.doFilter(OncePerRequestFilter.java:116) ~[spring-web-6.1.1.jar:6.1.1]
	at org.springframework.security.web.FilterChainProxy$VirtualFilterChain.doFilter(FilterChainProxy.java:374) ~[spring-security-web-6.2.0.jar:6.2.0]
	at org.springframework.security.web.context.SecurityContextHolderFilter.doFilter(SecurityContextHolderFilter.java:82) ~[spring-security-web-6.2.0.jar:6.2.0]
	at org.springframework.security.web.context.SecurityContextHolderFilter.doFilter(SecurityContextHolderFilter.java:69) ~[spring-security-web-6.2.0.jar:6.2.0]
	at org.springframework.security.web.FilterChainProxy$VirtualFilterChain.doFilter(FilterChainProxy.java:374) ~[spring-security-web-6.2.0.jar:6.2.0]
	at org.springframework.security.web.context.request.async.WebAsyncManagerIntegrationFilter.doFilterInternal(WebAsyncManagerIntegrationFilter.java:62) ~[spring-security-web-6.2.0.jar:6.2.0]
	at org.springframework.web.filter.OncePerRequestFilter.doFilter(OncePerRequestFilter.java:116) ~[spring-web-6.1.1.jar:6.1.1]
	at org.springframework.security.web.FilterChainProxy$VirtualFilterChain.doFilter(FilterChainProxy.java:374) ~[spring-security-web-6.2.0.jar:6.2.0]
	at org.springframework.security.web.session.DisableEncodeUrlFilter.doFilterInternal(DisableEncodeUrlFilter.java:42) ~[spring-security-web-6.2.0.jar:6.2.0]
	at org.springframework.web.filter.OncePerRequestFilter.doFilter(OncePerRequestFilter.java:116) ~[spring-web-6.1.1.jar:6.1.1]
	at org.springframework.security.web.FilterChainProxy$VirtualFilterChain.doFilter(FilterChainProxy.java:374) ~[spring-security-web-6.2.0.jar:6.2.0]
	at org.springframework.security.web.FilterChainProxy.doFilterInternal(FilterChainProxy.java:233) ~[spring-security-web-6.2.0.jar:6.2.0]
	at org.springframework.security.web.FilterChainProxy.doFilter(FilterChainProxy.java:191) ~[spring-security-web-6.2.0.jar:6.2.0]
	at org.springframework.web.filter.DelegatingFilterProxy.invokeDelegate(DelegatingFilterProxy.java:352) ~[spring-web-6.1.1.jar:6.1.1]
	at org.springframework.web.filter.DelegatingFilterProxy.doFilter(DelegatingFilterProxy.java:268) ~[spring-web-6.1.1.jar:6.1.1]
	at org.apache.catalina.core.ApplicationFilterChain.internalDoFilter(ApplicationFilterChain.java:174) ~[tomcat-embed-core-10.1.16.jar:10.1.16]
	at org.apache.catalina.core.ApplicationFilterChain.doFilter(ApplicationFilterChain.java:149) ~[tomcat-embed-core-10.1.16.jar:10.1.16]
	at org.springframework.web.filter.RequestContextFilter.doFilterInternal(RequestContextFilter.java:100) ~[spring-web-6.1.1.jar:6.1.1]
	at org.springframework.web.filter.OncePerRequestFilter.doFilter(OncePerRequestFilter.java:116) ~[spring-web-6.1.1.jar:6.1.1]
	at org.apache.catalina.core.ApplicationFilterChain.internalDoFilter(ApplicationFilterChain.java:174) ~[tomcat-embed-core-10.1.16.jar:10.1.16]
	at org.apache.catalina.core.ApplicationFilterChain.doFilter(ApplicationFilterChain.java:149) ~[tomcat-embed-core-10.1.16.jar:10.1.16]
	at org.springframework.web.filter.FormContentFilter.doFilterInternal(FormContentFilter.java:93) ~[spring-web-6.1.1.jar:6.1.1]
	at org.springframework.web.filter.OncePerRequestFilter.doFilter(OncePerRequestFilter.java:116) ~[spring-web-6.1.1.jar:6.1.1]
	at org.apache.catalina.core.ApplicationFilterChain.internalDoFilter(ApplicationFilterChain.java:174) ~[tomcat-embed-core-10.1.16.jar:10.1.16]
	at org.apache.catalina.core.ApplicationFilterChain.doFilter(ApplicationFilterChain.java:149) ~[tomcat-embed-core-10.1.16.jar:10.1.16]
	at org.springframework.web.filter.CharacterEncodingFilter.doFilterInternal(CharacterEncodingFilter.java:201) ~[spring-web-6.1.1.jar:6.1.1]
	at org.springframework.web.filter.OncePerRequestFilter.doFilter(OncePerRequestFilter.java:116) ~[spring-web-6.1.1.jar:6.1.1]
	at org.apache.catalina.core.ApplicationFilterChain.internalDoFilter(ApplicationFilterChain.java:174) ~[tomcat-embed-core-10.1.16.jar:10.1.16]
	at org.apache.catalina.core.ApplicationFilterChain.doFilter(ApplicationFilterChain.java:149) ~[tomcat-embed-core-10.1.16.jar:10.1.16]
	at org.apache.catalina.core.StandardWrapperValve.invoke(StandardWrapperValve.java:167) ~[tomcat-embed-core-10.1.16.jar:10.1.16]
	at org.apache.catalina.core.StandardContextValve.invoke(StandardContextValve.java:90) ~[tomcat-embed-core-10.1.16.jar:10.1.16]
	at org.apache.catalina.authenticator.AuthenticatorBase.invoke(AuthenticatorBase.java:482) ~[tomcat-embed-core-10.1.16.jar:10.1.16]
	at org.apache.catalina.core.StandardHostValve.invoke(StandardHostValve.java:115) ~[tomcat-embed-core-10.1.16.jar:10.1.16]
	at org.apache.catalina.valves.ErrorReportValve.invoke(ErrorReportValve.java:93) ~[tomcat-embed-core-10.1.16.jar:10.1.16]
	at org.apache.catalina.core.StandardEngineValve.invoke(StandardEngineValve.java:74) ~[tomcat-embed-core-10.1.16.jar:10.1.16]
	at org.apache.catalina.connector.CoyoteAdapter.service(CoyoteAdapter.java:340) ~[tomcat-embed-core-10.1.16.jar:10.1.16]
	at org.apache.coyote.http11.Http11Processor.service(Http11Processor.java:391) ~[tomcat-embed-core-10.1.16.jar:10.1.16]
	at org.apache.coyote.AbstractProcessorLight.process(AbstractProcessorLight.java:63) ~[tomcat-embed-core-10.1.16.jar:10.1.16]
	at org.apache.coyote.AbstractProtocol$ConnectionHandler.process(AbstractProtocol.java:896) ~[tomcat-embed-core-10.1.16.jar:10.1.16]
	at org.apache.tomcat.util.net.NioEndpoint$SocketProcessor.doRun(NioEndpoint.java:1744) ~[tomcat-embed-core-10.1.16.jar:10.1.16]
	at org.apache.tomcat.util.net.SocketProcessorBase.run(SocketProcessorBase.java:52) ~[tomcat-embed-core-10.1.16.jar:10.1.16]
	at org.apache.tomcat.util.threads.ThreadPoolExecutor.runWorker(ThreadPoolExecutor.java:1191) ~[tomcat-embed-core-10.1.16.jar:10.1.16]
	at org.apache.tomcat.util.threads.ThreadPoolExecutor$Worker.run(ThreadPoolExecutor.java:659) ~[tomcat-embed-core-10.1.16.jar:10.1.16]
	at org.apache.tomcat.util.threads.TaskThread$WrappingRunnable.run(TaskThread.java:61) ~[tomcat-embed-core-10.1.16.jar:10.1.16]
	at java.base/java.lang.Thread.run(Thread.java:840) ~[na:na]
Caused by: org.postgresql.util.PSQLException: ERROR: column vte1_0.settle_amount does not exist
  Position: 3893
	at org.postgresql.core.v3.QueryExecutorImpl.receiveErrorResponse(QueryExecutorImpl.java:2713) ~[postgresql-42.6.0.jar:42.6.0]
	at org.postgresql.core.v3.QueryExecutorImpl.processResults(QueryExecutorImpl.java:2401) ~[postgresql-42.6.0.jar:42.6.0]
	at org.postgresql.core.v3.QueryExecutorImpl.execute(QueryExecutorImpl.java:368) ~[postgresql-42.6.0.jar:42.6.0]
	at org.postgresql.jdbc.PgStatement.executeInternal(PgStatement.java:498) ~[postgresql-42.6.0.jar:42.6.0]
	at org.postgresql.jdbc.PgStatement.execute(PgStatement.java:415) ~[postgresql-42.6.0.jar:42.6.0]
	at org.postgresql.jdbc.PgPreparedStatement.executeWithFlags(PgPreparedStatement.java:190) ~[postgresql-42.6.0.jar:42.6.0]
	at org.postgresql.jdbc.PgPreparedStatement.executeQuery(PgPreparedStatement.java:134) ~[postgresql-42.6.0.jar:42.6.0]
	at com.zaxxer.hikari.pool.ProxyPreparedStatement.executeQuery(ProxyPreparedStatement.java:52) ~[HikariCP-5.0.1.jar:na]
	at com.zaxxer.hikari.pool.HikariProxyPreparedStatement.executeQuery(HikariProxyPreparedStatement.java) ~[HikariCP-5.0.1.jar:na]
	at org.hibernate.sql.results.jdbc.internal.DeferredResultSetAccess.executeQuery(DeferredResultSetAccess.java:240) ~[hibernate-core-6.3.1.Final.jar:6.3.1.Final]
	... 191 common frames omitted

2025-04-30T08:40:36.654+09:00 ERROR 16156 --- [http-nio-4080-exec-3] c.example.cco.exception.ExceptionAdvice  : org.springframework.dao.InvalidDataAccessResourceUsageException: JDBC exception executing SQL [select vte1_0.pkey,vte1_0.a1card,vte1_0.a1card_note,vte1_0.a1cash,vte1_0.a1cash_note,vte1_0.a1extra1,vte1_0.a1extra1name,vte1_0.a1extra1note,vte1_0.a1extra2,vte1_0.a1extra2name,vte1_0.a1extra2note,vte1_0.a1extra3,vte1_0.a1extra3name,vte1_0.a1extra3note,vte1_0.a1extra4,vte1_0.a1extra4name,vte1_0.a1extra4note,vte1_0.a1extra5,vte1_0.a1extra5name,vte1_0.a1extra5note,vte1_0.a1tax,vte1_0.a1tax_note,vte1_0.active_yn,vte1_0.a_total,vte1_0.b1electricity,vte1_0.b1electricity_note,vte1_0.b1etc_expense,vte1_0.b1etc_expense_note,vte1_0.b1extra1,vte1_0.b1extra1name,vte1_0.b1extra1note,vte1_0.b1extra2,vte1_0.b1extra2name,vte1_0.b1extra2note,vte1_0.b1extra3,vte1_0.b1extra3name,vte1_0.b1extra3note,vte1_0.b1extra4,vte1_0.b1extra4name,vte1_0.b1extra4note,vte1_0.b1extra5,vte1_0.b1extra5name,vte1_0.b1extra5note,vte1_0.b1gas,vte1_0.b1gas_note,vte1_0.b1internet,vte1_0.b1internet_note,vte1_0.b1maint,vte1_0.b1maint_note,vte1_0.b1rent,vte1_0.b1rent_note,vte1_0.b2charge,vte1_0.b2charge_note,vte1_0.b3etc,vte1_0.b3etc_note,vte1_0.b3extra1,vte1_0.b3extra1name,vte1_0.b3extra1note,vte1_0.b3extra2,vte1_0.b3extra2name,vte1_0.b3extra2note,vte1_0.b3extra3,vte1_0.b3extra3name,vte1_0.b3extra3note,vte1_0.b3extra4,vte1_0.b3extra4name,vte1_0.b3extra4note,vte1_0.b3extra5,vte1_0.b3extra5name,vte1_0.b3extra5note,vte1_0.b3material,vte1_0.b3material_note,vte1_0.b4donation,vte1_0.b4donation_note,vte1_0.b4extra1,vte1_0.b4extra1name,vte1_0.b4extra1note,vte1_0.b4extra2,vte1_0.b4extra2name,vte1_0.b4extra2note,vte1_0.b4extra3,vte1_0.b4extra3name,vte1_0.b4extra3note,vte1_0.b4extra4,vte1_0.b4extra4name,vte1_0.b4extra4note,vte1_0.b4extra5,vte1_0.b4extra5name,vte1_0.b4extra5note,vte1_0.b4init_product,vte1_0.b4init_product_note,vte1_0.bank,vte1_0.bank_account,vte1_0.bank_account_number,vte1_0.brand_cd,vte1_0.brand_name,vte1_0.b_total,vte1_0.c1card_fee,vte1_0.c1card_fee_note,vte1_0.c1electricity,vte1_0.c1electricity_note,vte1_0.c1etc_expense,vte1_0.c1etc_expense_note,vte1_0.c1extra1,vte1_0.c1extra1name,vte1_0.c1extra1note,vte1_0.c1extra2,vte1_0.c1extra2name,vte1_0.c1extra2note,vte1_0.c1extra3,vte1_0.c1extra3name,vte1_0.c1extra3note,vte1_0.c1extra4,vte1_0.c1extra4name,vte1_0.c1extra4note,vte1_0.c1extra5,vte1_0.c1extra5name,vte1_0.c1extra5note,vte1_0.c1gas,vte1_0.c1gas_note,vte1_0.c1insurance,vte1_0.c1insurance_note,vte1_0.c1rent,vte1_0.c1rent_note,vte1_0.c1water,vte1_0.c1water_note,vte1_0.c2extra1,vte1_0.c2extra1name,vte1_0.c2extra1note,vte1_0.c2extra2,vte1_0.c2extra2name,vte1_0.c2extra2note,vte1_0.c2extra3,vte1_0.c2extra3name,vte1_0.c2extra3note,vte1_0.c2extra4,vte1_0.c2extra4name,vte1_0.c2extra4note,vte1_0.c2extra5,vte1_0.c2extra5name,vte1_0.c2extra5note,vte1_0.c2interest_cost,vte1_0.c2interest_cost_note,vte1_0.closed_yn,vte1_0.d1carryover,vte1_0.d1carryover_note,vte1_0.d1extra1,vte1_0.d1extra1name,vte1_0.d1extra1note,vte1_0.d1extra2,vte1_0.d1extra2name,vte1_0.d1extra2note,vte1_0.d1extra3,vte1_0.d1extra3name,vte1_0.d1extra3note,vte1_0.d1extra4,vte1_0.d1extra4name,vte1_0.d1extra4note,vte1_0.d1extra5,vte1_0.d1extra5name,vte1_0.d1extra5note,vte1_0.d1material,vte1_0.d1material_note,vte1_0.d1store_maint,vte1_0.d1store_maint_note,vte1_0.d2cash,vte1_0.d2cash_note,vte1_0.d2extra1,vte1_0.d2extra1name,vte1_0.d2extra1note,vte1_0.d2extra2,vte1_0.d2extra2name,vte1_0.d2extra2note,vte1_0.d2extra3,vte1_0.d2extra3name,vte1_0.d2extra3note,vte1_0.d2extra4,vte1_0.d2extra4name,vte1_0.d2extra4note,vte1_0.d2extra5,vte1_0.d2extra5name,vte1_0.d2extra5note,vte1_0.d3extra1,vte1_0.d3extra1name,vte1_0.d3extra1note,vte1_0.d3extra2,vte1_0.d3extra2name,vte1_0.d3extra2note,vte1_0.d3extra3,vte1_0.d3extra3name,vte1_0.d3extra3note,vte1_0.d3extra4,vte1_0.d3extra4name,vte1_0.d3extra4note,vte1_0.d3extra5,vte1_0.d3extra5name,vte1_0.d3extra5note,vte1_0.d3init_product,vte1_0.d3init_product_note,vte1_0.d3rent,vte1_0.d3rent_note,vte1_0.deposit_amount,vte1_0.insert_timestamp,vte1_0.owner,vte1_0.phone,vte1_0.sales_profit,vte1_0.settle_amount,vte1_0.settlement_amount,vte1_0.settlement_cd,vte1_0.settlement_title,vte1_0.settlement_ymd,vte1_0.src_a1card,vte1_0.src_a1cash,vte1_0.src_b1electricity,vte1_0.src_b3material,vte1_0.src_c1card_fee,vte1_0.src_d1material,vte1_0.store_code,vte1_0.store_name,vte1_0.update_timestamp from cnco.vsettlement_total vte1_0 where vte1_0.pkey=?] [ERROR: column vte1_0.settle_amount does not exist
  Position: 3893] [n/a]; SQL [n/a]
	at org.springframework.orm.jpa.vendor.HibernateJpaDialect.convertHibernateAccessException(HibernateJpaDialect.java:277)
	at org.springframework.orm.jpa.vendor.HibernateJpaDialect.translateExceptionIfPossible(HibernateJpaDialect.java:241)
	at org.springframework.orm.jpa.AbstractEntityManagerFactoryBean.translateExceptionIfPossible(AbstractEntityManagerFactoryBean.java:550)
	at org.springframework.dao.support.ChainedPersistenceExceptionTranslator.translateExceptionIfPossible(ChainedPersistenceExceptionTranslator.java:61)
	at org.springframework.dao.support.DataAccessUtils.translateIfNecessary(DataAccessUtils.java:335)
	at org.springframework.dao.support.PersistenceExceptionTranslationInterceptor.invoke(PersistenceExceptionTranslationInterceptor.java:152)
	at org.springframework.aop.framework.ReflectiveMethodInvocation.proceed(ReflectiveMethodInvocation.java:184)
	at org.springframework.data.jpa.repository.support.CrudMethodMetadataPostProcessor$CrudMethodMetadataPopulatingMethodInterceptor.invoke(CrudMethodMetadataPostProcessor.java:164)
	at org.springframework.aop.framework.ReflectiveMethodInvocation.proceed(ReflectiveMethodInvocation.java:184)
	at org.springframework.aop.interceptor.ExposeInvocationInterceptor.invoke(ExposeInvocationInterceptor.java:97)
	at org.springframework.aop.framework.ReflectiveMethodInvocation.proceed(ReflectiveMethodInvocation.java:184)
	at org.springframework.aop.framework.JdkDynamicAopProxy.invoke(JdkDynamicAopProxy.java:249)
	at jdk.proxy2/jdk.proxy2.$Proxy146.findById(Unknown Source)
	at com.example.cco.settlement.SettlementServiceImpl.getSettlementDetail(SettlementServiceImpl.java:564)
	at java.base/jdk.internal.reflect.NativeMethodAccessorImpl.invoke0(Native Method)
	at java.base/jdk.internal.reflect.NativeMethodAccessorImpl.invoke(NativeMethodAccessorImpl.java:77)
	at java.base/jdk.internal.reflect.DelegatingMethodAccessorImpl.invoke(DelegatingMethodAccessorImpl.java:43)
	at java.base/java.lang.reflect.Method.invoke(Method.java:569)
	at org.springframework.aop.support.AopUtils.invokeJoinpointUsingReflection(AopUtils.java:352)
	at org.springframework.aop.framework.ReflectiveMethodInvocation.invokeJoinpoint(ReflectiveMethodInvocation.java:196)
	at org.springframework.aop.framework.ReflectiveMethodInvocation.proceed(ReflectiveMethodInvocation.java:163)
	at org.springframework.aop.framework.CglibAopProxy$CglibMethodInvocation.proceed(CglibAopProxy.java:765)
	at org.springframework.transaction.interceptor.TransactionInterceptor$1.proceedWithInvocation(TransactionInterceptor.java:123)
	at org.springframework.transaction.interceptor.TransactionAspectSupport.invokeWithinTransaction(TransactionAspectSupport.java:385)
	at org.springframework.transaction.interceptor.TransactionInterceptor.invoke(TransactionInterceptor.java:119)
	at org.springframework.aop.framework.ReflectiveMethodInvocation.proceed(ReflectiveMethodInvocation.java:184)
	at org.springframework.aop.framework.CglibAopProxy$CglibMethodInvocation.proceed(CglibAopProxy.java:765)
	at org.springframework.aop.framework.CglibAopProxy$DynamicAdvisedInterceptor.intercept(CglibAopProxy.java:717)
	at com.example.cco.settlement.SettlementServiceImpl$$SpringCGLIB$$0.getSettlementDetail(<generated>)
	at com.example.cco.settlement.SettlementController.getSettlementDetail(SettlementController.java:79)
	at java.base/jdk.internal.reflect.NativeMethodAccessorImpl.invoke0(Native Method)
	at java.base/jdk.internal.reflect.NativeMethodAccessorImpl.invoke(NativeMethodAccessorImpl.java:77)
	at java.base/jdk.internal.reflect.DelegatingMethodAccessorImpl.invoke(DelegatingMethodAccessorImpl.java:43)
	at java.base/java.lang.reflect.Method.invoke(Method.java:569)
	at org.springframework.web.method.support.InvocableHandlerMethod.doInvoke(InvocableHandlerMethod.java:254)
	at org.springframework.web.method.support.InvocableHandlerMethod.invokeForRequest(InvocableHandlerMethod.java:182)
	at org.springframework.web.servlet.mvc.method.annotation.ServletInvocableHandlerMethod.invokeAndHandle(ServletInvocableHandlerMethod.java:118)
	at org.springframework.web.servlet.mvc.method.annotation.RequestMappingHandlerAdapter.invokeHandlerMethod(RequestMappingHandlerAdapter.java:917)
	at org.springframework.web.servlet.mvc.method.annotation.RequestMappingHandlerAdapter.handleInternal(RequestMappingHandlerAdapter.java:829)
	at org.springframework.web.servlet.mvc.method.AbstractHandlerMethodAdapter.handle(AbstractHandlerMethodAdapter.java:87)
	at org.springframework.web.servlet.DispatcherServlet.doDispatch(DispatcherServlet.java:1089)
	at org.springframework.web.servlet.DispatcherServlet.doService(DispatcherServlet.java:979)
	at org.springframework.web.servlet.FrameworkServlet.processRequest(FrameworkServlet.java:1014)
	at org.springframework.web.servlet.FrameworkServlet.doGet(FrameworkServlet.java:903)
	at jakarta.servlet.http.HttpServlet.service(HttpServlet.java:564)
	at org.springframework.web.servlet.FrameworkServlet.service(FrameworkServlet.java:885)
	at jakarta.servlet.http.HttpServlet.service(HttpServlet.java:658)
	at org.apache.catalina.core.ApplicationFilterChain.internalDoFilter(ApplicationFilterChain.java:205)
	at org.apache.catalina.core.ApplicationFilterChain.doFilter(ApplicationFilterChain.java:149)
	at org.apache.tomcat.websocket.server.WsFilter.doFilter(WsFilter.java:51)
	at org.apache.catalina.core.ApplicationFilterChain.internalDoFilter(ApplicationFilterChain.java:174)
	at org.apache.catalina.core.ApplicationFilterChain.doFilter(ApplicationFilterChain.java:149)
	at org.springframework.security.web.FilterChainProxy.lambda$doFilterInternal$3(FilterChainProxy.java:231)
	at org.springframework.security.web.FilterChainProxy$VirtualFilterChain.doFilter(FilterChainProxy.java:365)
	at org.springframework.security.web.access.intercept.AuthorizationFilter.doFilter(AuthorizationFilter.java:100)
	at org.springframework.security.web.FilterChainProxy$VirtualFilterChain.doFilter(FilterChainProxy.java:374)
	at org.springframework.security.web.access.ExceptionTranslationFilter.doFilter(ExceptionTranslationFilter.java:126)
	at org.springframework.security.web.access.ExceptionTranslationFilter.doFilter(ExceptionTranslationFilter.java:120)
	at org.springframework.security.web.FilterChainProxy$VirtualFilterChain.doFilter(FilterChainProxy.java:374)
	at org.springframework.security.web.session.SessionManagementFilter.doFilter(SessionManagementFilter.java:131)
	at org.springframework.security.web.session.SessionManagementFilter.doFilter(SessionManagementFilter.java:85)
	at org.springframework.security.web.FilterChainProxy$VirtualFilterChain.doFilter(FilterChainProxy.java:374)
	at org.springframework.security.web.authentication.AnonymousAuthenticationFilter.doFilter(AnonymousAuthenticationFilter.java:100)
	at org.springframework.security.web.FilterChainProxy$VirtualFilterChain.doFilter(FilterChainProxy.java:374)
	at org.springframework.security.web.servletapi.SecurityContextHolderAwareRequestFilter.doFilter(SecurityContextHolderAwareRequestFilter.java:179)
	at org.springframework.security.web.FilterChainProxy$VirtualFilterChain.doFilter(FilterChainProxy.java:374)
	at org.springframework.security.web.savedrequest.RequestCacheAwareFilter.doFilter(RequestCacheAwareFilter.java:63)
	at org.springframework.security.web.FilterChainProxy$VirtualFilterChain.doFilter(FilterChainProxy.java:374)
	at org.springframework.security.web.authentication.AbstractAuthenticationProcessingFilter.doFilter(AbstractAuthenticationProcessingFilter.java:227)
	at org.springframework.security.web.authentication.AbstractAuthenticationProcessingFilter.doFilter(AbstractAuthenticationProcessingFilter.java:221)
	at org.springframework.security.web.FilterChainProxy$VirtualFilterChain.doFilter(FilterChainProxy.java:374)
	at com.example.cco.security.JwtAuthorizationFilter.doFilterInternal(JwtAuthorizationFilter.java:48)
	at org.springframework.web.filter.OncePerRequestFilter.doFilter(OncePerRequestFilter.java:116)
	at org.springframework.security.web.FilterChainProxy$VirtualFilterChain.doFilter(FilterChainProxy.java:374)
	at org.springframework.security.web.authentication.logout.LogoutFilter.doFilter(LogoutFilter.java:107)
	at org.springframework.security.web.authentication.logout.LogoutFilter.doFilter(LogoutFilter.java:93)
	at org.springframework.security.web.FilterChainProxy$VirtualFilterChain.doFilter(FilterChainProxy.java:374)
	at org.springframework.web.filter.CorsFilter.doFilterInternal(CorsFilter.java:91)
	at org.springframework.web.filter.OncePerRequestFilter.doFilter(OncePerRequestFilter.java:116)
	at org.springframework.security.web.FilterChainProxy$VirtualFilterChain.doFilter(FilterChainProxy.java:374)
	at org.springframework.security.web.header.HeaderWriterFilter.doHeadersAfter(HeaderWriterFilter.java:90)
	at org.springframework.security.web.header.HeaderWriterFilter.doFilterInternal(HeaderWriterFilter.java:75)
	at org.springframework.web.filter.OncePerRequestFilter.doFilter(OncePerRequestFilter.java:116)
	at org.springframework.security.web.FilterChainProxy$VirtualFilterChain.doFilter(FilterChainProxy.java:374)
	at org.springframework.security.web.context.SecurityContextHolderFilter.doFilter(SecurityContextHolderFilter.java:82)
	at org.springframework.security.web.context.SecurityContextHolderFilter.doFilter(SecurityContextHolderFilter.java:69)
	at org.springframework.security.web.FilterChainProxy$VirtualFilterChain.doFilter(FilterChainProxy.java:374)
	at org.springframework.security.web.context.request.async.WebAsyncManagerIntegrationFilter.doFilterInternal(WebAsyncManagerIntegrationFilter.java:62)
	at org.springframework.web.filter.OncePerRequestFilter.doFilter(OncePerRequestFilter.java:116)
	at org.springframework.security.web.FilterChainProxy$VirtualFilterChain.doFilter(FilterChainProxy.java:374)
	at org.springframework.security.web.session.DisableEncodeUrlFilter.doFilterInternal(DisableEncodeUrlFilter.java:42)
	at org.springframework.web.filter.OncePerRequestFilter.doFilter(OncePerRequestFilter.java:116)
	at org.springframework.security.web.FilterChainProxy$VirtualFilterChain.doFilter(FilterChainProxy.java:374)
	at org.springframework.security.web.FilterChainProxy.doFilterInternal(FilterChainProxy.java:233)
	at org.springframework.security.web.FilterChainProxy.doFilter(FilterChainProxy.java:191)
	at org.springframework.web.filter.DelegatingFilterProxy.invokeDelegate(DelegatingFilterProxy.java:352)
	at org.springframework.web.filter.DelegatingFilterProxy.doFilter(DelegatingFilterProxy.java:268)
	at org.apache.catalina.core.ApplicationFilterChain.internalDoFilter(ApplicationFilterChain.java:174)
	at org.apache.catalina.core.ApplicationFilterChain.doFilter(ApplicationFilterChain.java:149)
	at org.springframework.web.filter.RequestContextFilter.doFilterInternal(RequestContextFilter.java:100)
	at org.springframework.web.filter.OncePerRequestFilter.doFilter(OncePerRequestFilter.java:116)
	at org.apache.catalina.core.ApplicationFilterChain.internalDoFilter(ApplicationFilterChain.java:174)
	at org.apache.catalina.core.ApplicationFilterChain.doFilter(ApplicationFilterChain.java:149)
	at org.springframework.web.filter.FormContentFilter.doFilterInternal(FormContentFilter.java:93)
	at org.springframework.web.filter.OncePerRequestFilter.doFilter(OncePerRequestFilter.java:116)
	at org.apache.catalina.core.ApplicationFilterChain.internalDoFilter(ApplicationFilterChain.java:174)
	at org.apache.catalina.core.ApplicationFilterChain.doFilter(ApplicationFilterChain.java:149)
	at org.springframework.web.filter.CharacterEncodingFilter.doFilterInternal(CharacterEncodingFilter.java:201)
	at org.springframework.web.filter.OncePerRequestFilter.doFilter(OncePerRequestFilter.java:116)
	at org.apache.catalina.core.ApplicationFilterChain.internalDoFilter(ApplicationFilterChain.java:174)
	at org.apache.catalina.core.ApplicationFilterChain.doFilter(ApplicationFilterChain.java:149)
	at org.apache.catalina.core.StandardWrapperValve.invoke(StandardWrapperValve.java:167)
	at org.apache.catalina.core.StandardContextValve.invoke(StandardContextValve.java:90)
	at org.apache.catalina.authenticator.AuthenticatorBase.invoke(AuthenticatorBase.java:482)
	at org.apache.catalina.core.StandardHostValve.invoke(StandardHostValve.java:115)
	at org.apache.catalina.valves.ErrorReportValve.invoke(ErrorReportValve.java:93)
	at org.apache.catalina.core.StandardEngineValve.invoke(StandardEngineValve.java:74)
	at org.apache.catalina.connector.CoyoteAdapter.service(CoyoteAdapter.java:340)
	at org.apache.coyote.http11.Http11Processor.service(Http11Processor.java:391)
	at org.apache.coyote.AbstractProcessorLight.process(AbstractProcessorLight.java:63)
	at org.apache.coyote.AbstractProtocol$ConnectionHandler.process(AbstractProtocol.java:896)
	at org.apache.tomcat.util.net.NioEndpoint$SocketProcessor.doRun(NioEndpoint.java:1744)
	at org.apache.tomcat.util.net.SocketProcessorBase.run(SocketProcessorBase.java:52)
	at org.apache.tomcat.util.threads.ThreadPoolExecutor.runWorker(ThreadPoolExecutor.java:1191)
	at org.apache.tomcat.util.threads.ThreadPoolExecutor$Worker.run(ThreadPoolExecutor.java:659)
	at org.apache.tomcat.util.threads.TaskThread$WrappingRunnable.run(TaskThread.java:61)
	at java.base/java.lang.Thread.run(Thread.java:840)
Caused by: org.hibernate.exception.SQLGrammarException: JDBC exception executing SQL [select vte1_0.pkey,vte1_0.a1card,vte1_0.a1card_note,vte1_0.a1cash,vte1_0.a1cash_note,vte1_0.a1extra1,vte1_0.a1extra1name,vte1_0.a1extra1note,vte1_0.a1extra2,vte1_0.a1extra2name,vte1_0.a1extra2note,vte1_0.a1extra3,vte1_0.a1extra3name,vte1_0.a1extra3note,vte1_0.a1extra4,vte1_0.a1extra4name,vte1_0.a1extra4note,vte1_0.a1extra5,vte1_0.a1extra5name,vte1_0.a1extra5note,vte1_0.a1tax,vte1_0.a1tax_note,vte1_0.active_yn,vte1_0.a_total,vte1_0.b1electricity,vte1_0.b1electricity_note,vte1_0.b1etc_expense,vte1_0.b1etc_expense_note,vte1_0.b1extra1,vte1_0.b1extra1name,vte1_0.b1extra1note,vte1_0.b1extra2,vte1_0.b1extra2name,vte1_0.b1extra2note,vte1_0.b1extra3,vte1_0.b1extra3name,vte1_0.b1extra3note,vte1_0.b1extra4,vte1_0.b1extra4name,vte1_0.b1extra4note,vte1_0.b1extra5,vte1_0.b1extra5name,vte1_0.b1extra5note,vte1_0.b1gas,vte1_0.b1gas_note,vte1_0.b1internet,vte1_0.b1internet_note,vte1_0.b1maint,vte1_0.b1maint_note,vte1_0.b1rent,vte1_0.b1rent_note,vte1_0.b2charge,vte1_0.b2charge_note,vte1_0.b3etc,vte1_0.b3etc_note,vte1_0.b3extra1,vte1_0.b3extra1name,vte1_0.b3extra1note,vte1_0.b3extra2,vte1_0.b3extra2name,vte1_0.b3extra2note,vte1_0.b3extra3,vte1_0.b3extra3name,vte1_0.b3extra3note,vte1_0.b3extra4,vte1_0.b3extra4name,vte1_0.b3extra4note,vte1_0.b3extra5,vte1_0.b3extra5name,vte1_0.b3extra5note,vte1_0.b3material,vte1_0.b3material_note,vte1_0.b4donation,vte1_0.b4donation_note,vte1_0.b4extra1,vte1_0.b4extra1name,vte1_0.b4extra1note,vte1_0.b4extra2,vte1_0.b4extra2name,vte1_0.b4extra2note,vte1_0.b4extra3,vte1_0.b4extra3name,vte1_0.b4extra3note,vte1_0.b4extra4,vte1_0.b4extra4name,vte1_0.b4extra4note,vte1_0.b4extra5,vte1_0.b4extra5name,vte1_0.b4extra5note,vte1_0.b4init_product,vte1_0.b4init_product_note,vte1_0.bank,vte1_0.bank_account,vte1_0.bank_account_number,vte1_0.brand_cd,vte1_0.brand_name,vte1_0.b_total,vte1_0.c1card_fee,vte1_0.c1card_fee_note,vte1_0.c1electricity,vte1_0.c1electricity_note,vte1_0.c1etc_expense,vte1_0.c1etc_expense_note,vte1_0.c1extra1,vte1_0.c1extra1name,vte1_0.c1extra1note,vte1_0.c1extra2,vte1_0.c1extra2name,vte1_0.c1extra2note,vte1_0.c1extra3,vte1_0.c1extra3name,vte1_0.c1extra3note,vte1_0.c1extra4,vte1_0.c1extra4name,vte1_0.c1extra4note,vte1_0.c1extra5,vte1_0.c1extra5name,vte1_0.c1extra5note,vte1_0.c1gas,vte1_0.c1gas_note,vte1_0.c1insurance,vte1_0.c1insurance_note,vte1_0.c1rent,vte1_0.c1rent_note,vte1_0.c1water,vte1_0.c1water_note,vte1_0.c2extra1,vte1_0.c2extra1name,vte1_0.c2extra1note,vte1_0.c2extra2,vte1_0.c2extra2name,vte1_0.c2extra2note,vte1_0.c2extra3,vte1_0.c2extra3name,vte1_0.c2extra3note,vte1_0.c2extra4,vte1_0.c2extra4name,vte1_0.c2extra4note,vte1_0.c2extra5,vte1_0.c2extra5name,vte1_0.c2extra5note,vte1_0.c2interest_cost,vte1_0.c2interest_cost_note,vte1_0.closed_yn,vte1_0.d1carryover,vte1_0.d1carryover_note,vte1_0.d1extra1,vte1_0.d1extra1name,vte1_0.d1extra1note,vte1_0.d1extra2,vte1_0.d1extra2name,vte1_0.d1extra2note,vte1_0.d1extra3,vte1_0.d1extra3name,vte1_0.d1extra3note,vte1_0.d1extra4,vte1_0.d1extra4name,vte1_0.d1extra4note,vte1_0.d1extra5,vte1_0.d1extra5name,vte1_0.d1extra5note,vte1_0.d1material,vte1_0.d1material_note,vte1_0.d1store_maint,vte1_0.d1store_maint_note,vte1_0.d2cash,vte1_0.d2cash_note,vte1_0.d2extra1,vte1_0.d2extra1name,vte1_0.d2extra1note,vte1_0.d2extra2,vte1_0.d2extra2name,vte1_0.d2extra2note,vte1_0.d2extra3,vte1_0.d2extra3name,vte1_0.d2extra3note,vte1_0.d2extra4,vte1_0.d2extra4name,vte1_0.d2extra4note,vte1_0.d2extra5,vte1_0.d2extra5name,vte1_0.d2extra5note,vte1_0.d3extra1,vte1_0.d3extra1name,vte1_0.d3extra1note,vte1_0.d3extra2,vte1_0.d3extra2name,vte1_0.d3extra2note,vte1_0.d3extra3,vte1_0.d3extra3name,vte1_0.d3extra3note,vte1_0.d3extra4,vte1_0.d3extra4name,vte1_0.d3extra4note,vte1_0.d3extra5,vte1_0.d3extra5name,vte1_0.d3extra5note,vte1_0.d3init_product,vte1_0.d3init_product_note,vte1_0.d3rent,vte1_0.d3rent_note,vte1_0.deposit_amount,vte1_0.insert_timestamp,vte1_0.owner,vte1_0.phone,vte1_0.sales_profit,vte1_0.settle_amount,vte1_0.settlement_amount,vte1_0.settlement_cd,vte1_0.settlement_title,vte1_0.settlement_ymd,vte1_0.src_a1card,vte1_0.src_a1cash,vte1_0.src_b1electricity,vte1_0.src_b3material,vte1_0.src_c1card_fee,vte1_0.src_d1material,vte1_0.store_code,vte1_0.store_name,vte1_0.update_timestamp from cnco.vsettlement_total vte1_0 where vte1_0.pkey=?] [ERROR: column vte1_0.settle_amount does not exist
  Position: 3893] [n/a]
	at org.hibernate.exception.internal.SQLStateConversionDelegate.convert(SQLStateConversionDelegate.java:91)
	at org.hibernate.exception.internal.StandardSQLExceptionConverter.convert(StandardSQLExceptionConverter.java:58)
	at org.hibernate.engine.jdbc.spi.SqlExceptionHelper.convert(SqlExceptionHelper.java:108)
	at org.hibernate.engine.jdbc.spi.SqlExceptionHelper.convert(SqlExceptionHelper.java:94)
	at org.hibernate.sql.results.jdbc.internal.DeferredResultSetAccess.executeQuery(DeferredResultSetAccess.java:258)
	at org.hibernate.sql.results.jdbc.internal.DeferredResultSetAccess.getResultSet(DeferredResultSetAccess.java:164)
	at org.hibernate.sql.results.jdbc.internal.JdbcValuesResultSetImpl.advanceNext(JdbcValuesResultSetImpl.java:218)
	at org.hibernate.sql.results.jdbc.internal.JdbcValuesResultSetImpl.processNext(JdbcValuesResultSetImpl.java:98)
	at org.hibernate.sql.results.jdbc.internal.AbstractJdbcValues.next(AbstractJdbcValues.java:19)
	at org.hibernate.sql.results.internal.RowProcessingStateStandardImpl.next(RowProcessingStateStandardImpl.java:66)
	at org.hibernate.sql.results.spi.ListResultsConsumer.consume(ListResultsConsumer.java:186)
	at org.hibernate.sql.results.spi.ListResultsConsumer.consume(ListResultsConsumer.java:33)
	at org.hibernate.sql.exec.internal.JdbcSelectExecutorStandardImpl.doExecuteQuery(JdbcSelectExecutorStandardImpl.java:361)
	at org.hibernate.sql.exec.internal.JdbcSelectExecutorStandardImpl.executeQuery(JdbcSelectExecutorStandardImpl.java:168)
	at org.hibernate.sql.exec.internal.JdbcSelectExecutorStandardImpl.list(JdbcSelectExecutorStandardImpl.java:93)
	at org.hibernate.sql.exec.spi.JdbcSelectExecutor.list(JdbcSelectExecutor.java:31)
	at org.hibernate.loader.ast.internal.SingleIdLoadPlan.load(SingleIdLoadPlan.java:145)
	at org.hibernate.loader.ast.internal.SingleIdLoadPlan.load(SingleIdLoadPlan.java:117)
	at org.hibernate.loader.ast.internal.SingleIdEntityLoaderStandardImpl.load(SingleIdEntityLoaderStandardImpl.java:75)
	at org.hibernate.persister.entity.AbstractEntityPersister.doLoad(AbstractEntityPersister.java:3673)
	at org.hibernate.persister.entity.AbstractEntityPersister.load(AbstractEntityPersister.java:3662)
	at org.hibernate.event.internal.DefaultLoadEventListener.loadFromDatasource(DefaultLoadEventListener.java:591)
	at org.hibernate.event.internal.DefaultLoadEventListener.loadFromCacheOrDatasource(DefaultLoadEventListener.java:577)
	at org.hibernate.event.internal.DefaultLoadEventListener.load(DefaultLoadEventListener.java:547)
	at org.hibernate.event.internal.DefaultLoadEventListener.doLoad(DefaultLoadEventListener.java:531)
	at org.hibernate.event.internal.DefaultLoadEventListener.load(DefaultLoadEventListener.java:206)
	at org.hibernate.event.internal.DefaultLoadEventListener.loadWithRegularProxy(DefaultLoadEventListener.java:286)
	at org.hibernate.event.internal.DefaultLoadEventListener.proxyOrLoad(DefaultLoadEventListener.java:241)
	at org.hibernate.event.internal.DefaultLoadEventListener.doOnLoad(DefaultLoadEventListener.java:110)
	at org.hibernate.event.internal.DefaultLoadEventListener.onLoad(DefaultLoadEventListener.java:67)
	at org.hibernate.event.service.internal.EventListenerGroupImpl.fireEventOnEachListener(EventListenerGroupImpl.java:138)
	at org.hibernate.internal.SessionImpl.fireLoadNoChecks(SessionImpl.java:1234)
	at org.hibernate.internal.SessionImpl.fireLoad(SessionImpl.java:1222)
	at org.hibernate.loader.internal.IdentifierLoadAccessImpl.load(IdentifierLoadAccessImpl.java:209)
	at org.hibernate.loader.internal.IdentifierLoadAccessImpl.doLoad(IdentifierLoadAccessImpl.java:160)
	at org.hibernate.loader.internal.IdentifierLoadAccessImpl.lambda$load$1(IdentifierLoadAccessImpl.java:149)
	at org.hibernate.loader.internal.IdentifierLoadAccessImpl.perform(IdentifierLoadAccessImpl.java:112)
	at org.hibernate.loader.internal.IdentifierLoadAccessImpl.load(IdentifierLoadAccessImpl.java:149)
	at org.hibernate.internal.SessionImpl.find(SessionImpl.java:2430)
	at org.hibernate.internal.SessionImpl.find(SessionImpl.java:2401)
	at java.base/jdk.internal.reflect.NativeMethodAccessorImpl.invoke0(Native Method)
	at java.base/jdk.internal.reflect.NativeMethodAccessorImpl.invoke(NativeMethodAccessorImpl.java:77)
	at java.base/jdk.internal.reflect.DelegatingMethodAccessorImpl.invoke(DelegatingMethodAccessorImpl.java:43)
	at java.base/java.lang.reflect.Method.invoke(Method.java:569)
	at org.springframework.orm.jpa.ExtendedEntityManagerCreator$ExtendedEntityManagerInvocationHandler.invoke(ExtendedEntityManagerCreator.java:360)
	at jdk.proxy2/jdk.proxy2.$Proxy134.find(Unknown Source)
	at java.base/jdk.internal.reflect.NativeMethodAccessorImpl.invoke0(Native Method)
	at java.base/jdk.internal.reflect.NativeMethodAccessorImpl.invoke(NativeMethodAccessorImpl.java:77)
	at java.base/jdk.internal.reflect.DelegatingMethodAccessorImpl.invoke(DelegatingMethodAccessorImpl.java:43)
	at java.base/java.lang.reflect.Method.invoke(Method.java:569)
	at org.springframework.orm.jpa.SharedEntityManagerCreator$SharedEntityManagerInvocationHandler.invoke(SharedEntityManagerCreator.java:311)
	at jdk.proxy2/jdk.proxy2.$Proxy134.find(Unknown Source)
	at org.springframework.data.jpa.repository.support.SimpleJpaRepository.findById(SimpleJpaRepository.java:313)
	at java.base/jdk.internal.reflect.NativeMethodAccessorImpl.invoke0(Native Method)
	at java.base/jdk.internal.reflect.NativeMethodAccessorImpl.invoke(NativeMethodAccessorImpl.java:77)
	at java.base/jdk.internal.reflect.DelegatingMethodAccessorImpl.invoke(DelegatingMethodAccessorImpl.java:43)
	at java.base/java.lang.reflect.Method.invoke(Method.java:569)
	at org.springframework.aop.support.AopUtils.invokeJoinpointUsingReflection(AopUtils.java:352)
	at org.springframework.data.repository.core.support.RepositoryMethodInvoker$RepositoryFragmentMethodInvoker.lambda$new$0(RepositoryMethodInvoker.java:277)
	at org.springframework.data.repository.core.support.RepositoryMethodInvoker.doInvoke(RepositoryMethodInvoker.java:170)
	at org.springframework.data.repository.core.support.RepositoryMethodInvoker.invoke(RepositoryMethodInvoker.java:158)
	at org.springframework.data.repository.core.support.RepositoryComposition$RepositoryFragments.invoke(RepositoryComposition.java:516)
	at org.springframework.data.repository.core.support.RepositoryComposition.invoke(RepositoryComposition.java:285)
	at org.springframework.data.repository.core.support.RepositoryFactorySupport$ImplementationMethodExecutionInterceptor.invoke(RepositoryFactorySupport.java:628)
	at org.springframework.aop.framework.ReflectiveMethodInvocation.proceed(ReflectiveMethodInvocation.java:184)
	at org.springframework.data.repository.core.support.QueryExecutorMethodInterceptor.doInvoke(QueryExecutorMethodInterceptor.java:168)
	at org.springframework.data.repository.core.support.QueryExecutorMethodInterceptor.invoke(QueryExecutorMethodInterceptor.java:143)
	at org.springframework.aop.framework.ReflectiveMethodInvocation.proceed(ReflectiveMethodInvocation.java:184)
	at org.springframework.data.projection.DefaultMethodInvokingMethodInterceptor.invoke(DefaultMethodInvokingMethodInterceptor.java:70)
	at org.springframework.aop.framework.ReflectiveMethodInvocation.proceed(ReflectiveMethodInvocation.java:184)
	at org.springframework.transaction.interceptor.TransactionInterceptor$1.proceedWithInvocation(TransactionInterceptor.java:123)
	at org.springframework.transaction.interceptor.TransactionAspectSupport.invokeWithinTransaction(TransactionAspectSupport.java:385)
	at org.springframework.transaction.interceptor.TransactionInterceptor.invoke(TransactionInterceptor.java:119)
	at org.springframework.aop.framework.ReflectiveMethodInvocation.proceed(ReflectiveMethodInvocation.java:184)
	at org.springframework.dao.support.PersistenceExceptionTranslationInterceptor.invoke(PersistenceExceptionTranslationInterceptor.java:137)
	... 121 more
Caused by: org.postgresql.util.PSQLException: ERROR: column vte1_0.settle_amount does not exist
  Position: 3893
	at org.postgresql.core.v3.QueryExecutorImpl.receiveErrorResponse(QueryExecutorImpl.java:2713)
	at org.postgresql.core.v3.QueryExecutorImpl.processResults(QueryExecutorImpl.java:2401)
	at org.postgresql.core.v3.QueryExecutorImpl.execute(QueryExecutorImpl.java:368)
	at org.postgresql.jdbc.PgStatement.executeInternal(PgStatement.java:498)
	at org.postgresql.jdbc.PgStatement.execute(PgStatement.java:415)
	at org.postgresql.jdbc.PgPreparedStatement.executeWithFlags(PgPreparedStatement.java:190)
	at org.postgresql.jdbc.PgPreparedStatement.executeQuery(PgPreparedStatement.java:134)
	at com.zaxxer.hikari.pool.ProxyPreparedStatement.executeQuery(ProxyPreparedStatement.java:52)
	at com.zaxxer.hikari.pool.HikariProxyPreparedStatement.executeQuery(HikariProxyPreparedStatement.java)
	at org.hibernate.sql.results.jdbc.internal.DeferredResultSetAccess.executeQuery(DeferredResultSetAccess.java:240)
	... 191 more

2025-04-30T08:40:40.668+09:00  INFO 16156 --- [http-nio-4080-exec-5] c.e.cco.security.JwtAuthorizationFilter  : token =eyJhbGciOiJIUzUxMiJ9.eyJzdWIiOiJhZG1pbiIsInJvbGUiOiJBRE1JTiIsImlhdCI6MTc0NTk2OTIzNywiZXhwIjoxNzQ1OTk4MDM3fQ.wiA_QqMmtrXJb4uNDkhaCfIK3bC8lZxSd3ID7_G7j-8l50Fxom-SdwSZGTmZp6ugeUaqXdXNiH8-1-s7fcZFCw
2025-04-30T08:40:40.669+09:00  INFO 16156 --- [http-nio-4080-exec-5] c.example.cco.security.JwtTokenProvider  : Wed Apr 30 08:40:40 KST 2025
2025-04-30T08:40:40.670+09:00  INFO 16156 --- [http-nio-4080-exec-5] c.example.cco.security.JwtTokenProvider  : false
2025-04-30T08:40:40.681+09:00  WARN 16156 --- [http-nio-4080-exec-5] o.h.engine.jdbc.spi.SqlExceptionHelper   : SQL Error: 0, SQLState: 42703
2025-04-30T08:40:40.681+09:00 ERROR 16156 --- [http-nio-4080-exec-5] o.h.engine.jdbc.spi.SqlExceptionHelper   : ERROR: column vte1_0.settle_amount does not exist
  Position: 3893
2025-04-30T08:40:40.681+09:00  INFO 16156 --- [http-nio-4080-exec-5] o.h.e.internal.DefaultLoadEventListener  : HHH000327: Error performing load command

org.hibernate.exception.SQLGrammarException: JDBC exception executing SQL [select vte1_0.pkey,vte1_0.a1card,vte1_0.a1card_note,vte1_0.a1cash,vte1_0.a1cash_note,vte1_0.a1extra1,vte1_0.a1extra1name,vte1_0.a1extra1note,vte1_0.a1extra2,vte1_0.a1extra2name,vte1_0.a1extra2note,vte1_0.a1extra3,vte1_0.a1extra3name,vte1_0.a1extra3note,vte1_0.a1extra4,vte1_0.a1extra4name,vte1_0.a1extra4note,vte1_0.a1extra5,vte1_0.a1extra5name,vte1_0.a1extra5note,vte1_0.a1tax,vte1_0.a1tax_note,vte1_0.active_yn,vte1_0.a_total,vte1_0.b1electricity,vte1_0.b1electricity_note,vte1_0.b1etc_expense,vte1_0.b1etc_expense_note,vte1_0.b1extra1,vte1_0.b1extra1name,vte1_0.b1extra1note,vte1_0.b1extra2,vte1_0.b1extra2name,vte1_0.b1extra2note,vte1_0.b1extra3,vte1_0.b1extra3name,vte1_0.b1extra3note,vte1_0.b1extra4,vte1_0.b1extra4name,vte1_0.b1extra4note,vte1_0.b1extra5,vte1_0.b1extra5name,vte1_0.b1extra5note,vte1_0.b1gas,vte1_0.b1gas_note,vte1_0.b1internet,vte1_0.b1internet_note,vte1_0.b1maint,vte1_0.b1maint_note,vte1_0.b1rent,vte1_0.b1rent_note,vte1_0.b2charge,vte1_0.b2charge_note,vte1_0.b3etc,vte1_0.b3etc_note,vte1_0.b3extra1,vte1_0.b3extra1name,vte1_0.b3extra1note,vte1_0.b3extra2,vte1_0.b3extra2name,vte1_0.b3extra2note,vte1_0.b3extra3,vte1_0.b3extra3name,vte1_0.b3extra3note,vte1_0.b3extra4,vte1_0.b3extra4name,vte1_0.b3extra4note,vte1_0.b3extra5,vte1_0.b3extra5name,vte1_0.b3extra5note,vte1_0.b3material,vte1_0.b3material_note,vte1_0.b4donation,vte1_0.b4donation_note,vte1_0.b4extra1,vte1_0.b4extra1name,vte1_0.b4extra1note,vte1_0.b4extra2,vte1_0.b4extra2name,vte1_0.b4extra2note,vte1_0.b4extra3,vte1_0.b4extra3name,vte1_0.b4extra3note,vte1_0.b4extra4,vte1_0.b4extra4name,vte1_0.b4extra4note,vte1_0.b4extra5,vte1_0.b4extra5name,vte1_0.b4extra5note,vte1_0.b4init_product,vte1_0.b4init_product_note,vte1_0.bank,vte1_0.bank_account,vte1_0.bank_account_number,vte1_0.brand_cd,vte1_0.brand_name,vte1_0.b_total,vte1_0.c1card_fee,vte1_0.c1card_fee_note,vte1_0.c1electricity,vte1_0.c1electricity_note,vte1_0.c1etc_expense,vte1_0.c1etc_expense_note,vte1_0.c1extra1,vte1_0.c1extra1name,vte1_0.c1extra1note,vte1_0.c1extra2,vte1_0.c1extra2name,vte1_0.c1extra2note,vte1_0.c1extra3,vte1_0.c1extra3name,vte1_0.c1extra3note,vte1_0.c1extra4,vte1_0.c1extra4name,vte1_0.c1extra4note,vte1_0.c1extra5,vte1_0.c1extra5name,vte1_0.c1extra5note,vte1_0.c1gas,vte1_0.c1gas_note,vte1_0.c1insurance,vte1_0.c1insurance_note,vte1_0.c1rent,vte1_0.c1rent_note,vte1_0.c1water,vte1_0.c1water_note,vte1_0.c2extra1,vte1_0.c2extra1name,vte1_0.c2extra1note,vte1_0.c2extra2,vte1_0.c2extra2name,vte1_0.c2extra2note,vte1_0.c2extra3,vte1_0.c2extra3name,vte1_0.c2extra3note,vte1_0.c2extra4,vte1_0.c2extra4name,vte1_0.c2extra4note,vte1_0.c2extra5,vte1_0.c2extra5name,vte1_0.c2extra5note,vte1_0.c2interest_cost,vte1_0.c2interest_cost_note,vte1_0.closed_yn,vte1_0.d1carryover,vte1_0.d1carryover_note,vte1_0.d1extra1,vte1_0.d1extra1name,vte1_0.d1extra1note,vte1_0.d1extra2,vte1_0.d1extra2name,vte1_0.d1extra2note,vte1_0.d1extra3,vte1_0.d1extra3name,vte1_0.d1extra3note,vte1_0.d1extra4,vte1_0.d1extra4name,vte1_0.d1extra4note,vte1_0.d1extra5,vte1_0.d1extra5name,vte1_0.d1extra5note,vte1_0.d1material,vte1_0.d1material_note,vte1_0.d1store_maint,vte1_0.d1store_maint_note,vte1_0.d2cash,vte1_0.d2cash_note,vte1_0.d2extra1,vte1_0.d2extra1name,vte1_0.d2extra1note,vte1_0.d2extra2,vte1_0.d2extra2name,vte1_0.d2extra2note,vte1_0.d2extra3,vte1_0.d2extra3name,vte1_0.d2extra3note,vte1_0.d2extra4,vte1_0.d2extra4name,vte1_0.d2extra4note,vte1_0.d2extra5,vte1_0.d2extra5name,vte1_0.d2extra5note,vte1_0.d3extra1,vte1_0.d3extra1name,vte1_0.d3extra1note,vte1_0.d3extra2,vte1_0.d3extra2name,vte1_0.d3extra2note,vte1_0.d3extra3,vte1_0.d3extra3name,vte1_0.d3extra3note,vte1_0.d3extra4,vte1_0.d3extra4name,vte1_0.d3extra4note,vte1_0.d3extra5,vte1_0.d3extra5name,vte1_0.d3extra5note,vte1_0.d3init_product,vte1_0.d3init_product_note,vte1_0.d3rent,vte1_0.d3rent_note,vte1_0.deposit_amount,vte1_0.insert_timestamp,vte1_0.owner,vte1_0.phone,vte1_0.sales_profit,vte1_0.settle_amount,vte1_0.settlement_amount,vte1_0.settlement_cd,vte1_0.settlement_title,vte1_0.settlement_ymd,vte1_0.src_a1card,vte1_0.src_a1cash,vte1_0.src_b1electricity,vte1_0.src_b3material,vte1_0.src_c1card_fee,vte1_0.src_d1material,vte1_0.store_code,vte1_0.store_name,vte1_0.update_timestamp from cnco.vsettlement_total vte1_0 where vte1_0.pkey=?] [ERROR: column vte1_0.settle_amount does not exist
  Position: 3893] [n/a]
	at org.hibernate.exception.internal.SQLStateConversionDelegate.convert(SQLStateConversionDelegate.java:91) ~[hibernate-core-6.3.1.Final.jar:6.3.1.Final]
	at org.hibernate.exception.internal.StandardSQLExceptionConverter.convert(StandardSQLExceptionConverter.java:58) ~[hibernate-core-6.3.1.Final.jar:6.3.1.Final]
	at org.hibernate.engine.jdbc.spi.SqlExceptionHelper.convert(SqlExceptionHelper.java:108) ~[hibernate-core-6.3.1.Final.jar:6.3.1.Final]
	at org.hibernate.engine.jdbc.spi.SqlExceptionHelper.convert(SqlExceptionHelper.java:94) ~[hibernate-core-6.3.1.Final.jar:6.3.1.Final]
	at org.hibernate.sql.results.jdbc.internal.DeferredResultSetAccess.executeQuery(DeferredResultSetAccess.java:258) ~[hibernate-core-6.3.1.Final.jar:6.3.1.Final]
	at org.hibernate.sql.results.jdbc.internal.DeferredResultSetAccess.getResultSet(DeferredResultSetAccess.java:164) ~[hibernate-core-6.3.1.Final.jar:6.3.1.Final]
	at org.hibernate.sql.results.jdbc.internal.JdbcValuesResultSetImpl.advanceNext(JdbcValuesResultSetImpl.java:218) ~[hibernate-core-6.3.1.Final.jar:6.3.1.Final]
	at org.hibernate.sql.results.jdbc.internal.JdbcValuesResultSetImpl.processNext(JdbcValuesResultSetImpl.java:98) ~[hibernate-core-6.3.1.Final.jar:6.3.1.Final]
	at org.hibernate.sql.results.jdbc.internal.AbstractJdbcValues.next(AbstractJdbcValues.java:19) ~[hibernate-core-6.3.1.Final.jar:6.3.1.Final]
	at org.hibernate.sql.results.internal.RowProcessingStateStandardImpl.next(RowProcessingStateStandardImpl.java:66) ~[hibernate-core-6.3.1.Final.jar:6.3.1.Final]
	at org.hibernate.sql.results.spi.ListResultsConsumer.consume(ListResultsConsumer.java:186) ~[hibernate-core-6.3.1.Final.jar:6.3.1.Final]
	at org.hibernate.sql.results.spi.ListResultsConsumer.consume(ListResultsConsumer.java:33) ~[hibernate-core-6.3.1.Final.jar:6.3.1.Final]
	at org.hibernate.sql.exec.internal.JdbcSelectExecutorStandardImpl.doExecuteQuery(JdbcSelectExecutorStandardImpl.java:361) ~[hibernate-core-6.3.1.Final.jar:6.3.1.Final]
	at org.hibernate.sql.exec.internal.JdbcSelectExecutorStandardImpl.executeQuery(JdbcSelectExecutorStandardImpl.java:168) ~[hibernate-core-6.3.1.Final.jar:6.3.1.Final]
	at org.hibernate.sql.exec.internal.JdbcSelectExecutorStandardImpl.list(JdbcSelectExecutorStandardImpl.java:93) ~[hibernate-core-6.3.1.Final.jar:6.3.1.Final]
	at org.hibernate.sql.exec.spi.JdbcSelectExecutor.list(JdbcSelectExecutor.java:31) ~[hibernate-core-6.3.1.Final.jar:6.3.1.Final]
	at org.hibernate.loader.ast.internal.SingleIdLoadPlan.load(SingleIdLoadPlan.java:145) ~[hibernate-core-6.3.1.Final.jar:6.3.1.Final]
	at org.hibernate.loader.ast.internal.SingleIdLoadPlan.load(SingleIdLoadPlan.java:117) ~[hibernate-core-6.3.1.Final.jar:6.3.1.Final]
	at org.hibernate.loader.ast.internal.SingleIdEntityLoaderStandardImpl.load(SingleIdEntityLoaderStandardImpl.java:75) ~[hibernate-core-6.3.1.Final.jar:6.3.1.Final]
	at org.hibernate.persister.entity.AbstractEntityPersister.doLoad(AbstractEntityPersister.java:3673) ~[hibernate-core-6.3.1.Final.jar:6.3.1.Final]
	at org.hibernate.persister.entity.AbstractEntityPersister.load(AbstractEntityPersister.java:3662) ~[hibernate-core-6.3.1.Final.jar:6.3.1.Final]
	at org.hibernate.event.internal.DefaultLoadEventListener.loadFromDatasource(DefaultLoadEventListener.java:591) ~[hibernate-core-6.3.1.Final.jar:6.3.1.Final]
	at org.hibernate.event.internal.DefaultLoadEventListener.loadFromCacheOrDatasource(DefaultLoadEventListener.java:577) ~[hibernate-core-6.3.1.Final.jar:6.3.1.Final]
	at org.hibernate.event.internal.DefaultLoadEventListener.load(DefaultLoadEventListener.java:547) ~[hibernate-core-6.3.1.Final.jar:6.3.1.Final]
	at org.hibernate.event.internal.DefaultLoadEventListener.doLoad(DefaultLoadEventListener.java:531) ~[hibernate-core-6.3.1.Final.jar:6.3.1.Final]
	at org.hibernate.event.internal.DefaultLoadEventListener.load(DefaultLoadEventListener.java:206) ~[hibernate-core-6.3.1.Final.jar:6.3.1.Final]
	at org.hibernate.event.internal.DefaultLoadEventListener.loadWithRegularProxy(DefaultLoadEventListener.java:286) ~[hibernate-core-6.3.1.Final.jar:6.3.1.Final]
	at org.hibernate.event.internal.DefaultLoadEventListener.proxyOrLoad(DefaultLoadEventListener.java:241) ~[hibernate-core-6.3.1.Final.jar:6.3.1.Final]
	at org.hibernate.event.internal.DefaultLoadEventListener.doOnLoad(DefaultLoadEventListener.java:110) ~[hibernate-core-6.3.1.Final.jar:6.3.1.Final]
	at org.hibernate.event.internal.DefaultLoadEventListener.onLoad(DefaultLoadEventListener.java:67) ~[hibernate-core-6.3.1.Final.jar:6.3.1.Final]
	at org.hibernate.event.service.internal.EventListenerGroupImpl.fireEventOnEachListener(EventListenerGroupImpl.java:138) ~[hibernate-core-6.3.1.Final.jar:6.3.1.Final]
	at org.hibernate.internal.SessionImpl.fireLoadNoChecks(SessionImpl.java:1234) ~[hibernate-core-6.3.1.Final.jar:6.3.1.Final]
	at org.hibernate.internal.SessionImpl.fireLoad(SessionImpl.java:1222) ~[hibernate-core-6.3.1.Final.jar:6.3.1.Final]
	at org.hibernate.loader.internal.IdentifierLoadAccessImpl.load(IdentifierLoadAccessImpl.java:209) ~[hibernate-core-6.3.1.Final.jar:6.3.1.Final]
	at org.hibernate.loader.internal.IdentifierLoadAccessImpl.doLoad(IdentifierLoadAccessImpl.java:160) ~[hibernate-core-6.3.1.Final.jar:6.3.1.Final]
	at org.hibernate.loader.internal.IdentifierLoadAccessImpl.lambda$load$1(IdentifierLoadAccessImpl.java:149) ~[hibernate-core-6.3.1.Final.jar:6.3.1.Final]
	at org.hibernate.loader.internal.IdentifierLoadAccessImpl.perform(IdentifierLoadAccessImpl.java:112) ~[hibernate-core-6.3.1.Final.jar:6.3.1.Final]
	at org.hibernate.loader.internal.IdentifierLoadAccessImpl.load(IdentifierLoadAccessImpl.java:149) ~[hibernate-core-6.3.1.Final.jar:6.3.1.Final]
	at org.hibernate.internal.SessionImpl.find(SessionImpl.java:2430) ~[hibernate-core-6.3.1.Final.jar:6.3.1.Final]
	at org.hibernate.internal.SessionImpl.find(SessionImpl.java:2401) ~[hibernate-core-6.3.1.Final.jar:6.3.1.Final]
	at java.base/jdk.internal.reflect.NativeMethodAccessorImpl.invoke0(Native Method) ~[na:na]
	at java.base/jdk.internal.reflect.NativeMethodAccessorImpl.invoke(NativeMethodAccessorImpl.java:77) ~[na:na]
	at java.base/jdk.internal.reflect.DelegatingMethodAccessorImpl.invoke(DelegatingMethodAccessorImpl.java:43) ~[na:na]
	at java.base/java.lang.reflect.Method.invoke(Method.java:569) ~[na:na]
	at org.springframework.orm.jpa.ExtendedEntityManagerCreator$ExtendedEntityManagerInvocationHandler.invoke(ExtendedEntityManagerCreator.java:360) ~[spring-orm-6.1.1.jar:6.1.1]
	at jdk.proxy2/jdk.proxy2.$Proxy134.find(Unknown Source) ~[na:na]
	at java.base/jdk.internal.reflect.NativeMethodAccessorImpl.invoke0(Native Method) ~[na:na]
	at java.base/jdk.internal.reflect.NativeMethodAccessorImpl.invoke(NativeMethodAccessorImpl.java:77) ~[na:na]
	at java.base/jdk.internal.reflect.DelegatingMethodAccessorImpl.invoke(DelegatingMethodAccessorImpl.java:43) ~[na:na]
	at java.base/java.lang.reflect.Method.invoke(Method.java:569) ~[na:na]
	at org.springframework.orm.jpa.SharedEntityManagerCreator$SharedEntityManagerInvocationHandler.invoke(SharedEntityManagerCreator.java:311) ~[spring-orm-6.1.1.jar:6.1.1]
	at jdk.proxy2/jdk.proxy2.$Proxy134.find(Unknown Source) ~[na:na]
	at org.springframework.data.jpa.repository.support.SimpleJpaRepository.findById(SimpleJpaRepository.java:313) ~[spring-data-jpa-3.2.0.jar:3.2.0]
	at java.base/jdk.internal.reflect.NativeMethodAccessorImpl.invoke0(Native Method) ~[na:na]
	at java.base/jdk.internal.reflect.NativeMethodAccessorImpl.invoke(NativeMethodAccessorImpl.java:77) ~[na:na]
	at java.base/jdk.internal.reflect.DelegatingMethodAccessorImpl.invoke(DelegatingMethodAccessorImpl.java:43) ~[na:na]
	at java.base/java.lang.reflect.Method.invoke(Method.java:569) ~[na:na]
	at org.springframework.aop.support.AopUtils.invokeJoinpointUsingReflection(AopUtils.java:352) ~[spring-aop-6.1.1.jar:6.1.1]
	at org.springframework.data.repository.core.support.RepositoryMethodInvoker$RepositoryFragmentMethodInvoker.lambda$new$0(RepositoryMethodInvoker.java:277) ~[spring-data-commons-3.2.0.jar:3.2.0]
	at org.springframework.data.repository.core.support.RepositoryMethodInvoker.doInvoke(RepositoryMethodInvoker.java:170) ~[spring-data-commons-3.2.0.jar:3.2.0]
	at org.springframework.data.repository.core.support.RepositoryMethodInvoker.invoke(RepositoryMethodInvoker.java:158) ~[spring-data-commons-3.2.0.jar:3.2.0]
	at org.springframework.data.repository.core.support.RepositoryComposition$RepositoryFragments.invoke(RepositoryComposition.java:516) ~[spring-data-commons-3.2.0.jar:3.2.0]
	at org.springframework.data.repository.core.support.RepositoryComposition.invoke(RepositoryComposition.java:285) ~[spring-data-commons-3.2.0.jar:3.2.0]
	at org.springframework.data.repository.core.support.RepositoryFactorySupport$ImplementationMethodExecutionInterceptor.invoke(RepositoryFactorySupport.java:628) ~[spring-data-commons-3.2.0.jar:3.2.0]
	at org.springframework.aop.framework.ReflectiveMethodInvocation.proceed(ReflectiveMethodInvocation.java:184) ~[spring-aop-6.1.1.jar:6.1.1]
	at org.springframework.data.repository.core.support.QueryExecutorMethodInterceptor.doInvoke(QueryExecutorMethodInterceptor.java:168) ~[spring-data-commons-3.2.0.jar:3.2.0]
	at org.springframework.data.repository.core.support.QueryExecutorMethodInterceptor.invoke(QueryExecutorMethodInterceptor.java:143) ~[spring-data-commons-3.2.0.jar:3.2.0]
	at org.springframework.aop.framework.ReflectiveMethodInvocation.proceed(ReflectiveMethodInvocation.java:184) ~[spring-aop-6.1.1.jar:6.1.1]
	at org.springframework.data.projection.DefaultMethodInvokingMethodInterceptor.invoke(DefaultMethodInvokingMethodInterceptor.java:70) ~[spring-data-commons-3.2.0.jar:3.2.0]
	at org.springframework.aop.framework.ReflectiveMethodInvocation.proceed(ReflectiveMethodInvocation.java:184) ~[spring-aop-6.1.1.jar:6.1.1]
	at org.springframework.transaction.interceptor.TransactionInterceptor$1.proceedWithInvocation(TransactionInterceptor.java:123) ~[spring-tx-6.1.1.jar:6.1.1]
	at org.springframework.transaction.interceptor.TransactionAspectSupport.invokeWithinTransaction(TransactionAspectSupport.java:385) ~[spring-tx-6.1.1.jar:6.1.1]
	at org.springframework.transaction.interceptor.TransactionInterceptor.invoke(TransactionInterceptor.java:119) ~[spring-tx-6.1.1.jar:6.1.1]
	at org.springframework.aop.framework.ReflectiveMethodInvocation.proceed(ReflectiveMethodInvocation.java:184) ~[spring-aop-6.1.1.jar:6.1.1]
	at org.springframework.dao.support.PersistenceExceptionTranslationInterceptor.invoke(PersistenceExceptionTranslationInterceptor.java:137) ~[spring-tx-6.1.1.jar:6.1.1]
	at org.springframework.aop.framework.ReflectiveMethodInvocation.proceed(ReflectiveMethodInvocation.java:184) ~[spring-aop-6.1.1.jar:6.1.1]
	at org.springframework.data.jpa.repository.support.CrudMethodMetadataPostProcessor$CrudMethodMetadataPopulatingMethodInterceptor.invoke(CrudMethodMetadataPostProcessor.java:164) ~[spring-data-jpa-3.2.0.jar:3.2.0]
	at org.springframework.aop.framework.ReflectiveMethodInvocation.proceed(ReflectiveMethodInvocation.java:184) ~[spring-aop-6.1.1.jar:6.1.1]
	at org.springframework.aop.interceptor.ExposeInvocationInterceptor.invoke(ExposeInvocationInterceptor.java:97) ~[spring-aop-6.1.1.jar:6.1.1]
	at org.springframework.aop.framework.ReflectiveMethodInvocation.proceed(ReflectiveMethodInvocation.java:184) ~[spring-aop-6.1.1.jar:6.1.1]
	at org.springframework.aop.framework.JdkDynamicAopProxy.invoke(JdkDynamicAopProxy.java:249) ~[spring-aop-6.1.1.jar:6.1.1]
	at jdk.proxy2/jdk.proxy2.$Proxy146.findById(Unknown Source) ~[na:na]
	at com.example.cco.settlement.SettlementServiceImpl.getSettlementDetail(SettlementServiceImpl.java:564) ~[main/:na]
	at java.base/jdk.internal.reflect.NativeMethodAccessorImpl.invoke0(Native Method) ~[na:na]
	at java.base/jdk.internal.reflect.NativeMethodAccessorImpl.invoke(NativeMethodAccessorImpl.java:77) ~[na:na]
	at java.base/jdk.internal.reflect.DelegatingMethodAccessorImpl.invoke(DelegatingMethodAccessorImpl.java:43) ~[na:na]
	at java.base/java.lang.reflect.Method.invoke(Method.java:569) ~[na:na]
	at org.springframework.aop.support.AopUtils.invokeJoinpointUsingReflection(AopUtils.java:352) ~[spring-aop-6.1.1.jar:6.1.1]
	at org.springframework.aop.framework.ReflectiveMethodInvocation.invokeJoinpoint(ReflectiveMethodInvocation.java:196) ~[spring-aop-6.1.1.jar:6.1.1]
	at org.springframework.aop.framework.ReflectiveMethodInvocation.proceed(ReflectiveMethodInvocation.java:163) ~[spring-aop-6.1.1.jar:6.1.1]
	at org.springframework.aop.framework.CglibAopProxy$CglibMethodInvocation.proceed(CglibAopProxy.java:765) ~[spring-aop-6.1.1.jar:6.1.1]
	at org.springframework.transaction.interceptor.TransactionInterceptor$1.proceedWithInvocation(TransactionInterceptor.java:123) ~[spring-tx-6.1.1.jar:6.1.1]
	at org.springframework.transaction.interceptor.TransactionAspectSupport.invokeWithinTransaction(TransactionAspectSupport.java:385) ~[spring-tx-6.1.1.jar:6.1.1]
	at org.springframework.transaction.interceptor.TransactionInterceptor.invoke(TransactionInterceptor.java:119) ~[spring-tx-6.1.1.jar:6.1.1]
	at org.springframework.aop.framework.ReflectiveMethodInvocation.proceed(ReflectiveMethodInvocation.java:184) ~[spring-aop-6.1.1.jar:6.1.1]
	at org.springframework.aop.framework.CglibAopProxy$CglibMethodInvocation.proceed(CglibAopProxy.java:765) ~[spring-aop-6.1.1.jar:6.1.1]
	at org.springframework.aop.framework.CglibAopProxy$DynamicAdvisedInterceptor.intercept(CglibAopProxy.java:717) ~[spring-aop-6.1.1.jar:6.1.1]
	at com.example.cco.settlement.SettlementServiceImpl$$SpringCGLIB$$0.getSettlementDetail(<generated>) ~[main/:na]
	at com.example.cco.settlement.SettlementController.getSettlementDetail(SettlementController.java:79) ~[main/:na]
	at java.base/jdk.internal.reflect.NativeMethodAccessorImpl.invoke0(Native Method) ~[na:na]
	at java.base/jdk.internal.reflect.NativeMethodAccessorImpl.invoke(NativeMethodAccessorImpl.java:77) ~[na:na]
	at java.base/jdk.internal.reflect.DelegatingMethodAccessorImpl.invoke(DelegatingMethodAccessorImpl.java:43) ~[na:na]
	at java.base/java.lang.reflect.Method.invoke(Method.java:569) ~[na:na]
	at org.springframework.web.method.support.InvocableHandlerMethod.doInvoke(InvocableHandlerMethod.java:254) ~[spring-web-6.1.1.jar:6.1.1]
	at org.springframework.web.method.support.InvocableHandlerMethod.invokeForRequest(InvocableHandlerMethod.java:182) ~[spring-web-6.1.1.jar:6.1.1]
	at org.springframework.web.servlet.mvc.method.annotation.ServletInvocableHandlerMethod.invokeAndHandle(ServletInvocableHandlerMethod.java:118) ~[spring-webmvc-6.1.1.jar:6.1.1]
	at org.springframework.web.servlet.mvc.method.annotation.RequestMappingHandlerAdapter.invokeHandlerMethod(RequestMappingHandlerAdapter.java:917) ~[spring-webmvc-6.1.1.jar:6.1.1]
	at org.springframework.web.servlet.mvc.method.annotation.RequestMappingHandlerAdapter.handleInternal(RequestMappingHandlerAdapter.java:829) ~[spring-webmvc-6.1.1.jar:6.1.1]
	at org.springframework.web.servlet.mvc.method.AbstractHandlerMethodAdapter.handle(AbstractHandlerMethodAdapter.java:87) ~[spring-webmvc-6.1.1.jar:6.1.1]
	at org.springframework.web.servlet.DispatcherServlet.doDispatch(DispatcherServlet.java:1089) ~[spring-webmvc-6.1.1.jar:6.1.1]
	at org.springframework.web.servlet.DispatcherServlet.doService(DispatcherServlet.java:979) ~[spring-webmvc-6.1.1.jar:6.1.1]
	at org.springframework.web.servlet.FrameworkServlet.processRequest(FrameworkServlet.java:1014) ~[spring-webmvc-6.1.1.jar:6.1.1]
	at org.springframework.web.servlet.FrameworkServlet.doGet(FrameworkServlet.java:903) ~[spring-webmvc-6.1.1.jar:6.1.1]
	at jakarta.servlet.http.HttpServlet.service(HttpServlet.java:564) ~[tomcat-embed-core-10.1.16.jar:6.0]
	at org.springframework.web.servlet.FrameworkServlet.service(FrameworkServlet.java:885) ~[spring-webmvc-6.1.1.jar:6.1.1]
	at jakarta.servlet.http.HttpServlet.service(HttpServlet.java:658) ~[tomcat-embed-core-10.1.16.jar:6.0]
	at org.apache.catalina.core.ApplicationFilterChain.internalDoFilter(ApplicationFilterChain.java:205) ~[tomcat-embed-core-10.1.16.jar:10.1.16]
	at org.apache.catalina.core.ApplicationFilterChain.doFilter(ApplicationFilterChain.java:149) ~[tomcat-embed-core-10.1.16.jar:10.1.16]
	at org.apache.tomcat.websocket.server.WsFilter.doFilter(WsFilter.java:51) ~[tomcat-embed-websocket-10.1.16.jar:10.1.16]
	at org.apache.catalina.core.ApplicationFilterChain.internalDoFilter(ApplicationFilterChain.java:174) ~[tomcat-embed-core-10.1.16.jar:10.1.16]
	at org.apache.catalina.core.ApplicationFilterChain.doFilter(ApplicationFilterChain.java:149) ~[tomcat-embed-core-10.1.16.jar:10.1.16]
	at org.springframework.security.web.FilterChainProxy.lambda$doFilterInternal$3(FilterChainProxy.java:231) ~[spring-security-web-6.2.0.jar:6.2.0]
	at org.springframework.security.web.FilterChainProxy$VirtualFilterChain.doFilter(FilterChainProxy.java:365) ~[spring-security-web-6.2.0.jar:6.2.0]
	at org.springframework.security.web.access.intercept.AuthorizationFilter.doFilter(AuthorizationFilter.java:100) ~[spring-security-web-6.2.0.jar:6.2.0]
	at org.springframework.security.web.FilterChainProxy$VirtualFilterChain.doFilter(FilterChainProxy.java:374) ~[spring-security-web-6.2.0.jar:6.2.0]
	at org.springframework.security.web.access.ExceptionTranslationFilter.doFilter(ExceptionTranslationFilter.java:126) ~[spring-security-web-6.2.0.jar:6.2.0]
	at org.springframework.security.web.access.ExceptionTranslationFilter.doFilter(ExceptionTranslationFilter.java:120) ~[spring-security-web-6.2.0.jar:6.2.0]
	at org.springframework.security.web.FilterChainProxy$VirtualFilterChain.doFilter(FilterChainProxy.java:374) ~[spring-security-web-6.2.0.jar:6.2.0]
	at org.springframework.security.web.session.SessionManagementFilter.doFilter(SessionManagementFilter.java:131) ~[spring-security-web-6.2.0.jar:6.2.0]
	at org.springframework.security.web.session.SessionManagementFilter.doFilter(SessionManagementFilter.java:85) ~[spring-security-web-6.2.0.jar:6.2.0]
	at org.springframework.security.web.FilterChainProxy$VirtualFilterChain.doFilter(FilterChainProxy.java:374) ~[spring-security-web-6.2.0.jar:6.2.0]
	at org.springframework.security.web.authentication.AnonymousAuthenticationFilter.doFilter(AnonymousAuthenticationFilter.java:100) ~[spring-security-web-6.2.0.jar:6.2.0]
	at org.springframework.security.web.FilterChainProxy$VirtualFilterChain.doFilter(FilterChainProxy.java:374) ~[spring-security-web-6.2.0.jar:6.2.0]
	at org.springframework.security.web.servletapi.SecurityContextHolderAwareRequestFilter.doFilter(SecurityContextHolderAwareRequestFilter.java:179) ~[spring-security-web-6.2.0.jar:6.2.0]
	at org.springframework.security.web.FilterChainProxy$VirtualFilterChain.doFilter(FilterChainProxy.java:374) ~[spring-security-web-6.2.0.jar:6.2.0]
	at org.springframework.security.web.savedrequest.RequestCacheAwareFilter.doFilter(RequestCacheAwareFilter.java:63) ~[spring-security-web-6.2.0.jar:6.2.0]
	at org.springframework.security.web.FilterChainProxy$VirtualFilterChain.doFilter(FilterChainProxy.java:374) ~[spring-security-web-6.2.0.jar:6.2.0]
	at org.springframework.security.web.authentication.AbstractAuthenticationProcessingFilter.doFilter(AbstractAuthenticationProcessingFilter.java:227) ~[spring-security-web-6.2.0.jar:6.2.0]
	at org.springframework.security.web.authentication.AbstractAuthenticationProcessingFilter.doFilter(AbstractAuthenticationProcessingFilter.java:221) ~[spring-security-web-6.2.0.jar:6.2.0]
	at org.springframework.security.web.FilterChainProxy$VirtualFilterChain.doFilter(FilterChainProxy.java:374) ~[spring-security-web-6.2.0.jar:6.2.0]
	at com.example.cco.security.JwtAuthorizationFilter.doFilterInternal(JwtAuthorizationFilter.java:48) ~[main/:na]
	at org.springframework.web.filter.OncePerRequestFilter.doFilter(OncePerRequestFilter.java:116) ~[spring-web-6.1.1.jar:6.1.1]
	at org.springframework.security.web.FilterChainProxy$VirtualFilterChain.doFilter(FilterChainProxy.java:374) ~[spring-security-web-6.2.0.jar:6.2.0]
	at org.springframework.security.web.authentication.logout.LogoutFilter.doFilter(LogoutFilter.java:107) ~[spring-security-web-6.2.0.jar:6.2.0]
	at org.springframework.security.web.authentication.logout.LogoutFilter.doFilter(LogoutFilter.java:93) ~[spring-security-web-6.2.0.jar:6.2.0]
	at org.springframework.security.web.FilterChainProxy$VirtualFilterChain.doFilter(FilterChainProxy.java:374) ~[spring-security-web-6.2.0.jar:6.2.0]
	at org.springframework.web.filter.CorsFilter.doFilterInternal(CorsFilter.java:91) ~[spring-web-6.1.1.jar:6.1.1]
	at org.springframework.web.filter.OncePerRequestFilter.doFilter(OncePerRequestFilter.java:116) ~[spring-web-6.1.1.jar:6.1.1]
	at org.springframework.security.web.FilterChainProxy$VirtualFilterChain.doFilter(FilterChainProxy.java:374) ~[spring-security-web-6.2.0.jar:6.2.0]
	at org.springframework.security.web.header.HeaderWriterFilter.doHeadersAfter(HeaderWriterFilter.java:90) ~[spring-security-web-6.2.0.jar:6.2.0]
	at org.springframework.security.web.header.HeaderWriterFilter.doFilterInternal(HeaderWriterFilter.java:75) ~[spring-security-web-6.2.0.jar:6.2.0]
	at org.springframework.web.filter.OncePerRequestFilter.doFilter(OncePerRequestFilter.java:116) ~[spring-web-6.1.1.jar:6.1.1]
	at org.springframework.security.web.FilterChainProxy$VirtualFilterChain.doFilter(FilterChainProxy.java:374) ~[spring-security-web-6.2.0.jar:6.2.0]
	at org.springframework.security.web.context.SecurityContextHolderFilter.doFilter(SecurityContextHolderFilter.java:82) ~[spring-security-web-6.2.0.jar:6.2.0]
	at org.springframework.security.web.context.SecurityContextHolderFilter.doFilter(SecurityContextHolderFilter.java:69) ~[spring-security-web-6.2.0.jar:6.2.0]
	at org.springframework.security.web.FilterChainProxy$VirtualFilterChain.doFilter(FilterChainProxy.java:374) ~[spring-security-web-6.2.0.jar:6.2.0]
	at org.springframework.security.web.context.request.async.WebAsyncManagerIntegrationFilter.doFilterInternal(WebAsyncManagerIntegrationFilter.java:62) ~[spring-security-web-6.2.0.jar:6.2.0]
	at org.springframework.web.filter.OncePerRequestFilter.doFilter(OncePerRequestFilter.java:116) ~[spring-web-6.1.1.jar:6.1.1]
	at org.springframework.security.web.FilterChainProxy$VirtualFilterChain.doFilter(FilterChainProxy.java:374) ~[spring-security-web-6.2.0.jar:6.2.0]
	at org.springframework.security.web.session.DisableEncodeUrlFilter.doFilterInternal(DisableEncodeUrlFilter.java:42) ~[spring-security-web-6.2.0.jar:6.2.0]
	at org.springframework.web.filter.OncePerRequestFilter.doFilter(OncePerRequestFilter.java:116) ~[spring-web-6.1.1.jar:6.1.1]
	at org.springframework.security.web.FilterChainProxy$VirtualFilterChain.doFilter(FilterChainProxy.java:374) ~[spring-security-web-6.2.0.jar:6.2.0]
	at org.springframework.security.web.FilterChainProxy.doFilterInternal(FilterChainProxy.java:233) ~[spring-security-web-6.2.0.jar:6.2.0]
	at org.springframework.security.web.FilterChainProxy.doFilter(FilterChainProxy.java:191) ~[spring-security-web-6.2.0.jar:6.2.0]
	at org.springframework.web.filter.DelegatingFilterProxy.invokeDelegate(DelegatingFilterProxy.java:352) ~[spring-web-6.1.1.jar:6.1.1]
	at org.springframework.web.filter.DelegatingFilterProxy.doFilter(DelegatingFilterProxy.java:268) ~[spring-web-6.1.1.jar:6.1.1]
	at org.apache.catalina.core.ApplicationFilterChain.internalDoFilter(ApplicationFilterChain.java:174) ~[tomcat-embed-core-10.1.16.jar:10.1.16]
	at org.apache.catalina.core.ApplicationFilterChain.doFilter(ApplicationFilterChain.java:149) ~[tomcat-embed-core-10.1.16.jar:10.1.16]
	at org.springframework.web.filter.RequestContextFilter.doFilterInternal(RequestContextFilter.java:100) ~[spring-web-6.1.1.jar:6.1.1]
	at org.springframework.web.filter.OncePerRequestFilter.doFilter(OncePerRequestFilter.java:116) ~[spring-web-6.1.1.jar:6.1.1]
	at org.apache.catalina.core.ApplicationFilterChain.internalDoFilter(ApplicationFilterChain.java:174) ~[tomcat-embed-core-10.1.16.jar:10.1.16]
	at org.apache.catalina.core.ApplicationFilterChain.doFilter(ApplicationFilterChain.java:149) ~[tomcat-embed-core-10.1.16.jar:10.1.16]
	at org.springframework.web.filter.FormContentFilter.doFilterInternal(FormContentFilter.java:93) ~[spring-web-6.1.1.jar:6.1.1]
	at org.springframework.web.filter.OncePerRequestFilter.doFilter(OncePerRequestFilter.java:116) ~[spring-web-6.1.1.jar:6.1.1]
	at org.apache.catalina.core.ApplicationFilterChain.internalDoFilter(ApplicationFilterChain.java:174) ~[tomcat-embed-core-10.1.16.jar:10.1.16]
	at org.apache.catalina.core.ApplicationFilterChain.doFilter(ApplicationFilterChain.java:149) ~[tomcat-embed-core-10.1.16.jar:10.1.16]
	at org.springframework.web.filter.CharacterEncodingFilter.doFilterInternal(CharacterEncodingFilter.java:201) ~[spring-web-6.1.1.jar:6.1.1]
	at org.springframework.web.filter.OncePerRequestFilter.doFilter(OncePerRequestFilter.java:116) ~[spring-web-6.1.1.jar:6.1.1]
	at org.apache.catalina.core.ApplicationFilterChain.internalDoFilter(ApplicationFilterChain.java:174) ~[tomcat-embed-core-10.1.16.jar:10.1.16]
	at org.apache.catalina.core.ApplicationFilterChain.doFilter(ApplicationFilterChain.java:149) ~[tomcat-embed-core-10.1.16.jar:10.1.16]
	at org.apache.catalina.core.StandardWrapperValve.invoke(StandardWrapperValve.java:167) ~[tomcat-embed-core-10.1.16.jar:10.1.16]
	at org.apache.catalina.core.StandardContextValve.invoke(StandardContextValve.java:90) ~[tomcat-embed-core-10.1.16.jar:10.1.16]
	at org.apache.catalina.authenticator.AuthenticatorBase.invoke(AuthenticatorBase.java:482) ~[tomcat-embed-core-10.1.16.jar:10.1.16]
	at org.apache.catalina.core.StandardHostValve.invoke(StandardHostValve.java:115) ~[tomcat-embed-core-10.1.16.jar:10.1.16]
	at org.apache.catalina.valves.ErrorReportValve.invoke(ErrorReportValve.java:93) ~[tomcat-embed-core-10.1.16.jar:10.1.16]
	at org.apache.catalina.core.StandardEngineValve.invoke(StandardEngineValve.java:74) ~[tomcat-embed-core-10.1.16.jar:10.1.16]
	at org.apache.catalina.connector.CoyoteAdapter.service(CoyoteAdapter.java:340) ~[tomcat-embed-core-10.1.16.jar:10.1.16]
	at org.apache.coyote.http11.Http11Processor.service(Http11Processor.java:391) ~[tomcat-embed-core-10.1.16.jar:10.1.16]
	at org.apache.coyote.AbstractProcessorLight.process(AbstractProcessorLight.java:63) ~[tomcat-embed-core-10.1.16.jar:10.1.16]
	at org.apache.coyote.AbstractProtocol$ConnectionHandler.process(AbstractProtocol.java:896) ~[tomcat-embed-core-10.1.16.jar:10.1.16]
	at org.apache.tomcat.util.net.NioEndpoint$SocketProcessor.doRun(NioEndpoint.java:1744) ~[tomcat-embed-core-10.1.16.jar:10.1.16]
	at org.apache.tomcat.util.net.SocketProcessorBase.run(SocketProcessorBase.java:52) ~[tomcat-embed-core-10.1.16.jar:10.1.16]
	at org.apache.tomcat.util.threads.ThreadPoolExecutor.runWorker(ThreadPoolExecutor.java:1191) ~[tomcat-embed-core-10.1.16.jar:10.1.16]
	at org.apache.tomcat.util.threads.ThreadPoolExecutor$Worker.run(ThreadPoolExecutor.java:659) ~[tomcat-embed-core-10.1.16.jar:10.1.16]
	at org.apache.tomcat.util.threads.TaskThread$WrappingRunnable.run(TaskThread.java:61) ~[tomcat-embed-core-10.1.16.jar:10.1.16]
	at java.base/java.lang.Thread.run(Thread.java:840) ~[na:na]
Caused by: org.postgresql.util.PSQLException: ERROR: column vte1_0.settle_amount does not exist
  Position: 3893
	at org.postgresql.core.v3.QueryExecutorImpl.receiveErrorResponse(QueryExecutorImpl.java:2713) ~[postgresql-42.6.0.jar:42.6.0]
	at org.postgresql.core.v3.QueryExecutorImpl.processResults(QueryExecutorImpl.java:2401) ~[postgresql-42.6.0.jar:42.6.0]
	at org.postgresql.core.v3.QueryExecutorImpl.execute(QueryExecutorImpl.java:368) ~[postgresql-42.6.0.jar:42.6.0]
	at org.postgresql.jdbc.PgStatement.executeInternal(PgStatement.java:498) ~[postgresql-42.6.0.jar:42.6.0]
	at org.postgresql.jdbc.PgStatement.execute(PgStatement.java:415) ~[postgresql-42.6.0.jar:42.6.0]
	at org.postgresql.jdbc.PgPreparedStatement.executeWithFlags(PgPreparedStatement.java:190) ~[postgresql-42.6.0.jar:42.6.0]
	at org.postgresql.jdbc.PgPreparedStatement.executeQuery(PgPreparedStatement.java:134) ~[postgresql-42.6.0.jar:42.6.0]
	at com.zaxxer.hikari.pool.ProxyPreparedStatement.executeQuery(ProxyPreparedStatement.java:52) ~[HikariCP-5.0.1.jar:na]
	at com.zaxxer.hikari.pool.HikariProxyPreparedStatement.executeQuery(HikariProxyPreparedStatement.java) ~[HikariCP-5.0.1.jar:na]
	at org.hibernate.sql.results.jdbc.internal.DeferredResultSetAccess.executeQuery(DeferredResultSetAccess.java:240) ~[hibernate-core-6.3.1.Final.jar:6.3.1.Final]
	... 191 common frames omitted

2025-04-30T08:40:40.684+09:00 ERROR 16156 --- [http-nio-4080-exec-5] c.example.cco.exception.ExceptionAdvice  : org.springframework.dao.InvalidDataAccessResourceUsageException: JDBC exception executing SQL [select vte1_0.pkey,vte1_0.a1card,vte1_0.a1card_note,vte1_0.a1cash,vte1_0.a1cash_note,vte1_0.a1extra1,vte1_0.a1extra1name,vte1_0.a1extra1note,vte1_0.a1extra2,vte1_0.a1extra2name,vte1_0.a1extra2note,vte1_0.a1extra3,vte1_0.a1extra3name,vte1_0.a1extra3note,vte1_0.a1extra4,vte1_0.a1extra4name,vte1_0.a1extra4note,vte1_0.a1extra5,vte1_0.a1extra5name,vte1_0.a1extra5note,vte1_0.a1tax,vte1_0.a1tax_note,vte1_0.active_yn,vte1_0.a_total,vte1_0.b1electricity,vte1_0.b1electricity_note,vte1_0.b1etc_expense,vte1_0.b1etc_expense_note,vte1_0.b1extra1,vte1_0.b1extra1name,vte1_0.b1extra1note,vte1_0.b1extra2,vte1_0.b1extra2name,vte1_0.b1extra2note,vte1_0.b1extra3,vte1_0.b1extra3name,vte1_0.b1extra3note,vte1_0.b1extra4,vte1_0.b1extra4name,vte1_0.b1extra4note,vte1_0.b1extra5,vte1_0.b1extra5name,vte1_0.b1extra5note,vte1_0.b1gas,vte1_0.b1gas_note,vte1_0.b1internet,vte1_0.b1internet_note,vte1_0.b1maint,vte1_0.b1maint_note,vte1_0.b1rent,vte1_0.b1rent_note,vte1_0.b2charge,vte1_0.b2charge_note,vte1_0.b3etc,vte1_0.b3etc_note,vte1_0.b3extra1,vte1_0.b3extra1name,vte1_0.b3extra1note,vte1_0.b3extra2,vte1_0.b3extra2name,vte1_0.b3extra2note,vte1_0.b3extra3,vte1_0.b3extra3name,vte1_0.b3extra3note,vte1_0.b3extra4,vte1_0.b3extra4name,vte1_0.b3extra4note,vte1_0.b3extra5,vte1_0.b3extra5name,vte1_0.b3extra5note,vte1_0.b3material,vte1_0.b3material_note,vte1_0.b4donation,vte1_0.b4donation_note,vte1_0.b4extra1,vte1_0.b4extra1name,vte1_0.b4extra1note,vte1_0.b4extra2,vte1_0.b4extra2name,vte1_0.b4extra2note,vte1_0.b4extra3,vte1_0.b4extra3name,vte1_0.b4extra3note,vte1_0.b4extra4,vte1_0.b4extra4name,vte1_0.b4extra4note,vte1_0.b4extra5,vte1_0.b4extra5name,vte1_0.b4extra5note,vte1_0.b4init_product,vte1_0.b4init_product_note,vte1_0.bank,vte1_0.bank_account,vte1_0.bank_account_number,vte1_0.brand_cd,vte1_0.brand_name,vte1_0.b_total,vte1_0.c1card_fee,vte1_0.c1card_fee_note,vte1_0.c1electricity,vte1_0.c1electricity_note,vte1_0.c1etc_expense,vte1_0.c1etc_expense_note,vte1_0.c1extra1,vte1_0.c1extra1name,vte1_0.c1extra1note,vte1_0.c1extra2,vte1_0.c1extra2name,vte1_0.c1extra2note,vte1_0.c1extra3,vte1_0.c1extra3name,vte1_0.c1extra3note,vte1_0.c1extra4,vte1_0.c1extra4name,vte1_0.c1extra4note,vte1_0.c1extra5,vte1_0.c1extra5name,vte1_0.c1extra5note,vte1_0.c1gas,vte1_0.c1gas_note,vte1_0.c1insurance,vte1_0.c1insurance_note,vte1_0.c1rent,vte1_0.c1rent_note,vte1_0.c1water,vte1_0.c1water_note,vte1_0.c2extra1,vte1_0.c2extra1name,vte1_0.c2extra1note,vte1_0.c2extra2,vte1_0.c2extra2name,vte1_0.c2extra2note,vte1_0.c2extra3,vte1_0.c2extra3name,vte1_0.c2extra3note,vte1_0.c2extra4,vte1_0.c2extra4name,vte1_0.c2extra4note,vte1_0.c2extra5,vte1_0.c2extra5name,vte1_0.c2extra5note,vte1_0.c2interest_cost,vte1_0.c2interest_cost_note,vte1_0.closed_yn,vte1_0.d1carryover,vte1_0.d1carryover_note,vte1_0.d1extra1,vte1_0.d1extra1name,vte1_0.d1extra1note,vte1_0.d1extra2,vte1_0.d1extra2name,vte1_0.d1extra2note,vte1_0.d1extra3,vte1_0.d1extra3name,vte1_0.d1extra3note,vte1_0.d1extra4,vte1_0.d1extra4name,vte1_0.d1extra4note,vte1_0.d1extra5,vte1_0.d1extra5name,vte1_0.d1extra5note,vte1_0.d1material,vte1_0.d1material_note,vte1_0.d1store_maint,vte1_0.d1store_maint_note,vte1_0.d2cash,vte1_0.d2cash_note,vte1_0.d2extra1,vte1_0.d2extra1name,vte1_0.d2extra1note,vte1_0.d2extra2,vte1_0.d2extra2name,vte1_0.d2extra2note,vte1_0.d2extra3,vte1_0.d2extra3name,vte1_0.d2extra3note,vte1_0.d2extra4,vte1_0.d2extra4name,vte1_0.d2extra4note,vte1_0.d2extra5,vte1_0.d2extra5name,vte1_0.d2extra5note,vte1_0.d3extra1,vte1_0.d3extra1name,vte1_0.d3extra1note,vte1_0.d3extra2,vte1_0.d3extra2name,vte1_0.d3extra2note,vte1_0.d3extra3,vte1_0.d3extra3name,vte1_0.d3extra3note,vte1_0.d3extra4,vte1_0.d3extra4name,vte1_0.d3extra4note,vte1_0.d3extra5,vte1_0.d3extra5name,vte1_0.d3extra5note,vte1_0.d3init_product,vte1_0.d3init_product_note,vte1_0.d3rent,vte1_0.d3rent_note,vte1_0.deposit_amount,vte1_0.insert_timestamp,vte1_0.owner,vte1_0.phone,vte1_0.sales_profit,vte1_0.settle_amount,vte1_0.settlement_amount,vte1_0.settlement_cd,vte1_0.settlement_title,vte1_0.settlement_ymd,vte1_0.src_a1card,vte1_0.src_a1cash,vte1_0.src_b1electricity,vte1_0.src_b3material,vte1_0.src_c1card_fee,vte1_0.src_d1material,vte1_0.store_code,vte1_0.store_name,vte1_0.update_timestamp from cnco.vsettlement_total vte1_0 where vte1_0.pkey=?] [ERROR: column vte1_0.settle_amount does not exist
  Position: 3893] [n/a]; SQL [n/a]
	at org.springframework.orm.jpa.vendor.HibernateJpaDialect.convertHibernateAccessException(HibernateJpaDialect.java:277)
	at org.springframework.orm.jpa.vendor.HibernateJpaDialect.translateExceptionIfPossible(HibernateJpaDialect.java:241)
	at org.springframework.orm.jpa.AbstractEntityManagerFactoryBean.translateExceptionIfPossible(AbstractEntityManagerFactoryBean.java:550)
	at org.springframework.dao.support.ChainedPersistenceExceptionTranslator.translateExceptionIfPossible(ChainedPersistenceExceptionTranslator.java:61)
	at org.springframework.dao.support.DataAccessUtils.translateIfNecessary(DataAccessUtils.java:335)
	at org.springframework.dao.support.PersistenceExceptionTranslationInterceptor.invoke(PersistenceExceptionTranslationInterceptor.java:152)
	at org.springframework.aop.framework.ReflectiveMethodInvocation.proceed(ReflectiveMethodInvocation.java:184)
	at org.springframework.data.jpa.repository.support.CrudMethodMetadataPostProcessor$CrudMethodMetadataPopulatingMethodInterceptor.invoke(CrudMethodMetadataPostProcessor.java:164)
	at org.springframework.aop.framework.ReflectiveMethodInvocation.proceed(ReflectiveMethodInvocation.java:184)
	at org.springframework.aop.interceptor.ExposeInvocationInterceptor.invoke(ExposeInvocationInterceptor.java:97)
	at org.springframework.aop.framework.ReflectiveMethodInvocation.proceed(ReflectiveMethodInvocation.java:184)
	at org.springframework.aop.framework.JdkDynamicAopProxy.invoke(JdkDynamicAopProxy.java:249)
	at jdk.proxy2/jdk.proxy2.$Proxy146.findById(Unknown Source)
	at com.example.cco.settlement.SettlementServiceImpl.getSettlementDetail(SettlementServiceImpl.java:564)
	at java.base/jdk.internal.reflect.NativeMethodAccessorImpl.invoke0(Native Method)
	at java.base/jdk.internal.reflect.NativeMethodAccessorImpl.invoke(NativeMethodAccessorImpl.java:77)
	at java.base/jdk.internal.reflect.DelegatingMethodAccessorImpl.invoke(DelegatingMethodAccessorImpl.java:43)
	at java.base/java.lang.reflect.Method.invoke(Method.java:569)
	at org.springframework.aop.support.AopUtils.invokeJoinpointUsingReflection(AopUtils.java:352)
	at org.springframework.aop.framework.ReflectiveMethodInvocation.invokeJoinpoint(ReflectiveMethodInvocation.java:196)
	at org.springframework.aop.framework.ReflectiveMethodInvocation.proceed(ReflectiveMethodInvocation.java:163)
	at org.springframework.aop.framework.CglibAopProxy$CglibMethodInvocation.proceed(CglibAopProxy.java:765)
	at org.springframework.transaction.interceptor.TransactionInterceptor$1.proceedWithInvocation(TransactionInterceptor.java:123)
	at org.springframework.transaction.interceptor.TransactionAspectSupport.invokeWithinTransaction(TransactionAspectSupport.java:385)
	at org.springframework.transaction.interceptor.TransactionInterceptor.invoke(TransactionInterceptor.java:119)
	at org.springframework.aop.framework.ReflectiveMethodInvocation.proceed(ReflectiveMethodInvocation.java:184)
	at org.springframework.aop.framework.CglibAopProxy$CglibMethodInvocation.proceed(CglibAopProxy.java:765)
	at org.springframework.aop.framework.CglibAopProxy$DynamicAdvisedInterceptor.intercept(CglibAopProxy.java:717)
	at com.example.cco.settlement.SettlementServiceImpl$$SpringCGLIB$$0.getSettlementDetail(<generated>)
	at com.example.cco.settlement.SettlementController.getSettlementDetail(SettlementController.java:79)
	at java.base/jdk.internal.reflect.NativeMethodAccessorImpl.invoke0(Native Method)
	at java.base/jdk.internal.reflect.NativeMethodAccessorImpl.invoke(NativeMethodAccessorImpl.java:77)
	at java.base/jdk.internal.reflect.DelegatingMethodAccessorImpl.invoke(DelegatingMethodAccessorImpl.java:43)
	at java.base/java.lang.reflect.Method.invoke(Method.java:569)
	at org.springframework.web.method.support.InvocableHandlerMethod.doInvoke(InvocableHandlerMethod.java:254)
	at org.springframework.web.method.support.InvocableHandlerMethod.invokeForRequest(InvocableHandlerMethod.java:182)
	at org.springframework.web.servlet.mvc.method.annotation.ServletInvocableHandlerMethod.invokeAndHandle(ServletInvocableHandlerMethod.java:118)
	at org.springframework.web.servlet.mvc.method.annotation.RequestMappingHandlerAdapter.invokeHandlerMethod(RequestMappingHandlerAdapter.java:917)
	at org.springframework.web.servlet.mvc.method.annotation.RequestMappingHandlerAdapter.handleInternal(RequestMappingHandlerAdapter.java:829)
	at org.springframework.web.servlet.mvc.method.AbstractHandlerMethodAdapter.handle(AbstractHandlerMethodAdapter.java:87)
	at org.springframework.web.servlet.DispatcherServlet.doDispatch(DispatcherServlet.java:1089)
	at org.springframework.web.servlet.DispatcherServlet.doService(DispatcherServlet.java:979)
	at org.springframework.web.servlet.FrameworkServlet.processRequest(FrameworkServlet.java:1014)
	at org.springframework.web.servlet.FrameworkServlet.doGet(FrameworkServlet.java:903)
	at jakarta.servlet.http.HttpServlet.service(HttpServlet.java:564)
	at org.springframework.web.servlet.FrameworkServlet.service(FrameworkServlet.java:885)
	at jakarta.servlet.http.HttpServlet.service(HttpServlet.java:658)
	at org.apache.catalina.core.ApplicationFilterChain.internalDoFilter(ApplicationFilterChain.java:205)
	at org.apache.catalina.core.ApplicationFilterChain.doFilter(ApplicationFilterChain.java:149)
	at org.apache.tomcat.websocket.server.WsFilter.doFilter(WsFilter.java:51)
	at org.apache.catalina.core.ApplicationFilterChain.internalDoFilter(ApplicationFilterChain.java:174)
	at org.apache.catalina.core.ApplicationFilterChain.doFilter(ApplicationFilterChain.java:149)
	at org.springframework.security.web.FilterChainProxy.lambda$doFilterInternal$3(FilterChainProxy.java:231)
	at org.springframework.security.web.FilterChainProxy$VirtualFilterChain.doFilter(FilterChainProxy.java:365)
	at org.springframework.security.web.access.intercept.AuthorizationFilter.doFilter(AuthorizationFilter.java:100)
	at org.springframework.security.web.FilterChainProxy$VirtualFilterChain.doFilter(FilterChainProxy.java:374)
	at org.springframework.security.web.access.ExceptionTranslationFilter.doFilter(ExceptionTranslationFilter.java:126)
	at org.springframework.security.web.access.ExceptionTranslationFilter.doFilter(ExceptionTranslationFilter.java:120)
	at org.springframework.security.web.FilterChainProxy$VirtualFilterChain.doFilter(FilterChainProxy.java:374)
	at org.springframework.security.web.session.SessionManagementFilter.doFilter(SessionManagementFilter.java:131)
	at org.springframework.security.web.session.SessionManagementFilter.doFilter(SessionManagementFilter.java:85)
	at org.springframework.security.web.FilterChainProxy$VirtualFilterChain.doFilter(FilterChainProxy.java:374)
	at org.springframework.security.web.authentication.AnonymousAuthenticationFilter.doFilter(AnonymousAuthenticationFilter.java:100)
	at org.springframework.security.web.FilterChainProxy$VirtualFilterChain.doFilter(FilterChainProxy.java:374)
	at org.springframework.security.web.servletapi.SecurityContextHolderAwareRequestFilter.doFilter(SecurityContextHolderAwareRequestFilter.java:179)
	at org.springframework.security.web.FilterChainProxy$VirtualFilterChain.doFilter(FilterChainProxy.java:374)
	at org.springframework.security.web.savedrequest.RequestCacheAwareFilter.doFilter(RequestCacheAwareFilter.java:63)
	at org.springframework.security.web.FilterChainProxy$VirtualFilterChain.doFilter(FilterChainProxy.java:374)
	at org.springframework.security.web.authentication.AbstractAuthenticationProcessingFilter.doFilter(AbstractAuthenticationProcessingFilter.java:227)
	at org.springframework.security.web.authentication.AbstractAuthenticationProcessingFilter.doFilter(AbstractAuthenticationProcessingFilter.java:221)
	at org.springframework.security.web.FilterChainProxy$VirtualFilterChain.doFilter(FilterChainProxy.java:374)
	at com.example.cco.security.JwtAuthorizationFilter.doFilterInternal(JwtAuthorizationFilter.java:48)
	at org.springframework.web.filter.OncePerRequestFilter.doFilter(OncePerRequestFilter.java:116)
	at org.springframework.security.web.FilterChainProxy$VirtualFilterChain.doFilter(FilterChainProxy.java:374)
	at org.springframework.security.web.authentication.logout.LogoutFilter.doFilter(LogoutFilter.java:107)
	at org.springframework.security.web.authentication.logout.LogoutFilter.doFilter(LogoutFilter.java:93)
	at org.springframework.security.web.FilterChainProxy$VirtualFilterChain.doFilter(FilterChainProxy.java:374)
	at org.springframework.web.filter.CorsFilter.doFilterInternal(CorsFilter.java:91)
	at org.springframework.web.filter.OncePerRequestFilter.doFilter(OncePerRequestFilter.java:116)
	at org.springframework.security.web.FilterChainProxy$VirtualFilterChain.doFilter(FilterChainProxy.java:374)
	at org.springframework.security.web.header.HeaderWriterFilter.doHeadersAfter(HeaderWriterFilter.java:90)
	at org.springframework.security.web.header.HeaderWriterFilter.doFilterInternal(HeaderWriterFilter.java:75)
	at org.springframework.web.filter.OncePerRequestFilter.doFilter(OncePerRequestFilter.java:116)
	at org.springframework.security.web.FilterChainProxy$VirtualFilterChain.doFilter(FilterChainProxy.java:374)
	at org.springframework.security.web.context.SecurityContextHolderFilter.doFilter(SecurityContextHolderFilter.java:82)
	at org.springframework.security.web.context.SecurityContextHolderFilter.doFilter(SecurityContextHolderFilter.java:69)
	at org.springframework.security.web.FilterChainProxy$VirtualFilterChain.doFilter(FilterChainProxy.java:374)
	at org.springframework.security.web.context.request.async.WebAsyncManagerIntegrationFilter.doFilterInternal(WebAsyncManagerIntegrationFilter.java:62)
	at org.springframework.web.filter.OncePerRequestFilter.doFilter(OncePerRequestFilter.java:116)
	at org.springframework.security.web.FilterChainProxy$VirtualFilterChain.doFilter(FilterChainProxy.java:374)
	at org.springframework.security.web.session.DisableEncodeUrlFilter.doFilterInternal(DisableEncodeUrlFilter.java:42)
	at org.springframework.web.filter.OncePerRequestFilter.doFilter(OncePerRequestFilter.java:116)
	at org.springframework.security.web.FilterChainProxy$VirtualFilterChain.doFilter(FilterChainProxy.java:374)
	at org.springframework.security.web.FilterChainProxy.doFilterInternal(FilterChainProxy.java:233)
	at org.springframework.security.web.FilterChainProxy.doFilter(FilterChainProxy.java:191)
	at org.springframework.web.filter.DelegatingFilterProxy.invokeDelegate(DelegatingFilterProxy.java:352)
	at org.springframework.web.filter.DelegatingFilterProxy.doFilter(DelegatingFilterProxy.java:268)
	at org.apache.catalina.core.ApplicationFilterChain.internalDoFilter(ApplicationFilterChain.java:174)
	at org.apache.catalina.core.ApplicationFilterChain.doFilter(ApplicationFilterChain.java:149)
	at org.springframework.web.filter.RequestContextFilter.doFilterInternal(RequestContextFilter.java:100)
	at org.springframework.web.filter.OncePerRequestFilter.doFilter(OncePerRequestFilter.java:116)
	at org.apache.catalina.core.ApplicationFilterChain.internalDoFilter(ApplicationFilterChain.java:174)
	at org.apache.catalina.core.ApplicationFilterChain.doFilter(ApplicationFilterChain.java:149)
	at org.springframework.web.filter.FormContentFilter.doFilterInternal(FormContentFilter.java:93)
	at org.springframework.web.filter.OncePerRequestFilter.doFilter(OncePerRequestFilter.java:116)
	at org.apache.catalina.core.ApplicationFilterChain.internalDoFilter(ApplicationFilterChain.java:174)
	at org.apache.catalina.core.ApplicationFilterChain.doFilter(ApplicationFilterChain.java:149)
	at org.springframework.web.filter.CharacterEncodingFilter.doFilterInternal(CharacterEncodingFilter.java:201)
	at org.springframework.web.filter.OncePerRequestFilter.doFilter(OncePerRequestFilter.java:116)
	at org.apache.catalina.core.ApplicationFilterChain.internalDoFilter(ApplicationFilterChain.java:174)
	at org.apache.catalina.core.ApplicationFilterChain.doFilter(ApplicationFilterChain.java:149)
	at org.apache.catalina.core.StandardWrapperValve.invoke(StandardWrapperValve.java:167)
	at org.apache.catalina.core.StandardContextValve.invoke(StandardContextValve.java:90)
	at org.apache.catalina.authenticator.AuthenticatorBase.invoke(AuthenticatorBase.java:482)
	at org.apache.catalina.core.StandardHostValve.invoke(StandardHostValve.java:115)
	at org.apache.catalina.valves.ErrorReportValve.invoke(ErrorReportValve.java:93)
	at org.apache.catalina.core.StandardEngineValve.invoke(StandardEngineValve.java:74)
	at org.apache.catalina.connector.CoyoteAdapter.service(CoyoteAdapter.java:340)
	at org.apache.coyote.http11.Http11Processor.service(Http11Processor.java:391)
	at org.apache.coyote.AbstractProcessorLight.process(AbstractProcessorLight.java:63)
	at org.apache.coyote.AbstractProtocol$ConnectionHandler.process(AbstractProtocol.java:896)
	at org.apache.tomcat.util.net.NioEndpoint$SocketProcessor.doRun(NioEndpoint.java:1744)
	at org.apache.tomcat.util.net.SocketProcessorBase.run(SocketProcessorBase.java:52)
	at org.apache.tomcat.util.threads.ThreadPoolExecutor.runWorker(ThreadPoolExecutor.java:1191)
	at org.apache.tomcat.util.threads.ThreadPoolExecutor$Worker.run(ThreadPoolExecutor.java:659)
	at org.apache.tomcat.util.threads.TaskThread$WrappingRunnable.run(TaskThread.java:61)
	at java.base/java.lang.Thread.run(Thread.java:840)
Caused by: org.hibernate.exception.SQLGrammarException: JDBC exception executing SQL [select vte1_0.pkey,vte1_0.a1card,vte1_0.a1card_note,vte1_0.a1cash,vte1_0.a1cash_note,vte1_0.a1extra1,vte1_0.a1extra1name,vte1_0.a1extra1note,vte1_0.a1extra2,vte1_0.a1extra2name,vte1_0.a1extra2note,vte1_0.a1extra3,vte1_0.a1extra3name,vte1_0.a1extra3note,vte1_0.a1extra4,vte1_0.a1extra4name,vte1_0.a1extra4note,vte1_0.a1extra5,vte1_0.a1extra5name,vte1_0.a1extra5note,vte1_0.a1tax,vte1_0.a1tax_note,vte1_0.active_yn,vte1_0.a_total,vte1_0.b1electricity,vte1_0.b1electricity_note,vte1_0.b1etc_expense,vte1_0.b1etc_expense_note,vte1_0.b1extra1,vte1_0.b1extra1name,vte1_0.b1extra1note,vte1_0.b1extra2,vte1_0.b1extra2name,vte1_0.b1extra2note,vte1_0.b1extra3,vte1_0.b1extra3name,vte1_0.b1extra3note,vte1_0.b1extra4,vte1_0.b1extra4name,vte1_0.b1extra4note,vte1_0.b1extra5,vte1_0.b1extra5name,vte1_0.b1extra5note,vte1_0.b1gas,vte1_0.b1gas_note,vte1_0.b1internet,vte1_0.b1internet_note,vte1_0.b1maint,vte1_0.b1maint_note,vte1_0.b1rent,vte1_0.b1rent_note,vte1_0.b2charge,vte1_0.b2charge_note,vte1_0.b3etc,vte1_0.b3etc_note,vte1_0.b3extra1,vte1_0.b3extra1name,vte1_0.b3extra1note,vte1_0.b3extra2,vte1_0.b3extra2name,vte1_0.b3extra2note,vte1_0.b3extra3,vte1_0.b3extra3name,vte1_0.b3extra3note,vte1_0.b3extra4,vte1_0.b3extra4name,vte1_0.b3extra4note,vte1_0.b3extra5,vte1_0.b3extra5name,vte1_0.b3extra5note,vte1_0.b3material,vte1_0.b3material_note,vte1_0.b4donation,vte1_0.b4donation_note,vte1_0.b4extra1,vte1_0.b4extra1name,vte1_0.b4extra1note,vte1_0.b4extra2,vte1_0.b4extra2name,vte1_0.b4extra2note,vte1_0.b4extra3,vte1_0.b4extra3name,vte1_0.b4extra3note,vte1_0.b4extra4,vte1_0.b4extra4name,vte1_0.b4extra4note,vte1_0.b4extra5,vte1_0.b4extra5name,vte1_0.b4extra5note,vte1_0.b4init_product,vte1_0.b4init_product_note,vte1_0.bank,vte1_0.bank_account,vte1_0.bank_account_number,vte1_0.brand_cd,vte1_0.brand_name,vte1_0.b_total,vte1_0.c1card_fee,vte1_0.c1card_fee_note,vte1_0.c1electricity,vte1_0.c1electricity_note,vte1_0.c1etc_expense,vte1_0.c1etc_expense_note,vte1_0.c1extra1,vte1_0.c1extra1name,vte1_0.c1extra1note,vte1_0.c1extra2,vte1_0.c1extra2name,vte1_0.c1extra2note,vte1_0.c1extra3,vte1_0.c1extra3name,vte1_0.c1extra3note,vte1_0.c1extra4,vte1_0.c1extra4name,vte1_0.c1extra4note,vte1_0.c1extra5,vte1_0.c1extra5name,vte1_0.c1extra5note,vte1_0.c1gas,vte1_0.c1gas_note,vte1_0.c1insurance,vte1_0.c1insurance_note,vte1_0.c1rent,vte1_0.c1rent_note,vte1_0.c1water,vte1_0.c1water_note,vte1_0.c2extra1,vte1_0.c2extra1name,vte1_0.c2extra1note,vte1_0.c2extra2,vte1_0.c2extra2name,vte1_0.c2extra2note,vte1_0.c2extra3,vte1_0.c2extra3name,vte1_0.c2extra3note,vte1_0.c2extra4,vte1_0.c2extra4name,vte1_0.c2extra4note,vte1_0.c2extra5,vte1_0.c2extra5name,vte1_0.c2extra5note,vte1_0.c2interest_cost,vte1_0.c2interest_cost_note,vte1_0.closed_yn,vte1_0.d1carryover,vte1_0.d1carryover_note,vte1_0.d1extra1,vte1_0.d1extra1name,vte1_0.d1extra1note,vte1_0.d1extra2,vte1_0.d1extra2name,vte1_0.d1extra2note,vte1_0.d1extra3,vte1_0.d1extra3name,vte1_0.d1extra3note,vte1_0.d1extra4,vte1_0.d1extra4name,vte1_0.d1extra4note,vte1_0.d1extra5,vte1_0.d1extra5name,vte1_0.d1extra5note,vte1_0.d1material,vte1_0.d1material_note,vte1_0.d1store_maint,vte1_0.d1store_maint_note,vte1_0.d2cash,vte1_0.d2cash_note,vte1_0.d2extra1,vte1_0.d2extra1name,vte1_0.d2extra1note,vte1_0.d2extra2,vte1_0.d2extra2name,vte1_0.d2extra2note,vte1_0.d2extra3,vte1_0.d2extra3name,vte1_0.d2extra3note,vte1_0.d2extra4,vte1_0.d2extra4name,vte1_0.d2extra4note,vte1_0.d2extra5,vte1_0.d2extra5name,vte1_0.d2extra5note,vte1_0.d3extra1,vte1_0.d3extra1name,vte1_0.d3extra1note,vte1_0.d3extra2,vte1_0.d3extra2name,vte1_0.d3extra2note,vte1_0.d3extra3,vte1_0.d3extra3name,vte1_0.d3extra3note,vte1_0.d3extra4,vte1_0.d3extra4name,vte1_0.d3extra4note,vte1_0.d3extra5,vte1_0.d3extra5name,vte1_0.d3extra5note,vte1_0.d3init_product,vte1_0.d3init_product_note,vte1_0.d3rent,vte1_0.d3rent_note,vte1_0.deposit_amount,vte1_0.insert_timestamp,vte1_0.owner,vte1_0.phone,vte1_0.sales_profit,vte1_0.settle_amount,vte1_0.settlement_amount,vte1_0.settlement_cd,vte1_0.settlement_title,vte1_0.settlement_ymd,vte1_0.src_a1card,vte1_0.src_a1cash,vte1_0.src_b1electricity,vte1_0.src_b3material,vte1_0.src_c1card_fee,vte1_0.src_d1material,vte1_0.store_code,vte1_0.store_name,vte1_0.update_timestamp from cnco.vsettlement_total vte1_0 where vte1_0.pkey=?] [ERROR: column vte1_0.settle_amount does not exist
  Position: 3893] [n/a]
	at org.hibernate.exception.internal.SQLStateConversionDelegate.convert(SQLStateConversionDelegate.java:91)
	at org.hibernate.exception.internal.StandardSQLExceptionConverter.convert(StandardSQLExceptionConverter.java:58)
	at org.hibernate.engine.jdbc.spi.SqlExceptionHelper.convert(SqlExceptionHelper.java:108)
	at org.hibernate.engine.jdbc.spi.SqlExceptionHelper.convert(SqlExceptionHelper.java:94)
	at org.hibernate.sql.results.jdbc.internal.DeferredResultSetAccess.executeQuery(DeferredResultSetAccess.java:258)
	at org.hibernate.sql.results.jdbc.internal.DeferredResultSetAccess.getResultSet(DeferredResultSetAccess.java:164)
	at org.hibernate.sql.results.jdbc.internal.JdbcValuesResultSetImpl.advanceNext(JdbcValuesResultSetImpl.java:218)
	at org.hibernate.sql.results.jdbc.internal.JdbcValuesResultSetImpl.processNext(JdbcValuesResultSetImpl.java:98)
	at org.hibernate.sql.results.jdbc.internal.AbstractJdbcValues.next(AbstractJdbcValues.java:19)
	at org.hibernate.sql.results.internal.RowProcessingStateStandardImpl.next(RowProcessingStateStandardImpl.java:66)
	at org.hibernate.sql.results.spi.ListResultsConsumer.consume(ListResultsConsumer.java:186)
	at org.hibernate.sql.results.spi.ListResultsConsumer.consume(ListResultsConsumer.java:33)
	at org.hibernate.sql.exec.internal.JdbcSelectExecutorStandardImpl.doExecuteQuery(JdbcSelectExecutorStandardImpl.java:361)
	at org.hibernate.sql.exec.internal.JdbcSelectExecutorStandardImpl.executeQuery(JdbcSelectExecutorStandardImpl.java:168)
	at org.hibernate.sql.exec.internal.JdbcSelectExecutorStandardImpl.list(JdbcSelectExecutorStandardImpl.java:93)
	at org.hibernate.sql.exec.spi.JdbcSelectExecutor.list(JdbcSelectExecutor.java:31)
	at org.hibernate.loader.ast.internal.SingleIdLoadPlan.load(SingleIdLoadPlan.java:145)
	at org.hibernate.loader.ast.internal.SingleIdLoadPlan.load(SingleIdLoadPlan.java:117)
	at org.hibernate.loader.ast.internal.SingleIdEntityLoaderStandardImpl.load(SingleIdEntityLoaderStandardImpl.java:75)
	at org.hibernate.persister.entity.AbstractEntityPersister.doLoad(AbstractEntityPersister.java:3673)
	at org.hibernate.persister.entity.AbstractEntityPersister.load(AbstractEntityPersister.java:3662)
	at org.hibernate.event.internal.DefaultLoadEventListener.loadFromDatasource(DefaultLoadEventListener.java:591)
	at org.hibernate.event.internal.DefaultLoadEventListener.loadFromCacheOrDatasource(DefaultLoadEventListener.java:577)
	at org.hibernate.event.internal.DefaultLoadEventListener.load(DefaultLoadEventListener.java:547)
	at org.hibernate.event.internal.DefaultLoadEventListener.doLoad(DefaultLoadEventListener.java:531)
	at org.hibernate.event.internal.DefaultLoadEventListener.load(DefaultLoadEventListener.java:206)
	at org.hibernate.event.internal.DefaultLoadEventListener.loadWithRegularProxy(DefaultLoadEventListener.java:286)
	at org.hibernate.event.internal.DefaultLoadEventListener.proxyOrLoad(DefaultLoadEventListener.java:241)
	at org.hibernate.event.internal.DefaultLoadEventListener.doOnLoad(DefaultLoadEventListener.java:110)
	at org.hibernate.event.internal.DefaultLoadEventListener.onLoad(DefaultLoadEventListener.java:67)
	at org.hibernate.event.service.internal.EventListenerGroupImpl.fireEventOnEachListener(EventListenerGroupImpl.java:138)
	at org.hibernate.internal.SessionImpl.fireLoadNoChecks(SessionImpl.java:1234)
	at org.hibernate.internal.SessionImpl.fireLoad(SessionImpl.java:1222)
	at org.hibernate.loader.internal.IdentifierLoadAccessImpl.load(IdentifierLoadAccessImpl.java:209)
	at org.hibernate.loader.internal.IdentifierLoadAccessImpl.doLoad(IdentifierLoadAccessImpl.java:160)
	at org.hibernate.loader.internal.IdentifierLoadAccessImpl.lambda$load$1(IdentifierLoadAccessImpl.java:149)
	at org.hibernate.loader.internal.IdentifierLoadAccessImpl.perform(IdentifierLoadAccessImpl.java:112)
	at org.hibernate.loader.internal.IdentifierLoadAccessImpl.load(IdentifierLoadAccessImpl.java:149)
	at org.hibernate.internal.SessionImpl.find(SessionImpl.java:2430)
	at org.hibernate.internal.SessionImpl.find(SessionImpl.java:2401)
	at java.base/jdk.internal.reflect.NativeMethodAccessorImpl.invoke0(Native Method)
	at java.base/jdk.internal.reflect.NativeMethodAccessorImpl.invoke(NativeMethodAccessorImpl.java:77)
	at java.base/jdk.internal.reflect.DelegatingMethodAccessorImpl.invoke(DelegatingMethodAccessorImpl.java:43)
	at java.base/java.lang.reflect.Method.invoke(Method.java:569)
	at org.springframework.orm.jpa.ExtendedEntityManagerCreator$ExtendedEntityManagerInvocationHandler.invoke(ExtendedEntityManagerCreator.java:360)
	at jdk.proxy2/jdk.proxy2.$Proxy134.find(Unknown Source)
	at java.base/jdk.internal.reflect.NativeMethodAccessorImpl.invoke0(Native Method)
	at java.base/jdk.internal.reflect.NativeMethodAccessorImpl.invoke(NativeMethodAccessorImpl.java:77)
	at java.base/jdk.internal.reflect.DelegatingMethodAccessorImpl.invoke(DelegatingMethodAccessorImpl.java:43)
	at java.base/java.lang.reflect.Method.invoke(Method.java:569)
	at org.springframework.orm.jpa.SharedEntityManagerCreator$SharedEntityManagerInvocationHandler.invoke(SharedEntityManagerCreator.java:311)
	at jdk.proxy2/jdk.proxy2.$Proxy134.find(Unknown Source)
	at org.springframework.data.jpa.repository.support.SimpleJpaRepository.findById(SimpleJpaRepository.java:313)
	at java.base/jdk.internal.reflect.NativeMethodAccessorImpl.invoke0(Native Method)
	at java.base/jdk.internal.reflect.NativeMethodAccessorImpl.invoke(NativeMethodAccessorImpl.java:77)
	at java.base/jdk.internal.reflect.DelegatingMethodAccessorImpl.invoke(DelegatingMethodAccessorImpl.java:43)
	at java.base/java.lang.reflect.Method.invoke(Method.java:569)
	at org.springframework.aop.support.AopUtils.invokeJoinpointUsingReflection(AopUtils.java:352)
	at org.springframework.data.repository.core.support.RepositoryMethodInvoker$RepositoryFragmentMethodInvoker.lambda$new$0(RepositoryMethodInvoker.java:277)
	at org.springframework.data.repository.core.support.RepositoryMethodInvoker.doInvoke(RepositoryMethodInvoker.java:170)
	at org.springframework.data.repository.core.support.RepositoryMethodInvoker.invoke(RepositoryMethodInvoker.java:158)
	at org.springframework.data.repository.core.support.RepositoryComposition$RepositoryFragments.invoke(RepositoryComposition.java:516)
	at org.springframework.data.repository.core.support.RepositoryComposition.invoke(RepositoryComposition.java:285)
	at org.springframework.data.repository.core.support.RepositoryFactorySupport$ImplementationMethodExecutionInterceptor.invoke(RepositoryFactorySupport.java:628)
	at org.springframework.aop.framework.ReflectiveMethodInvocation.proceed(ReflectiveMethodInvocation.java:184)
	at org.springframework.data.repository.core.support.QueryExecutorMethodInterceptor.doInvoke(QueryExecutorMethodInterceptor.java:168)
	at org.springframework.data.repository.core.support.QueryExecutorMethodInterceptor.invoke(QueryExecutorMethodInterceptor.java:143)
	at org.springframework.aop.framework.ReflectiveMethodInvocation.proceed(ReflectiveMethodInvocation.java:184)
	at org.springframework.data.projection.DefaultMethodInvokingMethodInterceptor.invoke(DefaultMethodInvokingMethodInterceptor.java:70)
	at org.springframework.aop.framework.ReflectiveMethodInvocation.proceed(ReflectiveMethodInvocation.java:184)
	at org.springframework.transaction.interceptor.TransactionInterceptor$1.proceedWithInvocation(TransactionInterceptor.java:123)
	at org.springframework.transaction.interceptor.TransactionAspectSupport.invokeWithinTransaction(TransactionAspectSupport.java:385)
	at org.springframework.transaction.interceptor.TransactionInterceptor.invoke(TransactionInterceptor.java:119)
	at org.springframework.aop.framework.ReflectiveMethodInvocation.proceed(ReflectiveMethodInvocation.java:184)
	at org.springframework.dao.support.PersistenceExceptionTranslationInterceptor.invoke(PersistenceExceptionTranslationInterceptor.java:137)
	... 121 more
Caused by: org.postgresql.util.PSQLException: ERROR: column vte1_0.settle_amount does not exist
  Position: 3893
	at org.postgresql.core.v3.QueryExecutorImpl.receiveErrorResponse(QueryExecutorImpl.java:2713)
	at org.postgresql.core.v3.QueryExecutorImpl.processResults(QueryExecutorImpl.java:2401)
	at org.postgresql.core.v3.QueryExecutorImpl.execute(QueryExecutorImpl.java:368)
	at org.postgresql.jdbc.PgStatement.executeInternal(PgStatement.java:498)
	at org.postgresql.jdbc.PgStatement.execute(PgStatement.java:415)
	at org.postgresql.jdbc.PgPreparedStatement.executeWithFlags(PgPreparedStatement.java:190)
	at org.postgresql.jdbc.PgPreparedStatement.executeQuery(PgPreparedStatement.java:134)
	at com.zaxxer.hikari.pool.ProxyPreparedStatement.executeQuery(ProxyPreparedStatement.java:52)
	at com.zaxxer.hikari.pool.HikariProxyPreparedStatement.executeQuery(HikariProxyPreparedStatement.java)
	at org.hibernate.sql.results.jdbc.internal.DeferredResultSetAccess.executeQuery(DeferredResultSetAccess.java:240)
	... 191 more

2025-04-30T08:40:42.019+09:00  INFO 16156 --- [http-nio-4080-exec-8] c.e.cco.security.JwtAuthorizationFilter  : token =eyJhbGciOiJIUzUxMiJ9.eyJzdWIiOiJhZG1pbiIsInJvbGUiOiJBRE1JTiIsImlhdCI6MTc0NTk2OTIzNywiZXhwIjoxNzQ1OTk4MDM3fQ.wiA_QqMmtrXJb4uNDkhaCfIK3bC8lZxSd3ID7_G7j-8l50Fxom-SdwSZGTmZp6ugeUaqXdXNiH8-1-s7fcZFCw
2025-04-30T08:40:42.026+09:00  INFO 16156 --- [http-nio-4080-exec-8] c.example.cco.security.JwtTokenProvider  : Wed Apr 30 08:40:42 KST 2025
2025-04-30T08:40:42.026+09:00  INFO 16156 --- [http-nio-4080-exec-8] c.example.cco.security.JwtTokenProvider  : false
2025-04-30T08:40:57.169+09:00  INFO 16156 --- [http-nio-4080-exec-9] c.e.cco.security.JwtAuthorizationFilter  : token =eyJhbGciOiJIUzUxMiJ9.eyJzdWIiOiJhZG1pbiIsInJvbGUiOiJBRE1JTiIsImlhdCI6MTc0NTk2OTIzNywiZXhwIjoxNzQ1OTk4MDM3fQ.wiA_QqMmtrXJb4uNDkhaCfIK3bC8lZxSd3ID7_G7j-8l50Fxom-SdwSZGTmZp6ugeUaqXdXNiH8-1-s7fcZFCw
2025-04-30T08:40:57.171+09:00  INFO 16156 --- [http-nio-4080-exec-9] c.example.cco.security.JwtTokenProvider  : Wed Apr 30 08:40:57 KST 2025
2025-04-30T08:40:57.171+09:00  INFO 16156 --- [http-nio-4080-exec-9] c.example.cco.security.JwtTokenProvider  : false
2025-04-30T08:40:58.058+09:00  INFO 16156 --- [http-nio-4080-exec-10] c.e.cco.security.JwtAuthorizationFilter  : token =eyJhbGciOiJIUzUxMiJ9.eyJzdWIiOiJhZG1pbiIsInJvbGUiOiJBRE1JTiIsImlhdCI6MTc0NTk2OTIzNywiZXhwIjoxNzQ1OTk4MDM3fQ.wiA_QqMmtrXJb4uNDkhaCfIK3bC8lZxSd3ID7_G7j-8l50Fxom-SdwSZGTmZp6ugeUaqXdXNiH8-1-s7fcZFCw
2025-04-30T08:40:58.059+09:00  INFO 16156 --- [http-nio-4080-exec-10] c.example.cco.security.JwtTokenProvider  : Wed Apr 30 08:40:58 KST 2025
2025-04-30T08:40:58.060+09:00  INFO 16156 --- [http-nio-4080-exec-10] c.example.cco.security.JwtTokenProvider  : false
2025-04-30T08:40:58.119+09:00  INFO 16156 --- [http-nio-4080-exec-1] c.e.cco.security.JwtAuthorizationFilter  : token =eyJhbGciOiJIUzUxMiJ9.eyJzdWIiOiJhZG1pbiIsInJvbGUiOiJBRE1JTiIsImlhdCI6MTc0NTk2OTIzNywiZXhwIjoxNzQ1OTk4MDM3fQ.wiA_QqMmtrXJb4uNDkhaCfIK3bC8lZxSd3ID7_G7j-8l50Fxom-SdwSZGTmZp6ugeUaqXdXNiH8-1-s7fcZFCw
2025-04-30T08:40:58.127+09:00  INFO 16156 --- [http-nio-4080-exec-1] c.example.cco.security.JwtTokenProvider  : Wed Apr 30 08:40:58 KST 2025
2025-04-30T08:40:58.128+09:00  INFO 16156 --- [http-nio-4080-exec-1] c.example.cco.security.JwtTokenProvider  : false
2025-04-30T08:40:58.160+09:00  INFO 16156 --- [http-nio-4080-exec-3] c.e.cco.security.JwtAuthorizationFilter  : token =eyJhbGciOiJIUzUxMiJ9.eyJzdWIiOiJhZG1pbiIsInJvbGUiOiJBRE1JTiIsImlhdCI6MTc0NTk2OTIzNywiZXhwIjoxNzQ1OTk4MDM3fQ.wiA_QqMmtrXJb4uNDkhaCfIK3bC8lZxSd3ID7_G7j-8l50Fxom-SdwSZGTmZp6ugeUaqXdXNiH8-1-s7fcZFCw
2025-04-30T08:40:58.163+09:00  INFO 16156 --- [http-nio-4080-exec-3] c.example.cco.security.JwtTokenProvider  : Wed Apr 30 08:40:58 KST 2025
2025-04-30T08:40:58.163+09:00  INFO 16156 --- [http-nio-4080-exec-3] c.example.cco.security.JwtTokenProvider  : false
2025-04-30T08:40:58.185+09:00  WARN 16156 --- [http-nio-4080-exec-3] o.h.engine.jdbc.spi.SqlExceptionHelper   : SQL Error: 0, SQLState: 42703
2025-04-30T08:40:58.186+09:00 ERROR 16156 --- [http-nio-4080-exec-3] o.h.engine.jdbc.spi.SqlExceptionHelper   : ERROR: column vte1_0.settle_amount does not exist
  Position: 3893
2025-04-30T08:40:58.186+09:00  INFO 16156 --- [http-nio-4080-exec-3] o.h.e.internal.DefaultLoadEventListener  : HHH000327: Error performing load command

org.hibernate.exception.SQLGrammarException: JDBC exception executing SQL [select vte1_0.pkey,vte1_0.a1card,vte1_0.a1card_note,vte1_0.a1cash,vte1_0.a1cash_note,vte1_0.a1extra1,vte1_0.a1extra1name,vte1_0.a1extra1note,vte1_0.a1extra2,vte1_0.a1extra2name,vte1_0.a1extra2note,vte1_0.a1extra3,vte1_0.a1extra3name,vte1_0.a1extra3note,vte1_0.a1extra4,vte1_0.a1extra4name,vte1_0.a1extra4note,vte1_0.a1extra5,vte1_0.a1extra5name,vte1_0.a1extra5note,vte1_0.a1tax,vte1_0.a1tax_note,vte1_0.active_yn,vte1_0.a_total,vte1_0.b1electricity,vte1_0.b1electricity_note,vte1_0.b1etc_expense,vte1_0.b1etc_expense_note,vte1_0.b1extra1,vte1_0.b1extra1name,vte1_0.b1extra1note,vte1_0.b1extra2,vte1_0.b1extra2name,vte1_0.b1extra2note,vte1_0.b1extra3,vte1_0.b1extra3name,vte1_0.b1extra3note,vte1_0.b1extra4,vte1_0.b1extra4name,vte1_0.b1extra4note,vte1_0.b1extra5,vte1_0.b1extra5name,vte1_0.b1extra5note,vte1_0.b1gas,vte1_0.b1gas_note,vte1_0.b1internet,vte1_0.b1internet_note,vte1_0.b1maint,vte1_0.b1maint_note,vte1_0.b1rent,vte1_0.b1rent_note,vte1_0.b2charge,vte1_0.b2charge_note,vte1_0.b3etc,vte1_0.b3etc_note,vte1_0.b3extra1,vte1_0.b3extra1name,vte1_0.b3extra1note,vte1_0.b3extra2,vte1_0.b3extra2name,vte1_0.b3extra2note,vte1_0.b3extra3,vte1_0.b3extra3name,vte1_0.b3extra3note,vte1_0.b3extra4,vte1_0.b3extra4name,vte1_0.b3extra4note,vte1_0.b3extra5,vte1_0.b3extra5name,vte1_0.b3extra5note,vte1_0.b3material,vte1_0.b3material_note,vte1_0.b4donation,vte1_0.b4donation_note,vte1_0.b4extra1,vte1_0.b4extra1name,vte1_0.b4extra1note,vte1_0.b4extra2,vte1_0.b4extra2name,vte1_0.b4extra2note,vte1_0.b4extra3,vte1_0.b4extra3name,vte1_0.b4extra3note,vte1_0.b4extra4,vte1_0.b4extra4name,vte1_0.b4extra4note,vte1_0.b4extra5,vte1_0.b4extra5name,vte1_0.b4extra5note,vte1_0.b4init_product,vte1_0.b4init_product_note,vte1_0.bank,vte1_0.bank_account,vte1_0.bank_account_number,vte1_0.brand_cd,vte1_0.brand_name,vte1_0.b_total,vte1_0.c1card_fee,vte1_0.c1card_fee_note,vte1_0.c1electricity,vte1_0.c1electricity_note,vte1_0.c1etc_expense,vte1_0.c1etc_expense_note,vte1_0.c1extra1,vte1_0.c1extra1name,vte1_0.c1extra1note,vte1_0.c1extra2,vte1_0.c1extra2name,vte1_0.c1extra2note,vte1_0.c1extra3,vte1_0.c1extra3name,vte1_0.c1extra3note,vte1_0.c1extra4,vte1_0.c1extra4name,vte1_0.c1extra4note,vte1_0.c1extra5,vte1_0.c1extra5name,vte1_0.c1extra5note,vte1_0.c1gas,vte1_0.c1gas_note,vte1_0.c1insurance,vte1_0.c1insurance_note,vte1_0.c1rent,vte1_0.c1rent_note,vte1_0.c1water,vte1_0.c1water_note,vte1_0.c2extra1,vte1_0.c2extra1name,vte1_0.c2extra1note,vte1_0.c2extra2,vte1_0.c2extra2name,vte1_0.c2extra2note,vte1_0.c2extra3,vte1_0.c2extra3name,vte1_0.c2extra3note,vte1_0.c2extra4,vte1_0.c2extra4name,vte1_0.c2extra4note,vte1_0.c2extra5,vte1_0.c2extra5name,vte1_0.c2extra5note,vte1_0.c2interest_cost,vte1_0.c2interest_cost_note,vte1_0.closed_yn,vte1_0.d1carryover,vte1_0.d1carryover_note,vte1_0.d1extra1,vte1_0.d1extra1name,vte1_0.d1extra1note,vte1_0.d1extra2,vte1_0.d1extra2name,vte1_0.d1extra2note,vte1_0.d1extra3,vte1_0.d1extra3name,vte1_0.d1extra3note,vte1_0.d1extra4,vte1_0.d1extra4name,vte1_0.d1extra4note,vte1_0.d1extra5,vte1_0.d1extra5name,vte1_0.d1extra5note,vte1_0.d1material,vte1_0.d1material_note,vte1_0.d1store_maint,vte1_0.d1store_maint_note,vte1_0.d2cash,vte1_0.d2cash_note,vte1_0.d2extra1,vte1_0.d2extra1name,vte1_0.d2extra1note,vte1_0.d2extra2,vte1_0.d2extra2name,vte1_0.d2extra2note,vte1_0.d2extra3,vte1_0.d2extra3name,vte1_0.d2extra3note,vte1_0.d2extra4,vte1_0.d2extra4name,vte1_0.d2extra4note,vte1_0.d2extra5,vte1_0.d2extra5name,vte1_0.d2extra5note,vte1_0.d3extra1,vte1_0.d3extra1name,vte1_0.d3extra1note,vte1_0.d3extra2,vte1_0.d3extra2name,vte1_0.d3extra2note,vte1_0.d3extra3,vte1_0.d3extra3name,vte1_0.d3extra3note,vte1_0.d3extra4,vte1_0.d3extra4name,vte1_0.d3extra4note,vte1_0.d3extra5,vte1_0.d3extra5name,vte1_0.d3extra5note,vte1_0.d3init_product,vte1_0.d3init_product_note,vte1_0.d3rent,vte1_0.d3rent_note,vte1_0.deposit_amount,vte1_0.insert_timestamp,vte1_0.owner,vte1_0.phone,vte1_0.sales_profit,vte1_0.settle_amount,vte1_0.settlement_amount,vte1_0.settlement_cd,vte1_0.settlement_title,vte1_0.settlement_ymd,vte1_0.src_a1card,vte1_0.src_a1cash,vte1_0.src_b1electricity,vte1_0.src_b3material,vte1_0.src_c1card_fee,vte1_0.src_d1material,vte1_0.store_code,vte1_0.store_name,vte1_0.update_timestamp from cnco.vsettlement_total vte1_0 where vte1_0.pkey=?] [ERROR: column vte1_0.settle_amount does not exist
  Position: 3893] [n/a]
	at org.hibernate.exception.internal.SQLStateConversionDelegate.convert(SQLStateConversionDelegate.java:91) ~[hibernate-core-6.3.1.Final.jar:6.3.1.Final]
	at org.hibernate.exception.internal.StandardSQLExceptionConverter.convert(StandardSQLExceptionConverter.java:58) ~[hibernate-core-6.3.1.Final.jar:6.3.1.Final]
	at org.hibernate.engine.jdbc.spi.SqlExceptionHelper.convert(SqlExceptionHelper.java:108) ~[hibernate-core-6.3.1.Final.jar:6.3.1.Final]
	at org.hibernate.engine.jdbc.spi.SqlExceptionHelper.convert(SqlExceptionHelper.java:94) ~[hibernate-core-6.3.1.Final.jar:6.3.1.Final]
	at org.hibernate.sql.results.jdbc.internal.DeferredResultSetAccess.executeQuery(DeferredResultSetAccess.java:258) ~[hibernate-core-6.3.1.Final.jar:6.3.1.Final]
	at org.hibernate.sql.results.jdbc.internal.DeferredResultSetAccess.getResultSet(DeferredResultSetAccess.java:164) ~[hibernate-core-6.3.1.Final.jar:6.3.1.Final]
	at org.hibernate.sql.results.jdbc.internal.JdbcValuesResultSetImpl.advanceNext(JdbcValuesResultSetImpl.java:218) ~[hibernate-core-6.3.1.Final.jar:6.3.1.Final]
	at org.hibernate.sql.results.jdbc.internal.JdbcValuesResultSetImpl.processNext(JdbcValuesResultSetImpl.java:98) ~[hibernate-core-6.3.1.Final.jar:6.3.1.Final]
	at org.hibernate.sql.results.jdbc.internal.AbstractJdbcValues.next(AbstractJdbcValues.java:19) ~[hibernate-core-6.3.1.Final.jar:6.3.1.Final]
	at org.hibernate.sql.results.internal.RowProcessingStateStandardImpl.next(RowProcessingStateStandardImpl.java:66) ~[hibernate-core-6.3.1.Final.jar:6.3.1.Final]
	at org.hibernate.sql.results.spi.ListResultsConsumer.consume(ListResultsConsumer.java:186) ~[hibernate-core-6.3.1.Final.jar:6.3.1.Final]
	at org.hibernate.sql.results.spi.ListResultsConsumer.consume(ListResultsConsumer.java:33) ~[hibernate-core-6.3.1.Final.jar:6.3.1.Final]
	at org.hibernate.sql.exec.internal.JdbcSelectExecutorStandardImpl.doExecuteQuery(JdbcSelectExecutorStandardImpl.java:361) ~[hibernate-core-6.3.1.Final.jar:6.3.1.Final]
	at org.hibernate.sql.exec.internal.JdbcSelectExecutorStandardImpl.executeQuery(JdbcSelectExecutorStandardImpl.java:168) ~[hibernate-core-6.3.1.Final.jar:6.3.1.Final]
	at org.hibernate.sql.exec.internal.JdbcSelectExecutorStandardImpl.list(JdbcSelectExecutorStandardImpl.java:93) ~[hibernate-core-6.3.1.Final.jar:6.3.1.Final]
	at org.hibernate.sql.exec.spi.JdbcSelectExecutor.list(JdbcSelectExecutor.java:31) ~[hibernate-core-6.3.1.Final.jar:6.3.1.Final]
	at org.hibernate.loader.ast.internal.SingleIdLoadPlan.load(SingleIdLoadPlan.java:145) ~[hibernate-core-6.3.1.Final.jar:6.3.1.Final]
	at org.hibernate.loader.ast.internal.SingleIdLoadPlan.load(SingleIdLoadPlan.java:117) ~[hibernate-core-6.3.1.Final.jar:6.3.1.Final]
	at org.hibernate.loader.ast.internal.SingleIdEntityLoaderStandardImpl.load(SingleIdEntityLoaderStandardImpl.java:75) ~[hibernate-core-6.3.1.Final.jar:6.3.1.Final]
	at org.hibernate.persister.entity.AbstractEntityPersister.doLoad(AbstractEntityPersister.java:3673) ~[hibernate-core-6.3.1.Final.jar:6.3.1.Final]
	at org.hibernate.persister.entity.AbstractEntityPersister.load(AbstractEntityPersister.java:3662) ~[hibernate-core-6.3.1.Final.jar:6.3.1.Final]
	at org.hibernate.event.internal.DefaultLoadEventListener.loadFromDatasource(DefaultLoadEventListener.java:591) ~[hibernate-core-6.3.1.Final.jar:6.3.1.Final]
	at org.hibernate.event.internal.DefaultLoadEventListener.loadFromCacheOrDatasource(DefaultLoadEventListener.java:577) ~[hibernate-core-6.3.1.Final.jar:6.3.1.Final]
	at org.hibernate.event.internal.DefaultLoadEventListener.load(DefaultLoadEventListener.java:547) ~[hibernate-core-6.3.1.Final.jar:6.3.1.Final]
	at org.hibernate.event.internal.DefaultLoadEventListener.doLoad(DefaultLoadEventListener.java:531) ~[hibernate-core-6.3.1.Final.jar:6.3.1.Final]
	at org.hibernate.event.internal.DefaultLoadEventListener.load(DefaultLoadEventListener.java:206) ~[hibernate-core-6.3.1.Final.jar:6.3.1.Final]
	at org.hibernate.event.internal.DefaultLoadEventListener.loadWithRegularProxy(DefaultLoadEventListener.java:286) ~[hibernate-core-6.3.1.Final.jar:6.3.1.Final]
	at org.hibernate.event.internal.DefaultLoadEventListener.proxyOrLoad(DefaultLoadEventListener.java:241) ~[hibernate-core-6.3.1.Final.jar:6.3.1.Final]
	at org.hibernate.event.internal.DefaultLoadEventListener.doOnLoad(DefaultLoadEventListener.java:110) ~[hibernate-core-6.3.1.Final.jar:6.3.1.Final]
	at org.hibernate.event.internal.DefaultLoadEventListener.onLoad(DefaultLoadEventListener.java:67) ~[hibernate-core-6.3.1.Final.jar:6.3.1.Final]
	at org.hibernate.event.service.internal.EventListenerGroupImpl.fireEventOnEachListener(EventListenerGroupImpl.java:138) ~[hibernate-core-6.3.1.Final.jar:6.3.1.Final]
	at org.hibernate.internal.SessionImpl.fireLoadNoChecks(SessionImpl.java:1234) ~[hibernate-core-6.3.1.Final.jar:6.3.1.Final]
	at org.hibernate.internal.SessionImpl.fireLoad(SessionImpl.java:1222) ~[hibernate-core-6.3.1.Final.jar:6.3.1.Final]
	at org.hibernate.loader.internal.IdentifierLoadAccessImpl.load(IdentifierLoadAccessImpl.java:209) ~[hibernate-core-6.3.1.Final.jar:6.3.1.Final]
	at org.hibernate.loader.internal.IdentifierLoadAccessImpl.doLoad(IdentifierLoadAccessImpl.java:160) ~[hibernate-core-6.3.1.Final.jar:6.3.1.Final]
	at org.hibernate.loader.internal.IdentifierLoadAccessImpl.lambda$load$1(IdentifierLoadAccessImpl.java:149) ~[hibernate-core-6.3.1.Final.jar:6.3.1.Final]
	at org.hibernate.loader.internal.IdentifierLoadAccessImpl.perform(IdentifierLoadAccessImpl.java:112) ~[hibernate-core-6.3.1.Final.jar:6.3.1.Final]
	at org.hibernate.loader.internal.IdentifierLoadAccessImpl.load(IdentifierLoadAccessImpl.java:149) ~[hibernate-core-6.3.1.Final.jar:6.3.1.Final]
	at org.hibernate.internal.SessionImpl.find(SessionImpl.java:2430) ~[hibernate-core-6.3.1.Final.jar:6.3.1.Final]
	at org.hibernate.internal.SessionImpl.find(SessionImpl.java:2401) ~[hibernate-core-6.3.1.Final.jar:6.3.1.Final]
	at jdk.internal.reflect.GeneratedMethodAccessor65.invoke(Unknown Source) ~[na:na]
	at java.base/jdk.internal.reflect.DelegatingMethodAccessorImpl.invoke(DelegatingMethodAccessorImpl.java:43) ~[na:na]
	at java.base/java.lang.reflect.Method.invoke(Method.java:569) ~[na:na]
	at org.springframework.orm.jpa.ExtendedEntityManagerCreator$ExtendedEntityManagerInvocationHandler.invoke(ExtendedEntityManagerCreator.java:360) ~[spring-orm-6.1.1.jar:6.1.1]
	at jdk.proxy2/jdk.proxy2.$Proxy134.find(Unknown Source) ~[na:na]
	at jdk.internal.reflect.GeneratedMethodAccessor65.invoke(Unknown Source) ~[na:na]
	at java.base/jdk.internal.reflect.DelegatingMethodAccessorImpl.invoke(DelegatingMethodAccessorImpl.java:43) ~[na:na]
	at java.base/java.lang.reflect.Method.invoke(Method.java:569) ~[na:na]
	at org.springframework.orm.jpa.SharedEntityManagerCreator$SharedEntityManagerInvocationHandler.invoke(SharedEntityManagerCreator.java:311) ~[spring-orm-6.1.1.jar:6.1.1]
	at jdk.proxy2/jdk.proxy2.$Proxy134.find(Unknown Source) ~[na:na]
	at org.springframework.data.jpa.repository.support.SimpleJpaRepository.findById(SimpleJpaRepository.java:313) ~[spring-data-jpa-3.2.0.jar:3.2.0]
	at java.base/jdk.internal.reflect.NativeMethodAccessorImpl.invoke0(Native Method) ~[na:na]
	at java.base/jdk.internal.reflect.NativeMethodAccessorImpl.invoke(NativeMethodAccessorImpl.java:77) ~[na:na]
	at java.base/jdk.internal.reflect.DelegatingMethodAccessorImpl.invoke(DelegatingMethodAccessorImpl.java:43) ~[na:na]
	at java.base/java.lang.reflect.Method.invoke(Method.java:569) ~[na:na]
	at org.springframework.aop.support.AopUtils.invokeJoinpointUsingReflection(AopUtils.java:352) ~[spring-aop-6.1.1.jar:6.1.1]
	at org.springframework.data.repository.core.support.RepositoryMethodInvoker$RepositoryFragmentMethodInvoker.lambda$new$0(RepositoryMethodInvoker.java:277) ~[spring-data-commons-3.2.0.jar:3.2.0]
	at org.springframework.data.repository.core.support.RepositoryMethodInvoker.doInvoke(RepositoryMethodInvoker.java:170) ~[spring-data-commons-3.2.0.jar:3.2.0]
	at org.springframework.data.repository.core.support.RepositoryMethodInvoker.invoke(RepositoryMethodInvoker.java:158) ~[spring-data-commons-3.2.0.jar:3.2.0]
	at org.springframework.data.repository.core.support.RepositoryComposition$RepositoryFragments.invoke(RepositoryComposition.java:516) ~[spring-data-commons-3.2.0.jar:3.2.0]
	at org.springframework.data.repository.core.support.RepositoryComposition.invoke(RepositoryComposition.java:285) ~[spring-data-commons-3.2.0.jar:3.2.0]
	at org.springframework.data.repository.core.support.RepositoryFactorySupport$ImplementationMethodExecutionInterceptor.invoke(RepositoryFactorySupport.java:628) ~[spring-data-commons-3.2.0.jar:3.2.0]
	at org.springframework.aop.framework.ReflectiveMethodInvocation.proceed(ReflectiveMethodInvocation.java:184) ~[spring-aop-6.1.1.jar:6.1.1]
	at org.springframework.data.repository.core.support.QueryExecutorMethodInterceptor.doInvoke(QueryExecutorMethodInterceptor.java:168) ~[spring-data-commons-3.2.0.jar:3.2.0]
	at org.springframework.data.repository.core.support.QueryExecutorMethodInterceptor.invoke(QueryExecutorMethodInterceptor.java:143) ~[spring-data-commons-3.2.0.jar:3.2.0]
	at org.springframework.aop.framework.ReflectiveMethodInvocation.proceed(ReflectiveMethodInvocation.java:184) ~[spring-aop-6.1.1.jar:6.1.1]
	at org.springframework.data.projection.DefaultMethodInvokingMethodInterceptor.invoke(DefaultMethodInvokingMethodInterceptor.java:70) ~[spring-data-commons-3.2.0.jar:3.2.0]
	at org.springframework.aop.framework.ReflectiveMethodInvocation.proceed(ReflectiveMethodInvocation.java:184) ~[spring-aop-6.1.1.jar:6.1.1]
	at org.springframework.transaction.interceptor.TransactionInterceptor$1.proceedWithInvocation(TransactionInterceptor.java:123) ~[spring-tx-6.1.1.jar:6.1.1]
	at org.springframework.transaction.interceptor.TransactionAspectSupport.invokeWithinTransaction(TransactionAspectSupport.java:385) ~[spring-tx-6.1.1.jar:6.1.1]
	at org.springframework.transaction.interceptor.TransactionInterceptor.invoke(TransactionInterceptor.java:119) ~[spring-tx-6.1.1.jar:6.1.1]
	at org.springframework.aop.framework.ReflectiveMethodInvocation.proceed(ReflectiveMethodInvocation.java:184) ~[spring-aop-6.1.1.jar:6.1.1]
	at org.springframework.dao.support.PersistenceExceptionTranslationInterceptor.invoke(PersistenceExceptionTranslationInterceptor.java:137) ~[spring-tx-6.1.1.jar:6.1.1]
	at org.springframework.aop.framework.ReflectiveMethodInvocation.proceed(ReflectiveMethodInvocation.java:184) ~[spring-aop-6.1.1.jar:6.1.1]
	at org.springframework.data.jpa.repository.support.CrudMethodMetadataPostProcessor$CrudMethodMetadataPopulatingMethodInterceptor.invoke(CrudMethodMetadataPostProcessor.java:164) ~[spring-data-jpa-3.2.0.jar:3.2.0]
	at org.springframework.aop.framework.ReflectiveMethodInvocation.proceed(ReflectiveMethodInvocation.java:184) ~[spring-aop-6.1.1.jar:6.1.1]
	at org.springframework.aop.interceptor.ExposeInvocationInterceptor.invoke(ExposeInvocationInterceptor.java:97) ~[spring-aop-6.1.1.jar:6.1.1]
	at org.springframework.aop.framework.ReflectiveMethodInvocation.proceed(ReflectiveMethodInvocation.java:184) ~[spring-aop-6.1.1.jar:6.1.1]
	at org.springframework.aop.framework.JdkDynamicAopProxy.invoke(JdkDynamicAopProxy.java:249) ~[spring-aop-6.1.1.jar:6.1.1]
	at jdk.proxy2/jdk.proxy2.$Proxy146.findById(Unknown Source) ~[na:na]
	at com.example.cco.settlement.SettlementServiceImpl.getSettlementDetail(SettlementServiceImpl.java:564) ~[main/:na]
	at java.base/jdk.internal.reflect.NativeMethodAccessorImpl.invoke0(Native Method) ~[na:na]
	at java.base/jdk.internal.reflect.NativeMethodAccessorImpl.invoke(NativeMethodAccessorImpl.java:77) ~[na:na]
	at java.base/jdk.internal.reflect.DelegatingMethodAccessorImpl.invoke(DelegatingMethodAccessorImpl.java:43) ~[na:na]
	at java.base/java.lang.reflect.Method.invoke(Method.java:569) ~[na:na]
	at org.springframework.aop.support.AopUtils.invokeJoinpointUsingReflection(AopUtils.java:352) ~[spring-aop-6.1.1.jar:6.1.1]
	at org.springframework.aop.framework.ReflectiveMethodInvocation.invokeJoinpoint(ReflectiveMethodInvocation.java:196) ~[spring-aop-6.1.1.jar:6.1.1]
	at org.springframework.aop.framework.ReflectiveMethodInvocation.proceed(ReflectiveMethodInvocation.java:163) ~[spring-aop-6.1.1.jar:6.1.1]
	at org.springframework.aop.framework.CglibAopProxy$CglibMethodInvocation.proceed(CglibAopProxy.java:765) ~[spring-aop-6.1.1.jar:6.1.1]
	at org.springframework.transaction.interceptor.TransactionInterceptor$1.proceedWithInvocation(TransactionInterceptor.java:123) ~[spring-tx-6.1.1.jar:6.1.1]
	at org.springframework.transaction.interceptor.TransactionAspectSupport.invokeWithinTransaction(TransactionAspectSupport.java:385) ~[spring-tx-6.1.1.jar:6.1.1]
	at org.springframework.transaction.interceptor.TransactionInterceptor.invoke(TransactionInterceptor.java:119) ~[spring-tx-6.1.1.jar:6.1.1]
	at org.springframework.aop.framework.ReflectiveMethodInvocation.proceed(ReflectiveMethodInvocation.java:184) ~[spring-aop-6.1.1.jar:6.1.1]
	at org.springframework.aop.framework.CglibAopProxy$CglibMethodInvocation.proceed(CglibAopProxy.java:765) ~[spring-aop-6.1.1.jar:6.1.1]
	at org.springframework.aop.framework.CglibAopProxy$DynamicAdvisedInterceptor.intercept(CglibAopProxy.java:717) ~[spring-aop-6.1.1.jar:6.1.1]
	at com.example.cco.settlement.SettlementServiceImpl$$SpringCGLIB$$0.getSettlementDetail(<generated>) ~[main/:na]
	at com.example.cco.settlement.SettlementController.getSettlementDetail(SettlementController.java:79) ~[main/:na]
	at java.base/jdk.internal.reflect.NativeMethodAccessorImpl.invoke0(Native Method) ~[na:na]
	at java.base/jdk.internal.reflect.NativeMethodAccessorImpl.invoke(NativeMethodAccessorImpl.java:77) ~[na:na]
	at java.base/jdk.internal.reflect.DelegatingMethodAccessorImpl.invoke(DelegatingMethodAccessorImpl.java:43) ~[na:na]
	at java.base/java.lang.reflect.Method.invoke(Method.java:569) ~[na:na]
	at org.springframework.web.method.support.InvocableHandlerMethod.doInvoke(InvocableHandlerMethod.java:254) ~[spring-web-6.1.1.jar:6.1.1]
	at org.springframework.web.method.support.InvocableHandlerMethod.invokeForRequest(InvocableHandlerMethod.java:182) ~[spring-web-6.1.1.jar:6.1.1]
	at org.springframework.web.servlet.mvc.method.annotation.ServletInvocableHandlerMethod.invokeAndHandle(ServletInvocableHandlerMethod.java:118) ~[spring-webmvc-6.1.1.jar:6.1.1]
	at org.springframework.web.servlet.mvc.method.annotation.RequestMappingHandlerAdapter.invokeHandlerMethod(RequestMappingHandlerAdapter.java:917) ~[spring-webmvc-6.1.1.jar:6.1.1]
	at org.springframework.web.servlet.mvc.method.annotation.RequestMappingHandlerAdapter.handleInternal(RequestMappingHandlerAdapter.java:829) ~[spring-webmvc-6.1.1.jar:6.1.1]
	at org.springframework.web.servlet.mvc.method.AbstractHandlerMethodAdapter.handle(AbstractHandlerMethodAdapter.java:87) ~[spring-webmvc-6.1.1.jar:6.1.1]
	at org.springframework.web.servlet.DispatcherServlet.doDispatch(DispatcherServlet.java:1089) ~[spring-webmvc-6.1.1.jar:6.1.1]
	at org.springframework.web.servlet.DispatcherServlet.doService(DispatcherServlet.java:979) ~[spring-webmvc-6.1.1.jar:6.1.1]
	at org.springframework.web.servlet.FrameworkServlet.processRequest(FrameworkServlet.java:1014) ~[spring-webmvc-6.1.1.jar:6.1.1]
	at org.springframework.web.servlet.FrameworkServlet.doGet(FrameworkServlet.java:903) ~[spring-webmvc-6.1.1.jar:6.1.1]
	at jakarta.servlet.http.HttpServlet.service(HttpServlet.java:564) ~[tomcat-embed-core-10.1.16.jar:6.0]
	at org.springframework.web.servlet.FrameworkServlet.service(FrameworkServlet.java:885) ~[spring-webmvc-6.1.1.jar:6.1.1]
	at jakarta.servlet.http.HttpServlet.service(HttpServlet.java:658) ~[tomcat-embed-core-10.1.16.jar:6.0]
	at org.apache.catalina.core.ApplicationFilterChain.internalDoFilter(ApplicationFilterChain.java:205) ~[tomcat-embed-core-10.1.16.jar:10.1.16]
	at org.apache.catalina.core.ApplicationFilterChain.doFilter(ApplicationFilterChain.java:149) ~[tomcat-embed-core-10.1.16.jar:10.1.16]
	at org.apache.tomcat.websocket.server.WsFilter.doFilter(WsFilter.java:51) ~[tomcat-embed-websocket-10.1.16.jar:10.1.16]
	at org.apache.catalina.core.ApplicationFilterChain.internalDoFilter(ApplicationFilterChain.java:174) ~[tomcat-embed-core-10.1.16.jar:10.1.16]
	at org.apache.catalina.core.ApplicationFilterChain.doFilter(ApplicationFilterChain.java:149) ~[tomcat-embed-core-10.1.16.jar:10.1.16]
	at org.springframework.security.web.FilterChainProxy.lambda$doFilterInternal$3(FilterChainProxy.java:231) ~[spring-security-web-6.2.0.jar:6.2.0]
	at org.springframework.security.web.FilterChainProxy$VirtualFilterChain.doFilter(FilterChainProxy.java:365) ~[spring-security-web-6.2.0.jar:6.2.0]
	at org.springframework.security.web.access.intercept.AuthorizationFilter.doFilter(AuthorizationFilter.java:100) ~[spring-security-web-6.2.0.jar:6.2.0]
	at org.springframework.security.web.FilterChainProxy$VirtualFilterChain.doFilter(FilterChainProxy.java:374) ~[spring-security-web-6.2.0.jar:6.2.0]
	at org.springframework.security.web.access.ExceptionTranslationFilter.doFilter(ExceptionTranslationFilter.java:126) ~[spring-security-web-6.2.0.jar:6.2.0]
	at org.springframework.security.web.access.ExceptionTranslationFilter.doFilter(ExceptionTranslationFilter.java:120) ~[spring-security-web-6.2.0.jar:6.2.0]
	at org.springframework.security.web.FilterChainProxy$VirtualFilterChain.doFilter(FilterChainProxy.java:374) ~[spring-security-web-6.2.0.jar:6.2.0]
	at org.springframework.security.web.session.SessionManagementFilter.doFilter(SessionManagementFilter.java:131) ~[spring-security-web-6.2.0.jar:6.2.0]
	at org.springframework.security.web.session.SessionManagementFilter.doFilter(SessionManagementFilter.java:85) ~[spring-security-web-6.2.0.jar:6.2.0]
	at org.springframework.security.web.FilterChainProxy$VirtualFilterChain.doFilter(FilterChainProxy.java:374) ~[spring-security-web-6.2.0.jar:6.2.0]
	at org.springframework.security.web.authentication.AnonymousAuthenticationFilter.doFilter(AnonymousAuthenticationFilter.java:100) ~[spring-security-web-6.2.0.jar:6.2.0]
	at org.springframework.security.web.FilterChainProxy$VirtualFilterChain.doFilter(FilterChainProxy.java:374) ~[spring-security-web-6.2.0.jar:6.2.0]
	at org.springframework.security.web.servletapi.SecurityContextHolderAwareRequestFilter.doFilter(SecurityContextHolderAwareRequestFilter.java:179) ~[spring-security-web-6.2.0.jar:6.2.0]
	at org.springframework.security.web.FilterChainProxy$VirtualFilterChain.doFilter(FilterChainProxy.java:374) ~[spring-security-web-6.2.0.jar:6.2.0]
	at org.springframework.security.web.savedrequest.RequestCacheAwareFilter.doFilter(RequestCacheAwareFilter.java:63) ~[spring-security-web-6.2.0.jar:6.2.0]
	at org.springframework.security.web.FilterChainProxy$VirtualFilterChain.doFilter(FilterChainProxy.java:374) ~[spring-security-web-6.2.0.jar:6.2.0]
	at org.springframework.security.web.authentication.AbstractAuthenticationProcessingFilter.doFilter(AbstractAuthenticationProcessingFilter.java:227) ~[spring-security-web-6.2.0.jar:6.2.0]
	at org.springframework.security.web.authentication.AbstractAuthenticationProcessingFilter.doFilter(AbstractAuthenticationProcessingFilter.java:221) ~[spring-security-web-6.2.0.jar:6.2.0]
	at org.springframework.security.web.FilterChainProxy$VirtualFilterChain.doFilter(FilterChainProxy.java:374) ~[spring-security-web-6.2.0.jar:6.2.0]
	at com.example.cco.security.JwtAuthorizationFilter.doFilterInternal(JwtAuthorizationFilter.java:48) ~[main/:na]
	at org.springframework.web.filter.OncePerRequestFilter.doFilter(OncePerRequestFilter.java:116) ~[spring-web-6.1.1.jar:6.1.1]
	at org.springframework.security.web.FilterChainProxy$VirtualFilterChain.doFilter(FilterChainProxy.java:374) ~[spring-security-web-6.2.0.jar:6.2.0]
	at org.springframework.security.web.authentication.logout.LogoutFilter.doFilter(LogoutFilter.java:107) ~[spring-security-web-6.2.0.jar:6.2.0]
	at org.springframework.security.web.authentication.logout.LogoutFilter.doFilter(LogoutFilter.java:93) ~[spring-security-web-6.2.0.jar:6.2.0]
	at org.springframework.security.web.FilterChainProxy$VirtualFilterChain.doFilter(FilterChainProxy.java:374) ~[spring-security-web-6.2.0.jar:6.2.0]
	at org.springframework.web.filter.CorsFilter.doFilterInternal(CorsFilter.java:91) ~[spring-web-6.1.1.jar:6.1.1]
	at org.springframework.web.filter.OncePerRequestFilter.doFilter(OncePerRequestFilter.java:116) ~[spring-web-6.1.1.jar:6.1.1]
	at org.springframework.security.web.FilterChainProxy$VirtualFilterChain.doFilter(FilterChainProxy.java:374) ~[spring-security-web-6.2.0.jar:6.2.0]
	at org.springframework.security.web.header.HeaderWriterFilter.doHeadersAfter(HeaderWriterFilter.java:90) ~[spring-security-web-6.2.0.jar:6.2.0]
	at org.springframework.security.web.header.HeaderWriterFilter.doFilterInternal(HeaderWriterFilter.java:75) ~[spring-security-web-6.2.0.jar:6.2.0]
	at org.springframework.web.filter.OncePerRequestFilter.doFilter(OncePerRequestFilter.java:116) ~[spring-web-6.1.1.jar:6.1.1]
	at org.springframework.security.web.FilterChainProxy$VirtualFilterChain.doFilter(FilterChainProxy.java:374) ~[spring-security-web-6.2.0.jar:6.2.0]
	at org.springframework.security.web.context.SecurityContextHolderFilter.doFilter(SecurityContextHolderFilter.java:82) ~[spring-security-web-6.2.0.jar:6.2.0]
	at org.springframework.security.web.context.SecurityContextHolderFilter.doFilter(SecurityContextHolderFilter.java:69) ~[spring-security-web-6.2.0.jar:6.2.0]
	at org.springframework.security.web.FilterChainProxy$VirtualFilterChain.doFilter(FilterChainProxy.java:374) ~[spring-security-web-6.2.0.jar:6.2.0]
	at org.springframework.security.web.context.request.async.WebAsyncManagerIntegrationFilter.doFilterInternal(WebAsyncManagerIntegrationFilter.java:62) ~[spring-security-web-6.2.0.jar:6.2.0]
	at org.springframework.web.filter.OncePerRequestFilter.doFilter(OncePerRequestFilter.java:116) ~[spring-web-6.1.1.jar:6.1.1]
	at org.springframework.security.web.FilterChainProxy$VirtualFilterChain.doFilter(FilterChainProxy.java:374) ~[spring-security-web-6.2.0.jar:6.2.0]
	at org.springframework.security.web.session.DisableEncodeUrlFilter.doFilterInternal(DisableEncodeUrlFilter.java:42) ~[spring-security-web-6.2.0.jar:6.2.0]
	at org.springframework.web.filter.OncePerRequestFilter.doFilter(OncePerRequestFilter.java:116) ~[spring-web-6.1.1.jar:6.1.1]
	at org.springframework.security.web.FilterChainProxy$VirtualFilterChain.doFilter(FilterChainProxy.java:374) ~[spring-security-web-6.2.0.jar:6.2.0]
	at org.springframework.security.web.FilterChainProxy.doFilterInternal(FilterChainProxy.java:233) ~[spring-security-web-6.2.0.jar:6.2.0]
	at org.springframework.security.web.FilterChainProxy.doFilter(FilterChainProxy.java:191) ~[spring-security-web-6.2.0.jar:6.2.0]
	at org.springframework.web.filter.DelegatingFilterProxy.invokeDelegate(DelegatingFilterProxy.java:352) ~[spring-web-6.1.1.jar:6.1.1]
	at org.springframework.web.filter.DelegatingFilterProxy.doFilter(DelegatingFilterProxy.java:268) ~[spring-web-6.1.1.jar:6.1.1]
	at org.apache.catalina.core.ApplicationFilterChain.internalDoFilter(ApplicationFilterChain.java:174) ~[tomcat-embed-core-10.1.16.jar:10.1.16]
	at org.apache.catalina.core.ApplicationFilterChain.doFilter(ApplicationFilterChain.java:149) ~[tomcat-embed-core-10.1.16.jar:10.1.16]
	at org.springframework.web.filter.RequestContextFilter.doFilterInternal(RequestContextFilter.java:100) ~[spring-web-6.1.1.jar:6.1.1]
	at org.springframework.web.filter.OncePerRequestFilter.doFilter(OncePerRequestFilter.java:116) ~[spring-web-6.1.1.jar:6.1.1]
	at org.apache.catalina.core.ApplicationFilterChain.internalDoFilter(ApplicationFilterChain.java:174) ~[tomcat-embed-core-10.1.16.jar:10.1.16]
	at org.apache.catalina.core.ApplicationFilterChain.doFilter(ApplicationFilterChain.java:149) ~[tomcat-embed-core-10.1.16.jar:10.1.16]
	at org.springframework.web.filter.FormContentFilter.doFilterInternal(FormContentFilter.java:93) ~[spring-web-6.1.1.jar:6.1.1]
	at org.springframework.web.filter.OncePerRequestFilter.doFilter(OncePerRequestFilter.java:116) ~[spring-web-6.1.1.jar:6.1.1]
	at org.apache.catalina.core.ApplicationFilterChain.internalDoFilter(ApplicationFilterChain.java:174) ~[tomcat-embed-core-10.1.16.jar:10.1.16]
	at org.apache.catalina.core.ApplicationFilterChain.doFilter(ApplicationFilterChain.java:149) ~[tomcat-embed-core-10.1.16.jar:10.1.16]
	at org.springframework.web.filter.CharacterEncodingFilter.doFilterInternal(CharacterEncodingFilter.java:201) ~[spring-web-6.1.1.jar:6.1.1]
	at org.springframework.web.filter.OncePerRequestFilter.doFilter(OncePerRequestFilter.java:116) ~[spring-web-6.1.1.jar:6.1.1]
	at org.apache.catalina.core.ApplicationFilterChain.internalDoFilter(ApplicationFilterChain.java:174) ~[tomcat-embed-core-10.1.16.jar:10.1.16]
	at org.apache.catalina.core.ApplicationFilterChain.doFilter(ApplicationFilterChain.java:149) ~[tomcat-embed-core-10.1.16.jar:10.1.16]
	at org.apache.catalina.core.StandardWrapperValve.invoke(StandardWrapperValve.java:167) ~[tomcat-embed-core-10.1.16.jar:10.1.16]
	at org.apache.catalina.core.StandardContextValve.invoke(StandardContextValve.java:90) ~[tomcat-embed-core-10.1.16.jar:10.1.16]
	at org.apache.catalina.authenticator.AuthenticatorBase.invoke(AuthenticatorBase.java:482) ~[tomcat-embed-core-10.1.16.jar:10.1.16]
	at org.apache.catalina.core.StandardHostValve.invoke(StandardHostValve.java:115) ~[tomcat-embed-core-10.1.16.jar:10.1.16]
	at org.apache.catalina.valves.ErrorReportValve.invoke(ErrorReportValve.java:93) ~[tomcat-embed-core-10.1.16.jar:10.1.16]
	at org.apache.catalina.core.StandardEngineValve.invoke(StandardEngineValve.java:74) ~[tomcat-embed-core-10.1.16.jar:10.1.16]
	at org.apache.catalina.connector.CoyoteAdapter.service(CoyoteAdapter.java:340) ~[tomcat-embed-core-10.1.16.jar:10.1.16]
	at org.apache.coyote.http11.Http11Processor.service(Http11Processor.java:391) ~[tomcat-embed-core-10.1.16.jar:10.1.16]
	at org.apache.coyote.AbstractProcessorLight.process(AbstractProcessorLight.java:63) ~[tomcat-embed-core-10.1.16.jar:10.1.16]
	at org.apache.coyote.AbstractProtocol$ConnectionHandler.process(AbstractProtocol.java:896) ~[tomcat-embed-core-10.1.16.jar:10.1.16]
	at org.apache.tomcat.util.net.NioEndpoint$SocketProcessor.doRun(NioEndpoint.java:1744) ~[tomcat-embed-core-10.1.16.jar:10.1.16]
	at org.apache.tomcat.util.net.SocketProcessorBase.run(SocketProcessorBase.java:52) ~[tomcat-embed-core-10.1.16.jar:10.1.16]
	at org.apache.tomcat.util.threads.ThreadPoolExecutor.runWorker(ThreadPoolExecutor.java:1191) ~[tomcat-embed-core-10.1.16.jar:10.1.16]
	at org.apache.tomcat.util.threads.ThreadPoolExecutor$Worker.run(ThreadPoolExecutor.java:659) ~[tomcat-embed-core-10.1.16.jar:10.1.16]
	at org.apache.tomcat.util.threads.TaskThread$WrappingRunnable.run(TaskThread.java:61) ~[tomcat-embed-core-10.1.16.jar:10.1.16]
	at java.base/java.lang.Thread.run(Thread.java:840) ~[na:na]
Caused by: org.postgresql.util.PSQLException: ERROR: column vte1_0.settle_amount does not exist
  Position: 3893
	at org.postgresql.core.v3.QueryExecutorImpl.receiveErrorResponse(QueryExecutorImpl.java:2713) ~[postgresql-42.6.0.jar:42.6.0]
	at org.postgresql.core.v3.QueryExecutorImpl.processResults(QueryExecutorImpl.java:2401) ~[postgresql-42.6.0.jar:42.6.0]
	at org.postgresql.core.v3.QueryExecutorImpl.execute(QueryExecutorImpl.java:368) ~[postgresql-42.6.0.jar:42.6.0]
	at org.postgresql.jdbc.PgStatement.executeInternal(PgStatement.java:498) ~[postgresql-42.6.0.jar:42.6.0]
	at org.postgresql.jdbc.PgStatement.execute(PgStatement.java:415) ~[postgresql-42.6.0.jar:42.6.0]
	at org.postgresql.jdbc.PgPreparedStatement.executeWithFlags(PgPreparedStatement.java:190) ~[postgresql-42.6.0.jar:42.6.0]
	at org.postgresql.jdbc.PgPreparedStatement.executeQuery(PgPreparedStatement.java:134) ~[postgresql-42.6.0.jar:42.6.0]
	at com.zaxxer.hikari.pool.ProxyPreparedStatement.executeQuery(ProxyPreparedStatement.java:52) ~[HikariCP-5.0.1.jar:na]
	at com.zaxxer.hikari.pool.HikariProxyPreparedStatement.executeQuery(HikariProxyPreparedStatement.java) ~[HikariCP-5.0.1.jar:na]
	at org.hibernate.sql.results.jdbc.internal.DeferredResultSetAccess.executeQuery(DeferredResultSetAccess.java:240) ~[hibernate-core-6.3.1.Final.jar:6.3.1.Final]
	... 189 common frames omitted

2025-04-30T08:40:58.191+09:00 ERROR 16156 --- [http-nio-4080-exec-3] c.example.cco.exception.ExceptionAdvice  : org.springframework.dao.InvalidDataAccessResourceUsageException: JDBC exception executing SQL [select vte1_0.pkey,vte1_0.a1card,vte1_0.a1card_note,vte1_0.a1cash,vte1_0.a1cash_note,vte1_0.a1extra1,vte1_0.a1extra1name,vte1_0.a1extra1note,vte1_0.a1extra2,vte1_0.a1extra2name,vte1_0.a1extra2note,vte1_0.a1extra3,vte1_0.a1extra3name,vte1_0.a1extra3note,vte1_0.a1extra4,vte1_0.a1extra4name,vte1_0.a1extra4note,vte1_0.a1extra5,vte1_0.a1extra5name,vte1_0.a1extra5note,vte1_0.a1tax,vte1_0.a1tax_note,vte1_0.active_yn,vte1_0.a_total,vte1_0.b1electricity,vte1_0.b1electricity_note,vte1_0.b1etc_expense,vte1_0.b1etc_expense_note,vte1_0.b1extra1,vte1_0.b1extra1name,vte1_0.b1extra1note,vte1_0.b1extra2,vte1_0.b1extra2name,vte1_0.b1extra2note,vte1_0.b1extra3,vte1_0.b1extra3name,vte1_0.b1extra3note,vte1_0.b1extra4,vte1_0.b1extra4name,vte1_0.b1extra4note,vte1_0.b1extra5,vte1_0.b1extra5name,vte1_0.b1extra5note,vte1_0.b1gas,vte1_0.b1gas_note,vte1_0.b1internet,vte1_0.b1internet_note,vte1_0.b1maint,vte1_0.b1maint_note,vte1_0.b1rent,vte1_0.b1rent_note,vte1_0.b2charge,vte1_0.b2charge_note,vte1_0.b3etc,vte1_0.b3etc_note,vte1_0.b3extra1,vte1_0.b3extra1name,vte1_0.b3extra1note,vte1_0.b3extra2,vte1_0.b3extra2name,vte1_0.b3extra2note,vte1_0.b3extra3,vte1_0.b3extra3name,vte1_0.b3extra3note,vte1_0.b3extra4,vte1_0.b3extra4name,vte1_0.b3extra4note,vte1_0.b3extra5,vte1_0.b3extra5name,vte1_0.b3extra5note,vte1_0.b3material,vte1_0.b3material_note,vte1_0.b4donation,vte1_0.b4donation_note,vte1_0.b4extra1,vte1_0.b4extra1name,vte1_0.b4extra1note,vte1_0.b4extra2,vte1_0.b4extra2name,vte1_0.b4extra2note,vte1_0.b4extra3,vte1_0.b4extra3name,vte1_0.b4extra3note,vte1_0.b4extra4,vte1_0.b4extra4name,vte1_0.b4extra4note,vte1_0.b4extra5,vte1_0.b4extra5name,vte1_0.b4extra5note,vte1_0.b4init_product,vte1_0.b4init_product_note,vte1_0.bank,vte1_0.bank_account,vte1_0.bank_account_number,vte1_0.brand_cd,vte1_0.brand_name,vte1_0.b_total,vte1_0.c1card_fee,vte1_0.c1card_fee_note,vte1_0.c1electricity,vte1_0.c1electricity_note,vte1_0.c1etc_expense,vte1_0.c1etc_expense_note,vte1_0.c1extra1,vte1_0.c1extra1name,vte1_0.c1extra1note,vte1_0.c1extra2,vte1_0.c1extra2name,vte1_0.c1extra2note,vte1_0.c1extra3,vte1_0.c1extra3name,vte1_0.c1extra3note,vte1_0.c1extra4,vte1_0.c1extra4name,vte1_0.c1extra4note,vte1_0.c1extra5,vte1_0.c1extra5name,vte1_0.c1extra5note,vte1_0.c1gas,vte1_0.c1gas_note,vte1_0.c1insurance,vte1_0.c1insurance_note,vte1_0.c1rent,vte1_0.c1rent_note,vte1_0.c1water,vte1_0.c1water_note,vte1_0.c2extra1,vte1_0.c2extra1name,vte1_0.c2extra1note,vte1_0.c2extra2,vte1_0.c2extra2name,vte1_0.c2extra2note,vte1_0.c2extra3,vte1_0.c2extra3name,vte1_0.c2extra3note,vte1_0.c2extra4,vte1_0.c2extra4name,vte1_0.c2extra4note,vte1_0.c2extra5,vte1_0.c2extra5name,vte1_0.c2extra5note,vte1_0.c2interest_cost,vte1_0.c2interest_cost_note,vte1_0.closed_yn,vte1_0.d1carryover,vte1_0.d1carryover_note,vte1_0.d1extra1,vte1_0.d1extra1name,vte1_0.d1extra1note,vte1_0.d1extra2,vte1_0.d1extra2name,vte1_0.d1extra2note,vte1_0.d1extra3,vte1_0.d1extra3name,vte1_0.d1extra3note,vte1_0.d1extra4,vte1_0.d1extra4name,vte1_0.d1extra4note,vte1_0.d1extra5,vte1_0.d1extra5name,vte1_0.d1extra5note,vte1_0.d1material,vte1_0.d1material_note,vte1_0.d1store_maint,vte1_0.d1store_maint_note,vte1_0.d2cash,vte1_0.d2cash_note,vte1_0.d2extra1,vte1_0.d2extra1name,vte1_0.d2extra1note,vte1_0.d2extra2,vte1_0.d2extra2name,vte1_0.d2extra2note,vte1_0.d2extra3,vte1_0.d2extra3name,vte1_0.d2extra3note,vte1_0.d2extra4,vte1_0.d2extra4name,vte1_0.d2extra4note,vte1_0.d2extra5,vte1_0.d2extra5name,vte1_0.d2extra5note,vte1_0.d3extra1,vte1_0.d3extra1name,vte1_0.d3extra1note,vte1_0.d3extra2,vte1_0.d3extra2name,vte1_0.d3extra2note,vte1_0.d3extra3,vte1_0.d3extra3name,vte1_0.d3extra3note,vte1_0.d3extra4,vte1_0.d3extra4name,vte1_0.d3extra4note,vte1_0.d3extra5,vte1_0.d3extra5name,vte1_0.d3extra5note,vte1_0.d3init_product,vte1_0.d3init_product_note,vte1_0.d3rent,vte1_0.d3rent_note,vte1_0.deposit_amount,vte1_0.insert_timestamp,vte1_0.owner,vte1_0.phone,vte1_0.sales_profit,vte1_0.settle_amount,vte1_0.settlement_amount,vte1_0.settlement_cd,vte1_0.settlement_title,vte1_0.settlement_ymd,vte1_0.src_a1card,vte1_0.src_a1cash,vte1_0.src_b1electricity,vte1_0.src_b3material,vte1_0.src_c1card_fee,vte1_0.src_d1material,vte1_0.store_code,vte1_0.store_name,vte1_0.update_timestamp from cnco.vsettlement_total vte1_0 where vte1_0.pkey=?] [ERROR: column vte1_0.settle_amount does not exist
  Position: 3893] [n/a]; SQL [n/a]
	at org.springframework.orm.jpa.vendor.HibernateJpaDialect.convertHibernateAccessException(HibernateJpaDialect.java:277)
	at org.springframework.orm.jpa.vendor.HibernateJpaDialect.translateExceptionIfPossible(HibernateJpaDialect.java:241)
	at org.springframework.orm.jpa.AbstractEntityManagerFactoryBean.translateExceptionIfPossible(AbstractEntityManagerFactoryBean.java:550)
	at org.springframework.dao.support.ChainedPersistenceExceptionTranslator.translateExceptionIfPossible(ChainedPersistenceExceptionTranslator.java:61)
	at org.springframework.dao.support.DataAccessUtils.translateIfNecessary(DataAccessUtils.java:335)
	at org.springframework.dao.support.PersistenceExceptionTranslationInterceptor.invoke(PersistenceExceptionTranslationInterceptor.java:152)
	at org.springframework.aop.framework.ReflectiveMethodInvocation.proceed(ReflectiveMethodInvocation.java:184)
	at org.springframework.data.jpa.repository.support.CrudMethodMetadataPostProcessor$CrudMethodMetadataPopulatingMethodInterceptor.invoke(CrudMethodMetadataPostProcessor.java:164)
	at org.springframework.aop.framework.ReflectiveMethodInvocation.proceed(ReflectiveMethodInvocation.java:184)
	at org.springframework.aop.interceptor.ExposeInvocationInterceptor.invoke(ExposeInvocationInterceptor.java:97)
	at org.springframework.aop.framework.ReflectiveMethodInvocation.proceed(ReflectiveMethodInvocation.java:184)
	at org.springframework.aop.framework.JdkDynamicAopProxy.invoke(JdkDynamicAopProxy.java:249)
	at jdk.proxy2/jdk.proxy2.$Proxy146.findById(Unknown Source)
	at com.example.cco.settlement.SettlementServiceImpl.getSettlementDetail(SettlementServiceImpl.java:564)
	at java.base/jdk.internal.reflect.NativeMethodAccessorImpl.invoke0(Native Method)
	at java.base/jdk.internal.reflect.NativeMethodAccessorImpl.invoke(NativeMethodAccessorImpl.java:77)
	at java.base/jdk.internal.reflect.DelegatingMethodAccessorImpl.invoke(DelegatingMethodAccessorImpl.java:43)
	at java.base/java.lang.reflect.Method.invoke(Method.java:569)
	at org.springframework.aop.support.AopUtils.invokeJoinpointUsingReflection(AopUtils.java:352)
	at org.springframework.aop.framework.ReflectiveMethodInvocation.invokeJoinpoint(ReflectiveMethodInvocation.java:196)
	at org.springframework.aop.framework.ReflectiveMethodInvocation.proceed(ReflectiveMethodInvocation.java:163)
	at org.springframework.aop.framework.CglibAopProxy$CglibMethodInvocation.proceed(CglibAopProxy.java:765)
	at org.springframework.transaction.interceptor.TransactionInterceptor$1.proceedWithInvocation(TransactionInterceptor.java:123)
	at org.springframework.transaction.interceptor.TransactionAspectSupport.invokeWithinTransaction(TransactionAspectSupport.java:385)
	at org.springframework.transaction.interceptor.TransactionInterceptor.invoke(TransactionInterceptor.java:119)
	at org.springframework.aop.framework.ReflectiveMethodInvocation.proceed(ReflectiveMethodInvocation.java:184)
	at org.springframework.aop.framework.CglibAopProxy$CglibMethodInvocation.proceed(CglibAopProxy.java:765)
	at org.springframework.aop.framework.CglibAopProxy$DynamicAdvisedInterceptor.intercept(CglibAopProxy.java:717)
	at com.example.cco.settlement.SettlementServiceImpl$$SpringCGLIB$$0.getSettlementDetail(<generated>)
	at com.example.cco.settlement.SettlementController.getSettlementDetail(SettlementController.java:79)
	at java.base/jdk.internal.reflect.NativeMethodAccessorImpl.invoke0(Native Method)
	at java.base/jdk.internal.reflect.NativeMethodAccessorImpl.invoke(NativeMethodAccessorImpl.java:77)
	at java.base/jdk.internal.reflect.DelegatingMethodAccessorImpl.invoke(DelegatingMethodAccessorImpl.java:43)
	at java.base/java.lang.reflect.Method.invoke(Method.java:569)
	at org.springframework.web.method.support.InvocableHandlerMethod.doInvoke(InvocableHandlerMethod.java:254)
	at org.springframework.web.method.support.InvocableHandlerMethod.invokeForRequest(InvocableHandlerMethod.java:182)
	at org.springframework.web.servlet.mvc.method.annotation.ServletInvocableHandlerMethod.invokeAndHandle(ServletInvocableHandlerMethod.java:118)
	at org.springframework.web.servlet.mvc.method.annotation.RequestMappingHandlerAdapter.invokeHandlerMethod(RequestMappingHandlerAdapter.java:917)
	at org.springframework.web.servlet.mvc.method.annotation.RequestMappingHandlerAdapter.handleInternal(RequestMappingHandlerAdapter.java:829)
	at org.springframework.web.servlet.mvc.method.AbstractHandlerMethodAdapter.handle(AbstractHandlerMethodAdapter.java:87)
	at org.springframework.web.servlet.DispatcherServlet.doDispatch(DispatcherServlet.java:1089)
	at org.springframework.web.servlet.DispatcherServlet.doService(DispatcherServlet.java:979)
	at org.springframework.web.servlet.FrameworkServlet.processRequest(FrameworkServlet.java:1014)
	at org.springframework.web.servlet.FrameworkServlet.doGet(FrameworkServlet.java:903)
	at jakarta.servlet.http.HttpServlet.service(HttpServlet.java:564)
	at org.springframework.web.servlet.FrameworkServlet.service(FrameworkServlet.java:885)
	at jakarta.servlet.http.HttpServlet.service(HttpServlet.java:658)
	at org.apache.catalina.core.ApplicationFilterChain.internalDoFilter(ApplicationFilterChain.java:205)
	at org.apache.catalina.core.ApplicationFilterChain.doFilter(ApplicationFilterChain.java:149)
	at org.apache.tomcat.websocket.server.WsFilter.doFilter(WsFilter.java:51)
	at org.apache.catalina.core.ApplicationFilterChain.internalDoFilter(ApplicationFilterChain.java:174)
	at org.apache.catalina.core.ApplicationFilterChain.doFilter(ApplicationFilterChain.java:149)
	at org.springframework.security.web.FilterChainProxy.lambda$doFilterInternal$3(FilterChainProxy.java:231)
	at org.springframework.security.web.FilterChainProxy$VirtualFilterChain.doFilter(FilterChainProxy.java:365)
	at org.springframework.security.web.access.intercept.AuthorizationFilter.doFilter(AuthorizationFilter.java:100)
	at org.springframework.security.web.FilterChainProxy$VirtualFilterChain.doFilter(FilterChainProxy.java:374)
	at org.springframework.security.web.access.ExceptionTranslationFilter.doFilter(ExceptionTranslationFilter.java:126)
	at org.springframework.security.web.access.ExceptionTranslationFilter.doFilter(ExceptionTranslationFilter.java:120)
	at org.springframework.security.web.FilterChainProxy$VirtualFilterChain.doFilter(FilterChainProxy.java:374)
	at org.springframework.security.web.session.SessionManagementFilter.doFilter(SessionManagementFilter.java:131)
	at org.springframework.security.web.session.SessionManagementFilter.doFilter(SessionManagementFilter.java:85)
	at org.springframework.security.web.FilterChainProxy$VirtualFilterChain.doFilter(FilterChainProxy.java:374)
	at org.springframework.security.web.authentication.AnonymousAuthenticationFilter.doFilter(AnonymousAuthenticationFilter.java:100)
	at org.springframework.security.web.FilterChainProxy$VirtualFilterChain.doFilter(FilterChainProxy.java:374)
	at org.springframework.security.web.servletapi.SecurityContextHolderAwareRequestFilter.doFilter(SecurityContextHolderAwareRequestFilter.java:179)
	at org.springframework.security.web.FilterChainProxy$VirtualFilterChain.doFilter(FilterChainProxy.java:374)
	at org.springframework.security.web.savedrequest.RequestCacheAwareFilter.doFilter(RequestCacheAwareFilter.java:63)
	at org.springframework.security.web.FilterChainProxy$VirtualFilterChain.doFilter(FilterChainProxy.java:374)
	at org.springframework.security.web.authentication.AbstractAuthenticationProcessingFilter.doFilter(AbstractAuthenticationProcessingFilter.java:227)
	at org.springframework.security.web.authentication.AbstractAuthenticationProcessingFilter.doFilter(AbstractAuthenticationProcessingFilter.java:221)
	at org.springframework.security.web.FilterChainProxy$VirtualFilterChain.doFilter(FilterChainProxy.java:374)
	at com.example.cco.security.JwtAuthorizationFilter.doFilterInternal(JwtAuthorizationFilter.java:48)
	at org.springframework.web.filter.OncePerRequestFilter.doFilter(OncePerRequestFilter.java:116)
	at org.springframework.security.web.FilterChainProxy$VirtualFilterChain.doFilter(FilterChainProxy.java:374)
	at org.springframework.security.web.authentication.logout.LogoutFilter.doFilter(LogoutFilter.java:107)
	at org.springframework.security.web.authentication.logout.LogoutFilter.doFilter(LogoutFilter.java:93)
	at org.springframework.security.web.FilterChainProxy$VirtualFilterChain.doFilter(FilterChainProxy.java:374)
	at org.springframework.web.filter.CorsFilter.doFilterInternal(CorsFilter.java:91)
	at org.springframework.web.filter.OncePerRequestFilter.doFilter(OncePerRequestFilter.java:116)
	at org.springframework.security.web.FilterChainProxy$VirtualFilterChain.doFilter(FilterChainProxy.java:374)
	at org.springframework.security.web.header.HeaderWriterFilter.doHeadersAfter(HeaderWriterFilter.java:90)
	at org.springframework.security.web.header.HeaderWriterFilter.doFilterInternal(HeaderWriterFilter.java:75)
	at org.springframework.web.filter.OncePerRequestFilter.doFilter(OncePerRequestFilter.java:116)
	at org.springframework.security.web.FilterChainProxy$VirtualFilterChain.doFilter(FilterChainProxy.java:374)
	at org.springframework.security.web.context.SecurityContextHolderFilter.doFilter(SecurityContextHolderFilter.java:82)
	at org.springframework.security.web.context.SecurityContextHolderFilter.doFilter(SecurityContextHolderFilter.java:69)
	at org.springframework.security.web.FilterChainProxy$VirtualFilterChain.doFilter(FilterChainProxy.java:374)
	at org.springframework.security.web.context.request.async.WebAsyncManagerIntegrationFilter.doFilterInternal(WebAsyncManagerIntegrationFilter.java:62)
	at org.springframework.web.filter.OncePerRequestFilter.doFilter(OncePerRequestFilter.java:116)
	at org.springframework.security.web.FilterChainProxy$VirtualFilterChain.doFilter(FilterChainProxy.java:374)
	at org.springframework.security.web.session.DisableEncodeUrlFilter.doFilterInternal(DisableEncodeUrlFilter.java:42)
	at org.springframework.web.filter.OncePerRequestFilter.doFilter(OncePerRequestFilter.java:116)
	at org.springframework.security.web.FilterChainProxy$VirtualFilterChain.doFilter(FilterChainProxy.java:374)
	at org.springframework.security.web.FilterChainProxy.doFilterInternal(FilterChainProxy.java:233)
	at org.springframework.security.web.FilterChainProxy.doFilter(FilterChainProxy.java:191)
	at org.springframework.web.filter.DelegatingFilterProxy.invokeDelegate(DelegatingFilterProxy.java:352)
	at org.springframework.web.filter.DelegatingFilterProxy.doFilter(DelegatingFilterProxy.java:268)
	at org.apache.catalina.core.ApplicationFilterChain.internalDoFilter(ApplicationFilterChain.java:174)
	at org.apache.catalina.core.ApplicationFilterChain.doFilter(ApplicationFilterChain.java:149)
	at org.springframework.web.filter.RequestContextFilter.doFilterInternal(RequestContextFilter.java:100)
	at org.springframework.web.filter.OncePerRequestFilter.doFilter(OncePerRequestFilter.java:116)
	at org.apache.catalina.core.ApplicationFilterChain.internalDoFilter(ApplicationFilterChain.java:174)
	at org.apache.catalina.core.ApplicationFilterChain.doFilter(ApplicationFilterChain.java:149)
	at org.springframework.web.filter.FormContentFilter.doFilterInternal(FormContentFilter.java:93)
	at org.springframework.web.filter.OncePerRequestFilter.doFilter(OncePerRequestFilter.java:116)
	at org.apache.catalina.core.ApplicationFilterChain.internalDoFilter(ApplicationFilterChain.java:174)
	at org.apache.catalina.core.ApplicationFilterChain.doFilter(ApplicationFilterChain.java:149)
	at org.springframework.web.filter.CharacterEncodingFilter.doFilterInternal(CharacterEncodingFilter.java:201)
	at org.springframework.web.filter.OncePerRequestFilter.doFilter(OncePerRequestFilter.java:116)
	at org.apache.catalina.core.ApplicationFilterChain.internalDoFilter(ApplicationFilterChain.java:174)
	at org.apache.catalina.core.ApplicationFilterChain.doFilter(ApplicationFilterChain.java:149)
	at org.apache.catalina.core.StandardWrapperValve.invoke(StandardWrapperValve.java:167)
	at org.apache.catalina.core.StandardContextValve.invoke(StandardContextValve.java:90)
	at org.apache.catalina.authenticator.AuthenticatorBase.invoke(AuthenticatorBase.java:482)
	at org.apache.catalina.core.StandardHostValve.invoke(StandardHostValve.java:115)
	at org.apache.catalina.valves.ErrorReportValve.invoke(ErrorReportValve.java:93)
	at org.apache.catalina.core.StandardEngineValve.invoke(StandardEngineValve.java:74)
	at org.apache.catalina.connector.CoyoteAdapter.service(CoyoteAdapter.java:340)
	at org.apache.coyote.http11.Http11Processor.service(Http11Processor.java:391)
	at org.apache.coyote.AbstractProcessorLight.process(AbstractProcessorLight.java:63)
	at org.apache.coyote.AbstractProtocol$ConnectionHandler.process(AbstractProtocol.java:896)
	at org.apache.tomcat.util.net.NioEndpoint$SocketProcessor.doRun(NioEndpoint.java:1744)
	at org.apache.tomcat.util.net.SocketProcessorBase.run(SocketProcessorBase.java:52)
	at org.apache.tomcat.util.threads.ThreadPoolExecutor.runWorker(ThreadPoolExecutor.java:1191)
	at org.apache.tomcat.util.threads.ThreadPoolExecutor$Worker.run(ThreadPoolExecutor.java:659)
	at org.apache.tomcat.util.threads.TaskThread$WrappingRunnable.run(TaskThread.java:61)
	at java.base/java.lang.Thread.run(Thread.java:840)
Caused by: org.hibernate.exception.SQLGrammarException: JDBC exception executing SQL [select vte1_0.pkey,vte1_0.a1card,vte1_0.a1card_note,vte1_0.a1cash,vte1_0.a1cash_note,vte1_0.a1extra1,vte1_0.a1extra1name,vte1_0.a1extra1note,vte1_0.a1extra2,vte1_0.a1extra2name,vte1_0.a1extra2note,vte1_0.a1extra3,vte1_0.a1extra3name,vte1_0.a1extra3note,vte1_0.a1extra4,vte1_0.a1extra4name,vte1_0.a1extra4note,vte1_0.a1extra5,vte1_0.a1extra5name,vte1_0.a1extra5note,vte1_0.a1tax,vte1_0.a1tax_note,vte1_0.active_yn,vte1_0.a_total,vte1_0.b1electricity,vte1_0.b1electricity_note,vte1_0.b1etc_expense,vte1_0.b1etc_expense_note,vte1_0.b1extra1,vte1_0.b1extra1name,vte1_0.b1extra1note,vte1_0.b1extra2,vte1_0.b1extra2name,vte1_0.b1extra2note,vte1_0.b1extra3,vte1_0.b1extra3name,vte1_0.b1extra3note,vte1_0.b1extra4,vte1_0.b1extra4name,vte1_0.b1extra4note,vte1_0.b1extra5,vte1_0.b1extra5name,vte1_0.b1extra5note,vte1_0.b1gas,vte1_0.b1gas_note,vte1_0.b1internet,vte1_0.b1internet_note,vte1_0.b1maint,vte1_0.b1maint_note,vte1_0.b1rent,vte1_0.b1rent_note,vte1_0.b2charge,vte1_0.b2charge_note,vte1_0.b3etc,vte1_0.b3etc_note,vte1_0.b3extra1,vte1_0.b3extra1name,vte1_0.b3extra1note,vte1_0.b3extra2,vte1_0.b3extra2name,vte1_0.b3extra2note,vte1_0.b3extra3,vte1_0.b3extra3name,vte1_0.b3extra3note,vte1_0.b3extra4,vte1_0.b3extra4name,vte1_0.b3extra4note,vte1_0.b3extra5,vte1_0.b3extra5name,vte1_0.b3extra5note,vte1_0.b3material,vte1_0.b3material_note,vte1_0.b4donation,vte1_0.b4donation_note,vte1_0.b4extra1,vte1_0.b4extra1name,vte1_0.b4extra1note,vte1_0.b4extra2,vte1_0.b4extra2name,vte1_0.b4extra2note,vte1_0.b4extra3,vte1_0.b4extra3name,vte1_0.b4extra3note,vte1_0.b4extra4,vte1_0.b4extra4name,vte1_0.b4extra4note,vte1_0.b4extra5,vte1_0.b4extra5name,vte1_0.b4extra5note,vte1_0.b4init_product,vte1_0.b4init_product_note,vte1_0.bank,vte1_0.bank_account,vte1_0.bank_account_number,vte1_0.brand_cd,vte1_0.brand_name,vte1_0.b_total,vte1_0.c1card_fee,vte1_0.c1card_fee_note,vte1_0.c1electricity,vte1_0.c1electricity_note,vte1_0.c1etc_expense,vte1_0.c1etc_expense_note,vte1_0.c1extra1,vte1_0.c1extra1name,vte1_0.c1extra1note,vte1_0.c1extra2,vte1_0.c1extra2name,vte1_0.c1extra2note,vte1_0.c1extra3,vte1_0.c1extra3name,vte1_0.c1extra3note,vte1_0.c1extra4,vte1_0.c1extra4name,vte1_0.c1extra4note,vte1_0.c1extra5,vte1_0.c1extra5name,vte1_0.c1extra5note,vte1_0.c1gas,vte1_0.c1gas_note,vte1_0.c1insurance,vte1_0.c1insurance_note,vte1_0.c1rent,vte1_0.c1rent_note,vte1_0.c1water,vte1_0.c1water_note,vte1_0.c2extra1,vte1_0.c2extra1name,vte1_0.c2extra1note,vte1_0.c2extra2,vte1_0.c2extra2name,vte1_0.c2extra2note,vte1_0.c2extra3,vte1_0.c2extra3name,vte1_0.c2extra3note,vte1_0.c2extra4,vte1_0.c2extra4name,vte1_0.c2extra4note,vte1_0.c2extra5,vte1_0.c2extra5name,vte1_0.c2extra5note,vte1_0.c2interest_cost,vte1_0.c2interest_cost_note,vte1_0.closed_yn,vte1_0.d1carryover,vte1_0.d1carryover_note,vte1_0.d1extra1,vte1_0.d1extra1name,vte1_0.d1extra1note,vte1_0.d1extra2,vte1_0.d1extra2name,vte1_0.d1extra2note,vte1_0.d1extra3,vte1_0.d1extra3name,vte1_0.d1extra3note,vte1_0.d1extra4,vte1_0.d1extra4name,vte1_0.d1extra4note,vte1_0.d1extra5,vte1_0.d1extra5name,vte1_0.d1extra5note,vte1_0.d1material,vte1_0.d1material_note,vte1_0.d1store_maint,vte1_0.d1store_maint_note,vte1_0.d2cash,vte1_0.d2cash_note,vte1_0.d2extra1,vte1_0.d2extra1name,vte1_0.d2extra1note,vte1_0.d2extra2,vte1_0.d2extra2name,vte1_0.d2extra2note,vte1_0.d2extra3,vte1_0.d2extra3name,vte1_0.d2extra3note,vte1_0.d2extra4,vte1_0.d2extra4name,vte1_0.d2extra4note,vte1_0.d2extra5,vte1_0.d2extra5name,vte1_0.d2extra5note,vte1_0.d3extra1,vte1_0.d3extra1name,vte1_0.d3extra1note,vte1_0.d3extra2,vte1_0.d3extra2name,vte1_0.d3extra2note,vte1_0.d3extra3,vte1_0.d3extra3name,vte1_0.d3extra3note,vte1_0.d3extra4,vte1_0.d3extra4name,vte1_0.d3extra4note,vte1_0.d3extra5,vte1_0.d3extra5name,vte1_0.d3extra5note,vte1_0.d3init_product,vte1_0.d3init_product_note,vte1_0.d3rent,vte1_0.d3rent_note,vte1_0.deposit_amount,vte1_0.insert_timestamp,vte1_0.owner,vte1_0.phone,vte1_0.sales_profit,vte1_0.settle_amount,vte1_0.settlement_amount,vte1_0.settlement_cd,vte1_0.settlement_title,vte1_0.settlement_ymd,vte1_0.src_a1card,vte1_0.src_a1cash,vte1_0.src_b1electricity,vte1_0.src_b3material,vte1_0.src_c1card_fee,vte1_0.src_d1material,vte1_0.store_code,vte1_0.store_name,vte1_0.update_timestamp from cnco.vsettlement_total vte1_0 where vte1_0.pkey=?] [ERROR: column vte1_0.settle_amount does not exist
  Position: 3893] [n/a]
	at org.hibernate.exception.internal.SQLStateConversionDelegate.convert(SQLStateConversionDelegate.java:91)
	at org.hibernate.exception.internal.StandardSQLExceptionConverter.convert(StandardSQLExceptionConverter.java:58)
	at org.hibernate.engine.jdbc.spi.SqlExceptionHelper.convert(SqlExceptionHelper.java:108)
	at org.hibernate.engine.jdbc.spi.SqlExceptionHelper.convert(SqlExceptionHelper.java:94)
	at org.hibernate.sql.results.jdbc.internal.DeferredResultSetAccess.executeQuery(DeferredResultSetAccess.java:258)
	at org.hibernate.sql.results.jdbc.internal.DeferredResultSetAccess.getResultSet(DeferredResultSetAccess.java:164)
	at org.hibernate.sql.results.jdbc.internal.JdbcValuesResultSetImpl.advanceNext(JdbcValuesResultSetImpl.java:218)
	at org.hibernate.sql.results.jdbc.internal.JdbcValuesResultSetImpl.processNext(JdbcValuesResultSetImpl.java:98)
	at org.hibernate.sql.results.jdbc.internal.AbstractJdbcValues.next(AbstractJdbcValues.java:19)
	at org.hibernate.sql.results.internal.RowProcessingStateStandardImpl.next(RowProcessingStateStandardImpl.java:66)
	at org.hibernate.sql.results.spi.ListResultsConsumer.consume(ListResultsConsumer.java:186)
	at org.hibernate.sql.results.spi.ListResultsConsumer.consume(ListResultsConsumer.java:33)
	at org.hibernate.sql.exec.internal.JdbcSelectExecutorStandardImpl.doExecuteQuery(JdbcSelectExecutorStandardImpl.java:361)
	at org.hibernate.sql.exec.internal.JdbcSelectExecutorStandardImpl.executeQuery(JdbcSelectExecutorStandardImpl.java:168)
	at org.hibernate.sql.exec.internal.JdbcSelectExecutorStandardImpl.list(JdbcSelectExecutorStandardImpl.java:93)
	at org.hibernate.sql.exec.spi.JdbcSelectExecutor.list(JdbcSelectExecutor.java:31)
	at org.hibernate.loader.ast.internal.SingleIdLoadPlan.load(SingleIdLoadPlan.java:145)
	at org.hibernate.loader.ast.internal.SingleIdLoadPlan.load(SingleIdLoadPlan.java:117)
	at org.hibernate.loader.ast.internal.SingleIdEntityLoaderStandardImpl.load(SingleIdEntityLoaderStandardImpl.java:75)
	at org.hibernate.persister.entity.AbstractEntityPersister.doLoad(AbstractEntityPersister.java:3673)
	at org.hibernate.persister.entity.AbstractEntityPersister.load(AbstractEntityPersister.java:3662)
	at org.hibernate.event.internal.DefaultLoadEventListener.loadFromDatasource(DefaultLoadEventListener.java:591)
	at org.hibernate.event.internal.DefaultLoadEventListener.loadFromCacheOrDatasource(DefaultLoadEventListener.java:577)
	at org.hibernate.event.internal.DefaultLoadEventListener.load(DefaultLoadEventListener.java:547)
	at org.hibernate.event.internal.DefaultLoadEventListener.doLoad(DefaultLoadEventListener.java:531)
	at org.hibernate.event.internal.DefaultLoadEventListener.load(DefaultLoadEventListener.java:206)
	at org.hibernate.event.internal.DefaultLoadEventListener.loadWithRegularProxy(DefaultLoadEventListener.java:286)
	at org.hibernate.event.internal.DefaultLoadEventListener.proxyOrLoad(DefaultLoadEventListener.java:241)
	at org.hibernate.event.internal.DefaultLoadEventListener.doOnLoad(DefaultLoadEventListener.java:110)
	at org.hibernate.event.internal.DefaultLoadEventListener.onLoad(DefaultLoadEventListener.java:67)
	at org.hibernate.event.service.internal.EventListenerGroupImpl.fireEventOnEachListener(EventListenerGroupImpl.java:138)
	at org.hibernate.internal.SessionImpl.fireLoadNoChecks(SessionImpl.java:1234)
	at org.hibernate.internal.SessionImpl.fireLoad(SessionImpl.java:1222)
	at org.hibernate.loader.internal.IdentifierLoadAccessImpl.load(IdentifierLoadAccessImpl.java:209)
	at org.hibernate.loader.internal.IdentifierLoadAccessImpl.doLoad(IdentifierLoadAccessImpl.java:160)
	at org.hibernate.loader.internal.IdentifierLoadAccessImpl.lambda$load$1(IdentifierLoadAccessImpl.java:149)
	at org.hibernate.loader.internal.IdentifierLoadAccessImpl.perform(IdentifierLoadAccessImpl.java:112)
	at org.hibernate.loader.internal.IdentifierLoadAccessImpl.load(IdentifierLoadAccessImpl.java:149)
	at org.hibernate.internal.SessionImpl.find(SessionImpl.java:2430)
	at org.hibernate.internal.SessionImpl.find(SessionImpl.java:2401)
	at jdk.internal.reflect.GeneratedMethodAccessor65.invoke(Unknown Source)
	at java.base/jdk.internal.reflect.DelegatingMethodAccessorImpl.invoke(DelegatingMethodAccessorImpl.java:43)
	at java.base/java.lang.reflect.Method.invoke(Method.java:569)
	at org.springframework.orm.jpa.ExtendedEntityManagerCreator$ExtendedEntityManagerInvocationHandler.invoke(ExtendedEntityManagerCreator.java:360)
	at jdk.proxy2/jdk.proxy2.$Proxy134.find(Unknown Source)
	at jdk.internal.reflect.GeneratedMethodAccessor65.invoke(Unknown Source)
	at java.base/jdk.internal.reflect.DelegatingMethodAccessorImpl.invoke(DelegatingMethodAccessorImpl.java:43)
	at java.base/java.lang.reflect.Method.invoke(Method.java:569)
	at org.springframework.orm.jpa.SharedEntityManagerCreator$SharedEntityManagerInvocationHandler.invoke(SharedEntityManagerCreator.java:311)
	at jdk.proxy2/jdk.proxy2.$Proxy134.find(Unknown Source)
	at org.springframework.data.jpa.repository.support.SimpleJpaRepository.findById(SimpleJpaRepository.java:313)
	at java.base/jdk.internal.reflect.NativeMethodAccessorImpl.invoke0(Native Method)
	at java.base/jdk.internal.reflect.NativeMethodAccessorImpl.invoke(NativeMethodAccessorImpl.java:77)
	at java.base/jdk.internal.reflect.DelegatingMethodAccessorImpl.invoke(DelegatingMethodAccessorImpl.java:43)
	at java.base/java.lang.reflect.Method.invoke(Method.java:569)
	at org.springframework.aop.support.AopUtils.invokeJoinpointUsingReflection(AopUtils.java:352)
	at org.springframework.data.repository.core.support.RepositoryMethodInvoker$RepositoryFragmentMethodInvoker.lambda$new$0(RepositoryMethodInvoker.java:277)
	at org.springframework.data.repository.core.support.RepositoryMethodInvoker.doInvoke(RepositoryMethodInvoker.java:170)
	at org.springframework.data.repository.core.support.RepositoryMethodInvoker.invoke(RepositoryMethodInvoker.java:158)
	at org.springframework.data.repository.core.support.RepositoryComposition$RepositoryFragments.invoke(RepositoryComposition.java:516)
	at org.springframework.data.repository.core.support.RepositoryComposition.invoke(RepositoryComposition.java:285)
	at org.springframework.data.repository.core.support.RepositoryFactorySupport$ImplementationMethodExecutionInterceptor.invoke(RepositoryFactorySupport.java:628)
	at org.springframework.aop.framework.ReflectiveMethodInvocation.proceed(ReflectiveMethodInvocation.java:184)
	at org.springframework.data.repository.core.support.QueryExecutorMethodInterceptor.doInvoke(QueryExecutorMethodInterceptor.java:168)
	at org.springframework.data.repository.core.support.QueryExecutorMethodInterceptor.invoke(QueryExecutorMethodInterceptor.java:143)
	at org.springframework.aop.framework.ReflectiveMethodInvocation.proceed(ReflectiveMethodInvocation.java:184)
	at org.springframework.data.projection.DefaultMethodInvokingMethodInterceptor.invoke(DefaultMethodInvokingMethodInterceptor.java:70)
	at org.springframework.aop.framework.ReflectiveMethodInvocation.proceed(ReflectiveMethodInvocation.java:184)
	at org.springframework.transaction.interceptor.TransactionInterceptor$1.proceedWithInvocation(TransactionInterceptor.java:123)
	at org.springframework.transaction.interceptor.TransactionAspectSupport.invokeWithinTransaction(TransactionAspectSupport.java:385)
	at org.springframework.transaction.interceptor.TransactionInterceptor.invoke(TransactionInterceptor.java:119)
	at org.springframework.aop.framework.ReflectiveMethodInvocation.proceed(ReflectiveMethodInvocation.java:184)
	at org.springframework.dao.support.PersistenceExceptionTranslationInterceptor.invoke(PersistenceExceptionTranslationInterceptor.java:137)
	... 121 more
Caused by: org.postgresql.util.PSQLException: ERROR: column vte1_0.settle_amount does not exist
  Position: 3893
	at org.postgresql.core.v3.QueryExecutorImpl.receiveErrorResponse(QueryExecutorImpl.java:2713)
	at org.postgresql.core.v3.QueryExecutorImpl.processResults(QueryExecutorImpl.java:2401)
	at org.postgresql.core.v3.QueryExecutorImpl.execute(QueryExecutorImpl.java:368)
	at org.postgresql.jdbc.PgStatement.executeInternal(PgStatement.java:498)
	at org.postgresql.jdbc.PgStatement.execute(PgStatement.java:415)
	at org.postgresql.jdbc.PgPreparedStatement.executeWithFlags(PgPreparedStatement.java:190)
	at org.postgresql.jdbc.PgPreparedStatement.executeQuery(PgPreparedStatement.java:134)
	at com.zaxxer.hikari.pool.ProxyPreparedStatement.executeQuery(ProxyPreparedStatement.java:52)
	at com.zaxxer.hikari.pool.HikariProxyPreparedStatement.executeQuery(HikariProxyPreparedStatement.java)
	at org.hibernate.sql.results.jdbc.internal.DeferredResultSetAccess.executeQuery(DeferredResultSetAccess.java:240)
	... 189 more

2025-04-30T08:40:59.200+09:00  INFO 16156 --- [http-nio-4080-exec-4] c.e.cco.security.JwtAuthorizationFilter  : token =eyJhbGciOiJIUzUxMiJ9.eyJzdWIiOiJhZG1pbiIsInJvbGUiOiJBRE1JTiIsImlhdCI6MTc0NTk2OTIzNywiZXhwIjoxNzQ1OTk4MDM3fQ.wiA_QqMmtrXJb4uNDkhaCfIK3bC8lZxSd3ID7_G7j-8l50Fxom-SdwSZGTmZp6ugeUaqXdXNiH8-1-s7fcZFCw
2025-04-30T08:40:59.203+09:00  INFO 16156 --- [http-nio-4080-exec-4] c.example.cco.security.JwtTokenProvider  : Wed Apr 30 08:40:59 KST 2025
2025-04-30T08:40:59.203+09:00  INFO 16156 --- [http-nio-4080-exec-4] c.example.cco.security.JwtTokenProvider  : false
2025-04-30T08:40:59.214+09:00  WARN 16156 --- [http-nio-4080-exec-4] o.h.engine.jdbc.spi.SqlExceptionHelper   : SQL Error: 0, SQLState: 42703
2025-04-30T08:40:59.214+09:00 ERROR 16156 --- [http-nio-4080-exec-4] o.h.engine.jdbc.spi.SqlExceptionHelper   : ERROR: column vte1_0.settle_amount does not exist
  Position: 3893
2025-04-30T08:40:59.214+09:00  INFO 16156 --- [http-nio-4080-exec-4] o.h.e.internal.DefaultLoadEventListener  : HHH000327: Error performing load command

org.hibernate.exception.SQLGrammarException: JDBC exception executing SQL [select vte1_0.pkey,vte1_0.a1card,vte1_0.a1card_note,vte1_0.a1cash,vte1_0.a1cash_note,vte1_0.a1extra1,vte1_0.a1extra1name,vte1_0.a1extra1note,vte1_0.a1extra2,vte1_0.a1extra2name,vte1_0.a1extra2note,vte1_0.a1extra3,vte1_0.a1extra3name,vte1_0.a1extra3note,vte1_0.a1extra4,vte1_0.a1extra4name,vte1_0.a1extra4note,vte1_0.a1extra5,vte1_0.a1extra5name,vte1_0.a1extra5note,vte1_0.a1tax,vte1_0.a1tax_note,vte1_0.active_yn,vte1_0.a_total,vte1_0.b1electricity,vte1_0.b1electricity_note,vte1_0.b1etc_expense,vte1_0.b1etc_expense_note,vte1_0.b1extra1,vte1_0.b1extra1name,vte1_0.b1extra1note,vte1_0.b1extra2,vte1_0.b1extra2name,vte1_0.b1extra2note,vte1_0.b1extra3,vte1_0.b1extra3name,vte1_0.b1extra3note,vte1_0.b1extra4,vte1_0.b1extra4name,vte1_0.b1extra4note,vte1_0.b1extra5,vte1_0.b1extra5name,vte1_0.b1extra5note,vte1_0.b1gas,vte1_0.b1gas_note,vte1_0.b1internet,vte1_0.b1internet_note,vte1_0.b1maint,vte1_0.b1maint_note,vte1_0.b1rent,vte1_0.b1rent_note,vte1_0.b2charge,vte1_0.b2charge_note,vte1_0.b3etc,vte1_0.b3etc_note,vte1_0.b3extra1,vte1_0.b3extra1name,vte1_0.b3extra1note,vte1_0.b3extra2,vte1_0.b3extra2name,vte1_0.b3extra2note,vte1_0.b3extra3,vte1_0.b3extra3name,vte1_0.b3extra3note,vte1_0.b3extra4,vte1_0.b3extra4name,vte1_0.b3extra4note,vte1_0.b3extra5,vte1_0.b3extra5name,vte1_0.b3extra5note,vte1_0.b3material,vte1_0.b3material_note,vte1_0.b4donation,vte1_0.b4donation_note,vte1_0.b4extra1,vte1_0.b4extra1name,vte1_0.b4extra1note,vte1_0.b4extra2,vte1_0.b4extra2name,vte1_0.b4extra2note,vte1_0.b4extra3,vte1_0.b4extra3name,vte1_0.b4extra3note,vte1_0.b4extra4,vte1_0.b4extra4name,vte1_0.b4extra4note,vte1_0.b4extra5,vte1_0.b4extra5name,vte1_0.b4extra5note,vte1_0.b4init_product,vte1_0.b4init_product_note,vte1_0.bank,vte1_0.bank_account,vte1_0.bank_account_number,vte1_0.brand_cd,vte1_0.brand_name,vte1_0.b_total,vte1_0.c1card_fee,vte1_0.c1card_fee_note,vte1_0.c1electricity,vte1_0.c1electricity_note,vte1_0.c1etc_expense,vte1_0.c1etc_expense_note,vte1_0.c1extra1,vte1_0.c1extra1name,vte1_0.c1extra1note,vte1_0.c1extra2,vte1_0.c1extra2name,vte1_0.c1extra2note,vte1_0.c1extra3,vte1_0.c1extra3name,vte1_0.c1extra3note,vte1_0.c1extra4,vte1_0.c1extra4name,vte1_0.c1extra4note,vte1_0.c1extra5,vte1_0.c1extra5name,vte1_0.c1extra5note,vte1_0.c1gas,vte1_0.c1gas_note,vte1_0.c1insurance,vte1_0.c1insurance_note,vte1_0.c1rent,vte1_0.c1rent_note,vte1_0.c1water,vte1_0.c1water_note,vte1_0.c2extra1,vte1_0.c2extra1name,vte1_0.c2extra1note,vte1_0.c2extra2,vte1_0.c2extra2name,vte1_0.c2extra2note,vte1_0.c2extra3,vte1_0.c2extra3name,vte1_0.c2extra3note,vte1_0.c2extra4,vte1_0.c2extra4name,vte1_0.c2extra4note,vte1_0.c2extra5,vte1_0.c2extra5name,vte1_0.c2extra5note,vte1_0.c2interest_cost,vte1_0.c2interest_cost_note,vte1_0.closed_yn,vte1_0.d1carryover,vte1_0.d1carryover_note,vte1_0.d1extra1,vte1_0.d1extra1name,vte1_0.d1extra1note,vte1_0.d1extra2,vte1_0.d1extra2name,vte1_0.d1extra2note,vte1_0.d1extra3,vte1_0.d1extra3name,vte1_0.d1extra3note,vte1_0.d1extra4,vte1_0.d1extra4name,vte1_0.d1extra4note,vte1_0.d1extra5,vte1_0.d1extra5name,vte1_0.d1extra5note,vte1_0.d1material,vte1_0.d1material_note,vte1_0.d1store_maint,vte1_0.d1store_maint_note,vte1_0.d2cash,vte1_0.d2cash_note,vte1_0.d2extra1,vte1_0.d2extra1name,vte1_0.d2extra1note,vte1_0.d2extra2,vte1_0.d2extra2name,vte1_0.d2extra2note,vte1_0.d2extra3,vte1_0.d2extra3name,vte1_0.d2extra3note,vte1_0.d2extra4,vte1_0.d2extra4name,vte1_0.d2extra4note,vte1_0.d2extra5,vte1_0.d2extra5name,vte1_0.d2extra5note,vte1_0.d3extra1,vte1_0.d3extra1name,vte1_0.d3extra1note,vte1_0.d3extra2,vte1_0.d3extra2name,vte1_0.d3extra2note,vte1_0.d3extra3,vte1_0.d3extra3name,vte1_0.d3extra3note,vte1_0.d3extra4,vte1_0.d3extra4name,vte1_0.d3extra4note,vte1_0.d3extra5,vte1_0.d3extra5name,vte1_0.d3extra5note,vte1_0.d3init_product,vte1_0.d3init_product_note,vte1_0.d3rent,vte1_0.d3rent_note,vte1_0.deposit_amount,vte1_0.insert_timestamp,vte1_0.owner,vte1_0.phone,vte1_0.sales_profit,vte1_0.settle_amount,vte1_0.settlement_amount,vte1_0.settlement_cd,vte1_0.settlement_title,vte1_0.settlement_ymd,vte1_0.src_a1card,vte1_0.src_a1cash,vte1_0.src_b1electricity,vte1_0.src_b3material,vte1_0.src_c1card_fee,vte1_0.src_d1material,vte1_0.store_code,vte1_0.store_name,vte1_0.update_timestamp from cnco.vsettlement_total vte1_0 where vte1_0.pkey=?] [ERROR: column vte1_0.settle_amount does not exist
  Position: 3893] [n/a]
	at org.hibernate.exception.internal.SQLStateConversionDelegate.convert(SQLStateConversionDelegate.java:91) ~[hibernate-core-6.3.1.Final.jar:6.3.1.Final]
	at org.hibernate.exception.internal.StandardSQLExceptionConverter.convert(StandardSQLExceptionConverter.java:58) ~[hibernate-core-6.3.1.Final.jar:6.3.1.Final]
	at org.hibernate.engine.jdbc.spi.SqlExceptionHelper.convert(SqlExceptionHelper.java:108) ~[hibernate-core-6.3.1.Final.jar:6.3.1.Final]
	at org.hibernate.engine.jdbc.spi.SqlExceptionHelper.convert(SqlExceptionHelper.java:94) ~[hibernate-core-6.3.1.Final.jar:6.3.1.Final]
	at org.hibernate.sql.results.jdbc.internal.DeferredResultSetAccess.executeQuery(DeferredResultSetAccess.java:258) ~[hibernate-core-6.3.1.Final.jar:6.3.1.Final]
	at org.hibernate.sql.results.jdbc.internal.DeferredResultSetAccess.getResultSet(DeferredResultSetAccess.java:164) ~[hibernate-core-6.3.1.Final.jar:6.3.1.Final]
	at org.hibernate.sql.results.jdbc.internal.JdbcValuesResultSetImpl.advanceNext(JdbcValuesResultSetImpl.java:218) ~[hibernate-core-6.3.1.Final.jar:6.3.1.Final]
	at org.hibernate.sql.results.jdbc.internal.JdbcValuesResultSetImpl.processNext(JdbcValuesResultSetImpl.java:98) ~[hibernate-core-6.3.1.Final.jar:6.3.1.Final]
	at org.hibernate.sql.results.jdbc.internal.AbstractJdbcValues.next(AbstractJdbcValues.java:19) ~[hibernate-core-6.3.1.Final.jar:6.3.1.Final]
	at org.hibernate.sql.results.internal.RowProcessingStateStandardImpl.next(RowProcessingStateStandardImpl.java:66) ~[hibernate-core-6.3.1.Final.jar:6.3.1.Final]
	at org.hibernate.sql.results.spi.ListResultsConsumer.consume(ListResultsConsumer.java:186) ~[hibernate-core-6.3.1.Final.jar:6.3.1.Final]
	at org.hibernate.sql.results.spi.ListResultsConsumer.consume(ListResultsConsumer.java:33) ~[hibernate-core-6.3.1.Final.jar:6.3.1.Final]
	at org.hibernate.sql.exec.internal.JdbcSelectExecutorStandardImpl.doExecuteQuery(JdbcSelectExecutorStandardImpl.java:361) ~[hibernate-core-6.3.1.Final.jar:6.3.1.Final]
	at org.hibernate.sql.exec.internal.JdbcSelectExecutorStandardImpl.executeQuery(JdbcSelectExecutorStandardImpl.java:168) ~[hibernate-core-6.3.1.Final.jar:6.3.1.Final]
	at org.hibernate.sql.exec.internal.JdbcSelectExecutorStandardImpl.list(JdbcSelectExecutorStandardImpl.java:93) ~[hibernate-core-6.3.1.Final.jar:6.3.1.Final]
	at org.hibernate.sql.exec.spi.JdbcSelectExecutor.list(JdbcSelectExecutor.java:31) ~[hibernate-core-6.3.1.Final.jar:6.3.1.Final]
	at org.hibernate.loader.ast.internal.SingleIdLoadPlan.load(SingleIdLoadPlan.java:145) ~[hibernate-core-6.3.1.Final.jar:6.3.1.Final]
	at org.hibernate.loader.ast.internal.SingleIdLoadPlan.load(SingleIdLoadPlan.java:117) ~[hibernate-core-6.3.1.Final.jar:6.3.1.Final]
	at org.hibernate.loader.ast.internal.SingleIdEntityLoaderStandardImpl.load(SingleIdEntityLoaderStandardImpl.java:75) ~[hibernate-core-6.3.1.Final.jar:6.3.1.Final]
	at org.hibernate.persister.entity.AbstractEntityPersister.doLoad(AbstractEntityPersister.java:3673) ~[hibernate-core-6.3.1.Final.jar:6.3.1.Final]
	at org.hibernate.persister.entity.AbstractEntityPersister.load(AbstractEntityPersister.java:3662) ~[hibernate-core-6.3.1.Final.jar:6.3.1.Final]
	at org.hibernate.event.internal.DefaultLoadEventListener.loadFromDatasource(DefaultLoadEventListener.java:591) ~[hibernate-core-6.3.1.Final.jar:6.3.1.Final]
	at org.hibernate.event.internal.DefaultLoadEventListener.loadFromCacheOrDatasource(DefaultLoadEventListener.java:577) ~[hibernate-core-6.3.1.Final.jar:6.3.1.Final]
	at org.hibernate.event.internal.DefaultLoadEventListener.load(DefaultLoadEventListener.java:547) ~[hibernate-core-6.3.1.Final.jar:6.3.1.Final]
	at org.hibernate.event.internal.DefaultLoadEventListener.doLoad(DefaultLoadEventListener.java:531) ~[hibernate-core-6.3.1.Final.jar:6.3.1.Final]
	at org.hibernate.event.internal.DefaultLoadEventListener.load(DefaultLoadEventListener.java:206) ~[hibernate-core-6.3.1.Final.jar:6.3.1.Final]
	at org.hibernate.event.internal.DefaultLoadEventListener.loadWithRegularProxy(DefaultLoadEventListener.java:286) ~[hibernate-core-6.3.1.Final.jar:6.3.1.Final]
	at org.hibernate.event.internal.DefaultLoadEventListener.proxyOrLoad(DefaultLoadEventListener.java:241) ~[hibernate-core-6.3.1.Final.jar:6.3.1.Final]
	at org.hibernate.event.internal.DefaultLoadEventListener.doOnLoad(DefaultLoadEventListener.java:110) ~[hibernate-core-6.3.1.Final.jar:6.3.1.Final]
	at org.hibernate.event.internal.DefaultLoadEventListener.onLoad(DefaultLoadEventListener.java:67) ~[hibernate-core-6.3.1.Final.jar:6.3.1.Final]
	at org.hibernate.event.service.internal.EventListenerGroupImpl.fireEventOnEachListener(EventListenerGroupImpl.java:138) ~[hibernate-core-6.3.1.Final.jar:6.3.1.Final]
	at org.hibernate.internal.SessionImpl.fireLoadNoChecks(SessionImpl.java:1234) ~[hibernate-core-6.3.1.Final.jar:6.3.1.Final]
	at org.hibernate.internal.SessionImpl.fireLoad(SessionImpl.java:1222) ~[hibernate-core-6.3.1.Final.jar:6.3.1.Final]
	at org.hibernate.loader.internal.IdentifierLoadAccessImpl.load(IdentifierLoadAccessImpl.java:209) ~[hibernate-core-6.3.1.Final.jar:6.3.1.Final]
	at org.hibernate.loader.internal.IdentifierLoadAccessImpl.doLoad(IdentifierLoadAccessImpl.java:160) ~[hibernate-core-6.3.1.Final.jar:6.3.1.Final]
	at org.hibernate.loader.internal.IdentifierLoadAccessImpl.lambda$load$1(IdentifierLoadAccessImpl.java:149) ~[hibernate-core-6.3.1.Final.jar:6.3.1.Final]
	at org.hibernate.loader.internal.IdentifierLoadAccessImpl.perform(IdentifierLoadAccessImpl.java:112) ~[hibernate-core-6.3.1.Final.jar:6.3.1.Final]
	at org.hibernate.loader.internal.IdentifierLoadAccessImpl.load(IdentifierLoadAccessImpl.java:149) ~[hibernate-core-6.3.1.Final.jar:6.3.1.Final]
	at org.hibernate.internal.SessionImpl.find(SessionImpl.java:2430) ~[hibernate-core-6.3.1.Final.jar:6.3.1.Final]
	at org.hibernate.internal.SessionImpl.find(SessionImpl.java:2401) ~[hibernate-core-6.3.1.Final.jar:6.3.1.Final]
	at jdk.internal.reflect.GeneratedMethodAccessor65.invoke(Unknown Source) ~[na:na]
	at java.base/jdk.internal.reflect.DelegatingMethodAccessorImpl.invoke(DelegatingMethodAccessorImpl.java:43) ~[na:na]
	at java.base/java.lang.reflect.Method.invoke(Method.java:569) ~[na:na]
	at org.springframework.orm.jpa.ExtendedEntityManagerCreator$ExtendedEntityManagerInvocationHandler.invoke(ExtendedEntityManagerCreator.java:360) ~[spring-orm-6.1.1.jar:6.1.1]
	at jdk.proxy2/jdk.proxy2.$Proxy134.find(Unknown Source) ~[na:na]
	at jdk.internal.reflect.GeneratedMethodAccessor65.invoke(Unknown Source) ~[na:na]
	at java.base/jdk.internal.reflect.DelegatingMethodAccessorImpl.invoke(DelegatingMethodAccessorImpl.java:43) ~[na:na]
	at java.base/java.lang.reflect.Method.invoke(Method.java:569) ~[na:na]
	at org.springframework.orm.jpa.SharedEntityManagerCreator$SharedEntityManagerInvocationHandler.invoke(SharedEntityManagerCreator.java:311) ~[spring-orm-6.1.1.jar:6.1.1]
	at jdk.proxy2/jdk.proxy2.$Proxy134.find(Unknown Source) ~[na:na]
	at org.springframework.data.jpa.repository.support.SimpleJpaRepository.findById(SimpleJpaRepository.java:313) ~[spring-data-jpa-3.2.0.jar:3.2.0]
	at java.base/jdk.internal.reflect.NativeMethodAccessorImpl.invoke0(Native Method) ~[na:na]
	at java.base/jdk.internal.reflect.NativeMethodAccessorImpl.invoke(NativeMethodAccessorImpl.java:77) ~[na:na]
	at java.base/jdk.internal.reflect.DelegatingMethodAccessorImpl.invoke(DelegatingMethodAccessorImpl.java:43) ~[na:na]
	at java.base/java.lang.reflect.Method.invoke(Method.java:569) ~[na:na]
	at org.springframework.aop.support.AopUtils.invokeJoinpointUsingReflection(AopUtils.java:352) ~[spring-aop-6.1.1.jar:6.1.1]
	at org.springframework.data.repository.core.support.RepositoryMethodInvoker$RepositoryFragmentMethodInvoker.lambda$new$0(RepositoryMethodInvoker.java:277) ~[spring-data-commons-3.2.0.jar:3.2.0]
	at org.springframework.data.repository.core.support.RepositoryMethodInvoker.doInvoke(RepositoryMethodInvoker.java:170) ~[spring-data-commons-3.2.0.jar:3.2.0]
	at org.springframework.data.repository.core.support.RepositoryMethodInvoker.invoke(RepositoryMethodInvoker.java:158) ~[spring-data-commons-3.2.0.jar:3.2.0]
	at org.springframework.data.repository.core.support.RepositoryComposition$RepositoryFragments.invoke(RepositoryComposition.java:516) ~[spring-data-commons-3.2.0.jar:3.2.0]
	at org.springframework.data.repository.core.support.RepositoryComposition.invoke(RepositoryComposition.java:285) ~[spring-data-commons-3.2.0.jar:3.2.0]
	at org.springframework.data.repository.core.support.RepositoryFactorySupport$ImplementationMethodExecutionInterceptor.invoke(RepositoryFactorySupport.java:628) ~[spring-data-commons-3.2.0.jar:3.2.0]
	at org.springframework.aop.framework.ReflectiveMethodInvocation.proceed(ReflectiveMethodInvocation.java:184) ~[spring-aop-6.1.1.jar:6.1.1]
	at org.springframework.data.repository.core.support.QueryExecutorMethodInterceptor.doInvoke(QueryExecutorMethodInterceptor.java:168) ~[spring-data-commons-3.2.0.jar:3.2.0]
	at org.springframework.data.repository.core.support.QueryExecutorMethodInterceptor.invoke(QueryExecutorMethodInterceptor.java:143) ~[spring-data-commons-3.2.0.jar:3.2.0]
	at org.springframework.aop.framework.ReflectiveMethodInvocation.proceed(ReflectiveMethodInvocation.java:184) ~[spring-aop-6.1.1.jar:6.1.1]
	at org.springframework.data.projection.DefaultMethodInvokingMethodInterceptor.invoke(DefaultMethodInvokingMethodInterceptor.java:70) ~[spring-data-commons-3.2.0.jar:3.2.0]
	at org.springframework.aop.framework.ReflectiveMethodInvocation.proceed(ReflectiveMethodInvocation.java:184) ~[spring-aop-6.1.1.jar:6.1.1]
	at org.springframework.transaction.interceptor.TransactionInterceptor$1.proceedWithInvocation(TransactionInterceptor.java:123) ~[spring-tx-6.1.1.jar:6.1.1]
	at org.springframework.transaction.interceptor.TransactionAspectSupport.invokeWithinTransaction(TransactionAspectSupport.java:385) ~[spring-tx-6.1.1.jar:6.1.1]
	at org.springframework.transaction.interceptor.TransactionInterceptor.invoke(TransactionInterceptor.java:119) ~[spring-tx-6.1.1.jar:6.1.1]
	at org.springframework.aop.framework.ReflectiveMethodInvocation.proceed(ReflectiveMethodInvocation.java:184) ~[spring-aop-6.1.1.jar:6.1.1]
	at org.springframework.dao.support.PersistenceExceptionTranslationInterceptor.invoke(PersistenceExceptionTranslationInterceptor.java:137) ~[spring-tx-6.1.1.jar:6.1.1]
	at org.springframework.aop.framework.ReflectiveMethodInvocation.proceed(ReflectiveMethodInvocation.java:184) ~[spring-aop-6.1.1.jar:6.1.1]
	at org.springframework.data.jpa.repository.support.CrudMethodMetadataPostProcessor$CrudMethodMetadataPopulatingMethodInterceptor.invoke(CrudMethodMetadataPostProcessor.java:164) ~[spring-data-jpa-3.2.0.jar:3.2.0]
	at org.springframework.aop.framework.ReflectiveMethodInvocation.proceed(ReflectiveMethodInvocation.java:184) ~[spring-aop-6.1.1.jar:6.1.1]
	at org.springframework.aop.interceptor.ExposeInvocationInterceptor.invoke(ExposeInvocationInterceptor.java:97) ~[spring-aop-6.1.1.jar:6.1.1]
	at org.springframework.aop.framework.ReflectiveMethodInvocation.proceed(ReflectiveMethodInvocation.java:184) ~[spring-aop-6.1.1.jar:6.1.1]
	at org.springframework.aop.framework.JdkDynamicAopProxy.invoke(JdkDynamicAopProxy.java:249) ~[spring-aop-6.1.1.jar:6.1.1]
	at jdk.proxy2/jdk.proxy2.$Proxy146.findById(Unknown Source) ~[na:na]
	at com.example.cco.settlement.SettlementServiceImpl.getSettlementDetail(SettlementServiceImpl.java:564) ~[main/:na]
	at java.base/jdk.internal.reflect.NativeMethodAccessorImpl.invoke0(Native Method) ~[na:na]
	at java.base/jdk.internal.reflect.NativeMethodAccessorImpl.invoke(NativeMethodAccessorImpl.java:77) ~[na:na]
	at java.base/jdk.internal.reflect.DelegatingMethodAccessorImpl.invoke(DelegatingMethodAccessorImpl.java:43) ~[na:na]
	at java.base/java.lang.reflect.Method.invoke(Method.java:569) ~[na:na]
	at org.springframework.aop.support.AopUtils.invokeJoinpointUsingReflection(AopUtils.java:352) ~[spring-aop-6.1.1.jar:6.1.1]
	at org.springframework.aop.framework.ReflectiveMethodInvocation.invokeJoinpoint(ReflectiveMethodInvocation.java:196) ~[spring-aop-6.1.1.jar:6.1.1]
	at org.springframework.aop.framework.ReflectiveMethodInvocation.proceed(ReflectiveMethodInvocation.java:163) ~[spring-aop-6.1.1.jar:6.1.1]
	at org.springframework.aop.framework.CglibAopProxy$CglibMethodInvocation.proceed(CglibAopProxy.java:765) ~[spring-aop-6.1.1.jar:6.1.1]
	at org.springframework.transaction.interceptor.TransactionInterceptor$1.proceedWithInvocation(TransactionInterceptor.java:123) ~[spring-tx-6.1.1.jar:6.1.1]
	at org.springframework.transaction.interceptor.TransactionAspectSupport.invokeWithinTransaction(TransactionAspectSupport.java:385) ~[spring-tx-6.1.1.jar:6.1.1]
	at org.springframework.transaction.interceptor.TransactionInterceptor.invoke(TransactionInterceptor.java:119) ~[spring-tx-6.1.1.jar:6.1.1]
	at org.springframework.aop.framework.ReflectiveMethodInvocation.proceed(ReflectiveMethodInvocation.java:184) ~[spring-aop-6.1.1.jar:6.1.1]
	at org.springframework.aop.framework.CglibAopProxy$CglibMethodInvocation.proceed(CglibAopProxy.java:765) ~[spring-aop-6.1.1.jar:6.1.1]
	at org.springframework.aop.framework.CglibAopProxy$DynamicAdvisedInterceptor.intercept(CglibAopProxy.java:717) ~[spring-aop-6.1.1.jar:6.1.1]
	at com.example.cco.settlement.SettlementServiceImpl$$SpringCGLIB$$0.getSettlementDetail(<generated>) ~[main/:na]
	at com.example.cco.settlement.SettlementController.getSettlementDetail(SettlementController.java:79) ~[main/:na]
	at java.base/jdk.internal.reflect.NativeMethodAccessorImpl.invoke0(Native Method) ~[na:na]
	at java.base/jdk.internal.reflect.NativeMethodAccessorImpl.invoke(NativeMethodAccessorImpl.java:77) ~[na:na]
	at java.base/jdk.internal.reflect.DelegatingMethodAccessorImpl.invoke(DelegatingMethodAccessorImpl.java:43) ~[na:na]
	at java.base/java.lang.reflect.Method.invoke(Method.java:569) ~[na:na]
	at org.springframework.web.method.support.InvocableHandlerMethod.doInvoke(InvocableHandlerMethod.java:254) ~[spring-web-6.1.1.jar:6.1.1]
	at org.springframework.web.method.support.InvocableHandlerMethod.invokeForRequest(InvocableHandlerMethod.java:182) ~[spring-web-6.1.1.jar:6.1.1]
	at org.springframework.web.servlet.mvc.method.annotation.ServletInvocableHandlerMethod.invokeAndHandle(ServletInvocableHandlerMethod.java:118) ~[spring-webmvc-6.1.1.jar:6.1.1]
	at org.springframework.web.servlet.mvc.method.annotation.RequestMappingHandlerAdapter.invokeHandlerMethod(RequestMappingHandlerAdapter.java:917) ~[spring-webmvc-6.1.1.jar:6.1.1]
	at org.springframework.web.servlet.mvc.method.annotation.RequestMappingHandlerAdapter.handleInternal(RequestMappingHandlerAdapter.java:829) ~[spring-webmvc-6.1.1.jar:6.1.1]
	at org.springframework.web.servlet.mvc.method.AbstractHandlerMethodAdapter.handle(AbstractHandlerMethodAdapter.java:87) ~[spring-webmvc-6.1.1.jar:6.1.1]
	at org.springframework.web.servlet.DispatcherServlet.doDispatch(DispatcherServlet.java:1089) ~[spring-webmvc-6.1.1.jar:6.1.1]
	at org.springframework.web.servlet.DispatcherServlet.doService(DispatcherServlet.java:979) ~[spring-webmvc-6.1.1.jar:6.1.1]
	at org.springframework.web.servlet.FrameworkServlet.processRequest(FrameworkServlet.java:1014) ~[spring-webmvc-6.1.1.jar:6.1.1]
	at org.springframework.web.servlet.FrameworkServlet.doGet(FrameworkServlet.java:903) ~[spring-webmvc-6.1.1.jar:6.1.1]
	at jakarta.servlet.http.HttpServlet.service(HttpServlet.java:564) ~[tomcat-embed-core-10.1.16.jar:6.0]
	at org.springframework.web.servlet.FrameworkServlet.service(FrameworkServlet.java:885) ~[spring-webmvc-6.1.1.jar:6.1.1]
	at jakarta.servlet.http.HttpServlet.service(HttpServlet.java:658) ~[tomcat-embed-core-10.1.16.jar:6.0]
	at org.apache.catalina.core.ApplicationFilterChain.internalDoFilter(ApplicationFilterChain.java:205) ~[tomcat-embed-core-10.1.16.jar:10.1.16]
	at org.apache.catalina.core.ApplicationFilterChain.doFilter(ApplicationFilterChain.java:149) ~[tomcat-embed-core-10.1.16.jar:10.1.16]
	at org.apache.tomcat.websocket.server.WsFilter.doFilter(WsFilter.java:51) ~[tomcat-embed-websocket-10.1.16.jar:10.1.16]
	at org.apache.catalina.core.ApplicationFilterChain.internalDoFilter(ApplicationFilterChain.java:174) ~[tomcat-embed-core-10.1.16.jar:10.1.16]
	at org.apache.catalina.core.ApplicationFilterChain.doFilter(ApplicationFilterChain.java:149) ~[tomcat-embed-core-10.1.16.jar:10.1.16]
	at org.springframework.security.web.FilterChainProxy.lambda$doFilterInternal$3(FilterChainProxy.java:231) ~[spring-security-web-6.2.0.jar:6.2.0]
	at org.springframework.security.web.FilterChainProxy$VirtualFilterChain.doFilter(FilterChainProxy.java:365) ~[spring-security-web-6.2.0.jar:6.2.0]
	at org.springframework.security.web.access.intercept.AuthorizationFilter.doFilter(AuthorizationFilter.java:100) ~[spring-security-web-6.2.0.jar:6.2.0]
	at org.springframework.security.web.FilterChainProxy$VirtualFilterChain.doFilter(FilterChainProxy.java:374) ~[spring-security-web-6.2.0.jar:6.2.0]
	at org.springframework.security.web.access.ExceptionTranslationFilter.doFilter(ExceptionTranslationFilter.java:126) ~[spring-security-web-6.2.0.jar:6.2.0]
	at org.springframework.security.web.access.ExceptionTranslationFilter.doFilter(ExceptionTranslationFilter.java:120) ~[spring-security-web-6.2.0.jar:6.2.0]
	at org.springframework.security.web.FilterChainProxy$VirtualFilterChain.doFilter(FilterChainProxy.java:374) ~[spring-security-web-6.2.0.jar:6.2.0]
	at org.springframework.security.web.session.SessionManagementFilter.doFilter(SessionManagementFilter.java:131) ~[spring-security-web-6.2.0.jar:6.2.0]
	at org.springframework.security.web.session.SessionManagementFilter.doFilter(SessionManagementFilter.java:85) ~[spring-security-web-6.2.0.jar:6.2.0]
	at org.springframework.security.web.FilterChainProxy$VirtualFilterChain.doFilter(FilterChainProxy.java:374) ~[spring-security-web-6.2.0.jar:6.2.0]
	at org.springframework.security.web.authentication.AnonymousAuthenticationFilter.doFilter(AnonymousAuthenticationFilter.java:100) ~[spring-security-web-6.2.0.jar:6.2.0]
	at org.springframework.security.web.FilterChainProxy$VirtualFilterChain.doFilter(FilterChainProxy.java:374) ~[spring-security-web-6.2.0.jar:6.2.0]
	at org.springframework.security.web.servletapi.SecurityContextHolderAwareRequestFilter.doFilter(SecurityContextHolderAwareRequestFilter.java:179) ~[spring-security-web-6.2.0.jar:6.2.0]
	at org.springframework.security.web.FilterChainProxy$VirtualFilterChain.doFilter(FilterChainProxy.java:374) ~[spring-security-web-6.2.0.jar:6.2.0]
	at org.springframework.security.web.savedrequest.RequestCacheAwareFilter.doFilter(RequestCacheAwareFilter.java:63) ~[spring-security-web-6.2.0.jar:6.2.0]
	at org.springframework.security.web.FilterChainProxy$VirtualFilterChain.doFilter(FilterChainProxy.java:374) ~[spring-security-web-6.2.0.jar:6.2.0]
	at org.springframework.security.web.authentication.AbstractAuthenticationProcessingFilter.doFilter(AbstractAuthenticationProcessingFilter.java:227) ~[spring-security-web-6.2.0.jar:6.2.0]
	at org.springframework.security.web.authentication.AbstractAuthenticationProcessingFilter.doFilter(AbstractAuthenticationProcessingFilter.java:221) ~[spring-security-web-6.2.0.jar:6.2.0]
	at org.springframework.security.web.FilterChainProxy$VirtualFilterChain.doFilter(FilterChainProxy.java:374) ~[spring-security-web-6.2.0.jar:6.2.0]
	at com.example.cco.security.JwtAuthorizationFilter.doFilterInternal(JwtAuthorizationFilter.java:48) ~[main/:na]
	at org.springframework.web.filter.OncePerRequestFilter.doFilter(OncePerRequestFilter.java:116) ~[spring-web-6.1.1.jar:6.1.1]
	at org.springframework.security.web.FilterChainProxy$VirtualFilterChain.doFilter(FilterChainProxy.java:374) ~[spring-security-web-6.2.0.jar:6.2.0]
	at org.springframework.security.web.authentication.logout.LogoutFilter.doFilter(LogoutFilter.java:107) ~[spring-security-web-6.2.0.jar:6.2.0]
	at org.springframework.security.web.authentication.logout.LogoutFilter.doFilter(LogoutFilter.java:93) ~[spring-security-web-6.2.0.jar:6.2.0]
	at org.springframework.security.web.FilterChainProxy$VirtualFilterChain.doFilter(FilterChainProxy.java:374) ~[spring-security-web-6.2.0.jar:6.2.0]
	at org.springframework.web.filter.CorsFilter.doFilterInternal(CorsFilter.java:91) ~[spring-web-6.1.1.jar:6.1.1]
	at org.springframework.web.filter.OncePerRequestFilter.doFilter(OncePerRequestFilter.java:116) ~[spring-web-6.1.1.jar:6.1.1]
	at org.springframework.security.web.FilterChainProxy$VirtualFilterChain.doFilter(FilterChainProxy.java:374) ~[spring-security-web-6.2.0.jar:6.2.0]
	at org.springframework.security.web.header.HeaderWriterFilter.doHeadersAfter(HeaderWriterFilter.java:90) ~[spring-security-web-6.2.0.jar:6.2.0]
	at org.springframework.security.web.header.HeaderWriterFilter.doFilterInternal(HeaderWriterFilter.java:75) ~[spring-security-web-6.2.0.jar:6.2.0]
	at org.springframework.web.filter.OncePerRequestFilter.doFilter(OncePerRequestFilter.java:116) ~[spring-web-6.1.1.jar:6.1.1]
	at org.springframework.security.web.FilterChainProxy$VirtualFilterChain.doFilter(FilterChainProxy.java:374) ~[spring-security-web-6.2.0.jar:6.2.0]
	at org.springframework.security.web.context.SecurityContextHolderFilter.doFilter(SecurityContextHolderFilter.java:82) ~[spring-security-web-6.2.0.jar:6.2.0]
	at org.springframework.security.web.context.SecurityContextHolderFilter.doFilter(SecurityContextHolderFilter.java:69) ~[spring-security-web-6.2.0.jar:6.2.0]
	at org.springframework.security.web.FilterChainProxy$VirtualFilterChain.doFilter(FilterChainProxy.java:374) ~[spring-security-web-6.2.0.jar:6.2.0]
	at org.springframework.security.web.context.request.async.WebAsyncManagerIntegrationFilter.doFilterInternal(WebAsyncManagerIntegrationFilter.java:62) ~[spring-security-web-6.2.0.jar:6.2.0]
	at org.springframework.web.filter.OncePerRequestFilter.doFilter(OncePerRequestFilter.java:116) ~[spring-web-6.1.1.jar:6.1.1]
	at org.springframework.security.web.FilterChainProxy$VirtualFilterChain.doFilter(FilterChainProxy.java:374) ~[spring-security-web-6.2.0.jar:6.2.0]
	at org.springframework.security.web.session.DisableEncodeUrlFilter.doFilterInternal(DisableEncodeUrlFilter.java:42) ~[spring-security-web-6.2.0.jar:6.2.0]
	at org.springframework.web.filter.OncePerRequestFilter.doFilter(OncePerRequestFilter.java:116) ~[spring-web-6.1.1.jar:6.1.1]
	at org.springframework.security.web.FilterChainProxy$VirtualFilterChain.doFilter(FilterChainProxy.java:374) ~[spring-security-web-6.2.0.jar:6.2.0]
	at org.springframework.security.web.FilterChainProxy.doFilterInternal(FilterChainProxy.java:233) ~[spring-security-web-6.2.0.jar:6.2.0]
	at org.springframework.security.web.FilterChainProxy.doFilter(FilterChainProxy.java:191) ~[spring-security-web-6.2.0.jar:6.2.0]
	at org.springframework.web.filter.DelegatingFilterProxy.invokeDelegate(DelegatingFilterProxy.java:352) ~[spring-web-6.1.1.jar:6.1.1]
	at org.springframework.web.filter.DelegatingFilterProxy.doFilter(DelegatingFilterProxy.java:268) ~[spring-web-6.1.1.jar:6.1.1]
	at org.apache.catalina.core.ApplicationFilterChain.internalDoFilter(ApplicationFilterChain.java:174) ~[tomcat-embed-core-10.1.16.jar:10.1.16]
	at org.apache.catalina.core.ApplicationFilterChain.doFilter(ApplicationFilterChain.java:149) ~[tomcat-embed-core-10.1.16.jar:10.1.16]
	at org.springframework.web.filter.RequestContextFilter.doFilterInternal(RequestContextFilter.java:100) ~[spring-web-6.1.1.jar:6.1.1]
	at org.springframework.web.filter.OncePerRequestFilter.doFilter(OncePerRequestFilter.java:116) ~[spring-web-6.1.1.jar:6.1.1]
	at org.apache.catalina.core.ApplicationFilterChain.internalDoFilter(ApplicationFilterChain.java:174) ~[tomcat-embed-core-10.1.16.jar:10.1.16]
	at org.apache.catalina.core.ApplicationFilterChain.doFilter(ApplicationFilterChain.java:149) ~[tomcat-embed-core-10.1.16.jar:10.1.16]
	at org.springframework.web.filter.FormContentFilter.doFilterInternal(FormContentFilter.java:93) ~[spring-web-6.1.1.jar:6.1.1]
	at org.springframework.web.filter.OncePerRequestFilter.doFilter(OncePerRequestFilter.java:116) ~[spring-web-6.1.1.jar:6.1.1]
	at org.apache.catalina.core.ApplicationFilterChain.internalDoFilter(ApplicationFilterChain.java:174) ~[tomcat-embed-core-10.1.16.jar:10.1.16]
	at org.apache.catalina.core.ApplicationFilterChain.doFilter(ApplicationFilterChain.java:149) ~[tomcat-embed-core-10.1.16.jar:10.1.16]
	at org.springframework.web.filter.CharacterEncodingFilter.doFilterInternal(CharacterEncodingFilter.java:201) ~[spring-web-6.1.1.jar:6.1.1]
	at org.springframework.web.filter.OncePerRequestFilter.doFilter(OncePerRequestFilter.java:116) ~[spring-web-6.1.1.jar:6.1.1]
	at org.apache.catalina.core.ApplicationFilterChain.internalDoFilter(ApplicationFilterChain.java:174) ~[tomcat-embed-core-10.1.16.jar:10.1.16]
	at org.apache.catalina.core.ApplicationFilterChain.doFilter(ApplicationFilterChain.java:149) ~[tomcat-embed-core-10.1.16.jar:10.1.16]
	at org.apache.catalina.core.StandardWrapperValve.invoke(StandardWrapperValve.java:167) ~[tomcat-embed-core-10.1.16.jar:10.1.16]
	at org.apache.catalina.core.StandardContextValve.invoke(StandardContextValve.java:90) ~[tomcat-embed-core-10.1.16.jar:10.1.16]
	at org.apache.catalina.authenticator.AuthenticatorBase.invoke(AuthenticatorBase.java:482) ~[tomcat-embed-core-10.1.16.jar:10.1.16]
	at org.apache.catalina.core.StandardHostValve.invoke(StandardHostValve.java:115) ~[tomcat-embed-core-10.1.16.jar:10.1.16]
	at org.apache.catalina.valves.ErrorReportValve.invoke(ErrorReportValve.java:93) ~[tomcat-embed-core-10.1.16.jar:10.1.16]
	at org.apache.catalina.core.StandardEngineValve.invoke(StandardEngineValve.java:74) ~[tomcat-embed-core-10.1.16.jar:10.1.16]
	at org.apache.catalina.connector.CoyoteAdapter.service(CoyoteAdapter.java:340) ~[tomcat-embed-core-10.1.16.jar:10.1.16]
	at org.apache.coyote.http11.Http11Processor.service(Http11Processor.java:391) ~[tomcat-embed-core-10.1.16.jar:10.1.16]
	at org.apache.coyote.AbstractProcessorLight.process(AbstractProcessorLight.java:63) ~[tomcat-embed-core-10.1.16.jar:10.1.16]
	at org.apache.coyote.AbstractProtocol$ConnectionHandler.process(AbstractProtocol.java:896) ~[tomcat-embed-core-10.1.16.jar:10.1.16]
	at org.apache.tomcat.util.net.NioEndpoint$SocketProcessor.doRun(NioEndpoint.java:1744) ~[tomcat-embed-core-10.1.16.jar:10.1.16]
	at org.apache.tomcat.util.net.SocketProcessorBase.run(SocketProcessorBase.java:52) ~[tomcat-embed-core-10.1.16.jar:10.1.16]
	at org.apache.tomcat.util.threads.ThreadPoolExecutor.runWorker(ThreadPoolExecutor.java:1191) ~[tomcat-embed-core-10.1.16.jar:10.1.16]
	at org.apache.tomcat.util.threads.ThreadPoolExecutor$Worker.run(ThreadPoolExecutor.java:659) ~[tomcat-embed-core-10.1.16.jar:10.1.16]
	at org.apache.tomcat.util.threads.TaskThread$WrappingRunnable.run(TaskThread.java:61) ~[tomcat-embed-core-10.1.16.jar:10.1.16]
	at java.base/java.lang.Thread.run(Thread.java:840) ~[na:na]
Caused by: org.postgresql.util.PSQLException: ERROR: column vte1_0.settle_amount does not exist
  Position: 3893
	at org.postgresql.core.v3.QueryExecutorImpl.receiveErrorResponse(QueryExecutorImpl.java:2713) ~[postgresql-42.6.0.jar:42.6.0]
	at org.postgresql.core.v3.QueryExecutorImpl.processResults(QueryExecutorImpl.java:2401) ~[postgresql-42.6.0.jar:42.6.0]
	at org.postgresql.core.v3.QueryExecutorImpl.execute(QueryExecutorImpl.java:368) ~[postgresql-42.6.0.jar:42.6.0]
	at org.postgresql.jdbc.PgStatement.executeInternal(PgStatement.java:498) ~[postgresql-42.6.0.jar:42.6.0]
	at org.postgresql.jdbc.PgStatement.execute(PgStatement.java:415) ~[postgresql-42.6.0.jar:42.6.0]
	at org.postgresql.jdbc.PgPreparedStatement.executeWithFlags(PgPreparedStatement.java:190) ~[postgresql-42.6.0.jar:42.6.0]
	at org.postgresql.jdbc.PgPreparedStatement.executeQuery(PgPreparedStatement.java:134) ~[postgresql-42.6.0.jar:42.6.0]
	at com.zaxxer.hikari.pool.ProxyPreparedStatement.executeQuery(ProxyPreparedStatement.java:52) ~[HikariCP-5.0.1.jar:na]
	at com.zaxxer.hikari.pool.HikariProxyPreparedStatement.executeQuery(HikariProxyPreparedStatement.java) ~[HikariCP-5.0.1.jar:na]
	at org.hibernate.sql.results.jdbc.internal.DeferredResultSetAccess.executeQuery(DeferredResultSetAccess.java:240) ~[hibernate-core-6.3.1.Final.jar:6.3.1.Final]
	... 189 common frames omitted

2025-04-30T08:40:59.218+09:00 ERROR 16156 --- [http-nio-4080-exec-4] c.example.cco.exception.ExceptionAdvice  : org.springframework.dao.InvalidDataAccessResourceUsageException: JDBC exception executing SQL [select vte1_0.pkey,vte1_0.a1card,vte1_0.a1card_note,vte1_0.a1cash,vte1_0.a1cash_note,vte1_0.a1extra1,vte1_0.a1extra1name,vte1_0.a1extra1note,vte1_0.a1extra2,vte1_0.a1extra2name,vte1_0.a1extra2note,vte1_0.a1extra3,vte1_0.a1extra3name,vte1_0.a1extra3note,vte1_0.a1extra4,vte1_0.a1extra4name,vte1_0.a1extra4note,vte1_0.a1extra5,vte1_0.a1extra5name,vte1_0.a1extra5note,vte1_0.a1tax,vte1_0.a1tax_note,vte1_0.active_yn,vte1_0.a_total,vte1_0.b1electricity,vte1_0.b1electricity_note,vte1_0.b1etc_expense,vte1_0.b1etc_expense_note,vte1_0.b1extra1,vte1_0.b1extra1name,vte1_0.b1extra1note,vte1_0.b1extra2,vte1_0.b1extra2name,vte1_0.b1extra2note,vte1_0.b1extra3,vte1_0.b1extra3name,vte1_0.b1extra3note,vte1_0.b1extra4,vte1_0.b1extra4name,vte1_0.b1extra4note,vte1_0.b1extra5,vte1_0.b1extra5name,vte1_0.b1extra5note,vte1_0.b1gas,vte1_0.b1gas_note,vte1_0.b1internet,vte1_0.b1internet_note,vte1_0.b1maint,vte1_0.b1maint_note,vte1_0.b1rent,vte1_0.b1rent_note,vte1_0.b2charge,vte1_0.b2charge_note,vte1_0.b3etc,vte1_0.b3etc_note,vte1_0.b3extra1,vte1_0.b3extra1name,vte1_0.b3extra1note,vte1_0.b3extra2,vte1_0.b3extra2name,vte1_0.b3extra2note,vte1_0.b3extra3,vte1_0.b3extra3name,vte1_0.b3extra3note,vte1_0.b3extra4,vte1_0.b3extra4name,vte1_0.b3extra4note,vte1_0.b3extra5,vte1_0.b3extra5name,vte1_0.b3extra5note,vte1_0.b3material,vte1_0.b3material_note,vte1_0.b4donation,vte1_0.b4donation_note,vte1_0.b4extra1,vte1_0.b4extra1name,vte1_0.b4extra1note,vte1_0.b4extra2,vte1_0.b4extra2name,vte1_0.b4extra2note,vte1_0.b4extra3,vte1_0.b4extra3name,vte1_0.b4extra3note,vte1_0.b4extra4,vte1_0.b4extra4name,vte1_0.b4extra4note,vte1_0.b4extra5,vte1_0.b4extra5name,vte1_0.b4extra5note,vte1_0.b4init_product,vte1_0.b4init_product_note,vte1_0.bank,vte1_0.bank_account,vte1_0.bank_account_number,vte1_0.brand_cd,vte1_0.brand_name,vte1_0.b_total,vte1_0.c1card_fee,vte1_0.c1card_fee_note,vte1_0.c1electricity,vte1_0.c1electricity_note,vte1_0.c1etc_expense,vte1_0.c1etc_expense_note,vte1_0.c1extra1,vte1_0.c1extra1name,vte1_0.c1extra1note,vte1_0.c1extra2,vte1_0.c1extra2name,vte1_0.c1extra2note,vte1_0.c1extra3,vte1_0.c1extra3name,vte1_0.c1extra3note,vte1_0.c1extra4,vte1_0.c1extra4name,vte1_0.c1extra4note,vte1_0.c1extra5,vte1_0.c1extra5name,vte1_0.c1extra5note,vte1_0.c1gas,vte1_0.c1gas_note,vte1_0.c1insurance,vte1_0.c1insurance_note,vte1_0.c1rent,vte1_0.c1rent_note,vte1_0.c1water,vte1_0.c1water_note,vte1_0.c2extra1,vte1_0.c2extra1name,vte1_0.c2extra1note,vte1_0.c2extra2,vte1_0.c2extra2name,vte1_0.c2extra2note,vte1_0.c2extra3,vte1_0.c2extra3name,vte1_0.c2extra3note,vte1_0.c2extra4,vte1_0.c2extra4name,vte1_0.c2extra4note,vte1_0.c2extra5,vte1_0.c2extra5name,vte1_0.c2extra5note,vte1_0.c2interest_cost,vte1_0.c2interest_cost_note,vte1_0.closed_yn,vte1_0.d1carryover,vte1_0.d1carryover_note,vte1_0.d1extra1,vte1_0.d1extra1name,vte1_0.d1extra1note,vte1_0.d1extra2,vte1_0.d1extra2name,vte1_0.d1extra2note,vte1_0.d1extra3,vte1_0.d1extra3name,vte1_0.d1extra3note,vte1_0.d1extra4,vte1_0.d1extra4name,vte1_0.d1extra4note,vte1_0.d1extra5,vte1_0.d1extra5name,vte1_0.d1extra5note,vte1_0.d1material,vte1_0.d1material_note,vte1_0.d1store_maint,vte1_0.d1store_maint_note,vte1_0.d2cash,vte1_0.d2cash_note,vte1_0.d2extra1,vte1_0.d2extra1name,vte1_0.d2extra1note,vte1_0.d2extra2,vte1_0.d2extra2name,vte1_0.d2extra2note,vte1_0.d2extra3,vte1_0.d2extra3name,vte1_0.d2extra3note,vte1_0.d2extra4,vte1_0.d2extra4name,vte1_0.d2extra4note,vte1_0.d2extra5,vte1_0.d2extra5name,vte1_0.d2extra5note,vte1_0.d3extra1,vte1_0.d3extra1name,vte1_0.d3extra1note,vte1_0.d3extra2,vte1_0.d3extra2name,vte1_0.d3extra2note,vte1_0.d3extra3,vte1_0.d3extra3name,vte1_0.d3extra3note,vte1_0.d3extra4,vte1_0.d3extra4name,vte1_0.d3extra4note,vte1_0.d3extra5,vte1_0.d3extra5name,vte1_0.d3extra5note,vte1_0.d3init_product,vte1_0.d3init_product_note,vte1_0.d3rent,vte1_0.d3rent_note,vte1_0.deposit_amount,vte1_0.insert_timestamp,vte1_0.owner,vte1_0.phone,vte1_0.sales_profit,vte1_0.settle_amount,vte1_0.settlement_amount,vte1_0.settlement_cd,vte1_0.settlement_title,vte1_0.settlement_ymd,vte1_0.src_a1card,vte1_0.src_a1cash,vte1_0.src_b1electricity,vte1_0.src_b3material,vte1_0.src_c1card_fee,vte1_0.src_d1material,vte1_0.store_code,vte1_0.store_name,vte1_0.update_timestamp from cnco.vsettlement_total vte1_0 where vte1_0.pkey=?] [ERROR: column vte1_0.settle_amount does not exist
  Position: 3893] [n/a]; SQL [n/a]
	at org.springframework.orm.jpa.vendor.HibernateJpaDialect.convertHibernateAccessException(HibernateJpaDialect.java:277)
	at org.springframework.orm.jpa.vendor.HibernateJpaDialect.translateExceptionIfPossible(HibernateJpaDialect.java:241)
	at org.springframework.orm.jpa.AbstractEntityManagerFactoryBean.translateExceptionIfPossible(AbstractEntityManagerFactoryBean.java:550)
	at org.springframework.dao.support.ChainedPersistenceExceptionTranslator.translateExceptionIfPossible(ChainedPersistenceExceptionTranslator.java:61)
	at org.springframework.dao.support.DataAccessUtils.translateIfNecessary(DataAccessUtils.java:335)
	at org.springframework.dao.support.PersistenceExceptionTranslationInterceptor.invoke(PersistenceExceptionTranslationInterceptor.java:152)
	at org.springframework.aop.framework.ReflectiveMethodInvocation.proceed(ReflectiveMethodInvocation.java:184)
	at org.springframework.data.jpa.repository.support.CrudMethodMetadataPostProcessor$CrudMethodMetadataPopulatingMethodInterceptor.invoke(CrudMethodMetadataPostProcessor.java:164)
	at org.springframework.aop.framework.ReflectiveMethodInvocation.proceed(ReflectiveMethodInvocation.java:184)
	at org.springframework.aop.interceptor.ExposeInvocationInterceptor.invoke(ExposeInvocationInterceptor.java:97)
	at org.springframework.aop.framework.ReflectiveMethodInvocation.proceed(ReflectiveMethodInvocation.java:184)
	at org.springframework.aop.framework.JdkDynamicAopProxy.invoke(JdkDynamicAopProxy.java:249)
	at jdk.proxy2/jdk.proxy2.$Proxy146.findById(Unknown Source)
	at com.example.cco.settlement.SettlementServiceImpl.getSettlementDetail(SettlementServiceImpl.java:564)
	at java.base/jdk.internal.reflect.NativeMethodAccessorImpl.invoke0(Native Method)
	at java.base/jdk.internal.reflect.NativeMethodAccessorImpl.invoke(NativeMethodAccessorImpl.java:77)
	at java.base/jdk.internal.reflect.DelegatingMethodAccessorImpl.invoke(DelegatingMethodAccessorImpl.java:43)
	at java.base/java.lang.reflect.Method.invoke(Method.java:569)
	at org.springframework.aop.support.AopUtils.invokeJoinpointUsingReflection(AopUtils.java:352)
	at org.springframework.aop.framework.ReflectiveMethodInvocation.invokeJoinpoint(ReflectiveMethodInvocation.java:196)
	at org.springframework.aop.framework.ReflectiveMethodInvocation.proceed(ReflectiveMethodInvocation.java:163)
	at org.springframework.aop.framework.CglibAopProxy$CglibMethodInvocation.proceed(CglibAopProxy.java:765)
	at org.springframework.transaction.interceptor.TransactionInterceptor$1.proceedWithInvocation(TransactionInterceptor.java:123)
	at org.springframework.transaction.interceptor.TransactionAspectSupport.invokeWithinTransaction(TransactionAspectSupport.java:385)
	at org.springframework.transaction.interceptor.TransactionInterceptor.invoke(TransactionInterceptor.java:119)
	at org.springframework.aop.framework.ReflectiveMethodInvocation.proceed(ReflectiveMethodInvocation.java:184)
	at org.springframework.aop.framework.CglibAopProxy$CglibMethodInvocation.proceed(CglibAopProxy.java:765)
	at org.springframework.aop.framework.CglibAopProxy$DynamicAdvisedInterceptor.intercept(CglibAopProxy.java:717)
	at com.example.cco.settlement.SettlementServiceImpl$$SpringCGLIB$$0.getSettlementDetail(<generated>)
	at com.example.cco.settlement.SettlementController.getSettlementDetail(SettlementController.java:79)
	at java.base/jdk.internal.reflect.NativeMethodAccessorImpl.invoke0(Native Method)
	at java.base/jdk.internal.reflect.NativeMethodAccessorImpl.invoke(NativeMethodAccessorImpl.java:77)
	at java.base/jdk.internal.reflect.DelegatingMethodAccessorImpl.invoke(DelegatingMethodAccessorImpl.java:43)
	at java.base/java.lang.reflect.Method.invoke(Method.java:569)
	at org.springframework.web.method.support.InvocableHandlerMethod.doInvoke(InvocableHandlerMethod.java:254)
	at org.springframework.web.method.support.InvocableHandlerMethod.invokeForRequest(InvocableHandlerMethod.java:182)
	at org.springframework.web.servlet.mvc.method.annotation.ServletInvocableHandlerMethod.invokeAndHandle(ServletInvocableHandlerMethod.java:118)
	at org.springframework.web.servlet.mvc.method.annotation.RequestMappingHandlerAdapter.invokeHandlerMethod(RequestMappingHandlerAdapter.java:917)
	at org.springframework.web.servlet.mvc.method.annotation.RequestMappingHandlerAdapter.handleInternal(RequestMappingHandlerAdapter.java:829)
	at org.springframework.web.servlet.mvc.method.AbstractHandlerMethodAdapter.handle(AbstractHandlerMethodAdapter.java:87)
	at org.springframework.web.servlet.DispatcherServlet.doDispatch(DispatcherServlet.java:1089)
	at org.springframework.web.servlet.DispatcherServlet.doService(DispatcherServlet.java:979)
	at org.springframework.web.servlet.FrameworkServlet.processRequest(FrameworkServlet.java:1014)
	at org.springframework.web.servlet.FrameworkServlet.doGet(FrameworkServlet.java:903)
	at jakarta.servlet.http.HttpServlet.service(HttpServlet.java:564)
	at org.springframework.web.servlet.FrameworkServlet.service(FrameworkServlet.java:885)
	at jakarta.servlet.http.HttpServlet.service(HttpServlet.java:658)
	at org.apache.catalina.core.ApplicationFilterChain.internalDoFilter(ApplicationFilterChain.java:205)
	at org.apache.catalina.core.ApplicationFilterChain.doFilter(ApplicationFilterChain.java:149)
	at org.apache.tomcat.websocket.server.WsFilter.doFilter(WsFilter.java:51)
	at org.apache.catalina.core.ApplicationFilterChain.internalDoFilter(ApplicationFilterChain.java:174)
	at org.apache.catalina.core.ApplicationFilterChain.doFilter(ApplicationFilterChain.java:149)
	at org.springframework.security.web.FilterChainProxy.lambda$doFilterInternal$3(FilterChainProxy.java:231)
	at org.springframework.security.web.FilterChainProxy$VirtualFilterChain.doFilter(FilterChainProxy.java:365)
	at org.springframework.security.web.access.intercept.AuthorizationFilter.doFilter(AuthorizationFilter.java:100)
	at org.springframework.security.web.FilterChainProxy$VirtualFilterChain.doFilter(FilterChainProxy.java:374)
	at org.springframework.security.web.access.ExceptionTranslationFilter.doFilter(ExceptionTranslationFilter.java:126)
	at org.springframework.security.web.access.ExceptionTranslationFilter.doFilter(ExceptionTranslationFilter.java:120)
	at org.springframework.security.web.FilterChainProxy$VirtualFilterChain.doFilter(FilterChainProxy.java:374)
	at org.springframework.security.web.session.SessionManagementFilter.doFilter(SessionManagementFilter.java:131)
	at org.springframework.security.web.session.SessionManagementFilter.doFilter(SessionManagementFilter.java:85)
	at org.springframework.security.web.FilterChainProxy$VirtualFilterChain.doFilter(FilterChainProxy.java:374)
	at org.springframework.security.web.authentication.AnonymousAuthenticationFilter.doFilter(AnonymousAuthenticationFilter.java:100)
	at org.springframework.security.web.FilterChainProxy$VirtualFilterChain.doFilter(FilterChainProxy.java:374)
	at org.springframework.security.web.servletapi.SecurityContextHolderAwareRequestFilter.doFilter(SecurityContextHolderAwareRequestFilter.java:179)
	at org.springframework.security.web.FilterChainProxy$VirtualFilterChain.doFilter(FilterChainProxy.java:374)
	at org.springframework.security.web.savedrequest.RequestCacheAwareFilter.doFilter(RequestCacheAwareFilter.java:63)
	at org.springframework.security.web.FilterChainProxy$VirtualFilterChain.doFilter(FilterChainProxy.java:374)
	at org.springframework.security.web.authentication.AbstractAuthenticationProcessingFilter.doFilter(AbstractAuthenticationProcessingFilter.java:227)
	at org.springframework.security.web.authentication.AbstractAuthenticationProcessingFilter.doFilter(AbstractAuthenticationProcessingFilter.java:221)
	at org.springframework.security.web.FilterChainProxy$VirtualFilterChain.doFilter(FilterChainProxy.java:374)
	at com.example.cco.security.JwtAuthorizationFilter.doFilterInternal(JwtAuthorizationFilter.java:48)
	at org.springframework.web.filter.OncePerRequestFilter.doFilter(OncePerRequestFilter.java:116)
	at org.springframework.security.web.FilterChainProxy$VirtualFilterChain.doFilter(FilterChainProxy.java:374)
	at org.springframework.security.web.authentication.logout.LogoutFilter.doFilter(LogoutFilter.java:107)
	at org.springframework.security.web.authentication.logout.LogoutFilter.doFilter(LogoutFilter.java:93)
	at org.springframework.security.web.FilterChainProxy$VirtualFilterChain.doFilter(FilterChainProxy.java:374)
	at org.springframework.web.filter.CorsFilter.doFilterInternal(CorsFilter.java:91)
	at org.springframework.web.filter.OncePerRequestFilter.doFilter(OncePerRequestFilter.java:116)
	at org.springframework.security.web.FilterChainProxy$VirtualFilterChain.doFilter(FilterChainProxy.java:374)
	at org.springframework.security.web.header.HeaderWriterFilter.doHeadersAfter(HeaderWriterFilter.java:90)
	at org.springframework.security.web.header.HeaderWriterFilter.doFilterInternal(HeaderWriterFilter.java:75)
	at org.springframework.web.filter.OncePerRequestFilter.doFilter(OncePerRequestFilter.java:116)
	at org.springframework.security.web.FilterChainProxy$VirtualFilterChain.doFilter(FilterChainProxy.java:374)
	at org.springframework.security.web.context.SecurityContextHolderFilter.doFilter(SecurityContextHolderFilter.java:82)
	at org.springframework.security.web.context.SecurityContextHolderFilter.doFilter(SecurityContextHolderFilter.java:69)
	at org.springframework.security.web.FilterChainProxy$VirtualFilterChain.doFilter(FilterChainProxy.java:374)
	at org.springframework.security.web.context.request.async.WebAsyncManagerIntegrationFilter.doFilterInternal(WebAsyncManagerIntegrationFilter.java:62)
	at org.springframework.web.filter.OncePerRequestFilter.doFilter(OncePerRequestFilter.java:116)
	at org.springframework.security.web.FilterChainProxy$VirtualFilterChain.doFilter(FilterChainProxy.java:374)
	at org.springframework.security.web.session.DisableEncodeUrlFilter.doFilterInternal(DisableEncodeUrlFilter.java:42)
	at org.springframework.web.filter.OncePerRequestFilter.doFilter(OncePerRequestFilter.java:116)
	at org.springframework.security.web.FilterChainProxy$VirtualFilterChain.doFilter(FilterChainProxy.java:374)
	at org.springframework.security.web.FilterChainProxy.doFilterInternal(FilterChainProxy.java:233)
	at org.springframework.security.web.FilterChainProxy.doFilter(FilterChainProxy.java:191)
	at org.springframework.web.filter.DelegatingFilterProxy.invokeDelegate(DelegatingFilterProxy.java:352)
	at org.springframework.web.filter.DelegatingFilterProxy.doFilter(DelegatingFilterProxy.java:268)
	at org.apache.catalina.core.ApplicationFilterChain.internalDoFilter(ApplicationFilterChain.java:174)
	at org.apache.catalina.core.ApplicationFilterChain.doFilter(ApplicationFilterChain.java:149)
	at org.springframework.web.filter.RequestContextFilter.doFilterInternal(RequestContextFilter.java:100)
	at org.springframework.web.filter.OncePerRequestFilter.doFilter(OncePerRequestFilter.java:116)
	at org.apache.catalina.core.ApplicationFilterChain.internalDoFilter(ApplicationFilterChain.java:174)
	at org.apache.catalina.core.ApplicationFilterChain.doFilter(ApplicationFilterChain.java:149)
	at org.springframework.web.filter.FormContentFilter.doFilterInternal(FormContentFilter.java:93)
	at org.springframework.web.filter.OncePerRequestFilter.doFilter(OncePerRequestFilter.java:116)
	at org.apache.catalina.core.ApplicationFilterChain.internalDoFilter(ApplicationFilterChain.java:174)
	at org.apache.catalina.core.ApplicationFilterChain.doFilter(ApplicationFilterChain.java:149)
	at org.springframework.web.filter.CharacterEncodingFilter.doFilterInternal(CharacterEncodingFilter.java:201)
	at org.springframework.web.filter.OncePerRequestFilter.doFilter(OncePerRequestFilter.java:116)
	at org.apache.catalina.core.ApplicationFilterChain.internalDoFilter(ApplicationFilterChain.java:174)
	at org.apache.catalina.core.ApplicationFilterChain.doFilter(ApplicationFilterChain.java:149)
	at org.apache.catalina.core.StandardWrapperValve.invoke(StandardWrapperValve.java:167)
	at org.apache.catalina.core.StandardContextValve.invoke(StandardContextValve.java:90)
	at org.apache.catalina.authenticator.AuthenticatorBase.invoke(AuthenticatorBase.java:482)
	at org.apache.catalina.core.StandardHostValve.invoke(StandardHostValve.java:115)
	at org.apache.catalina.valves.ErrorReportValve.invoke(ErrorReportValve.java:93)
	at org.apache.catalina.core.StandardEngineValve.invoke(StandardEngineValve.java:74)
	at org.apache.catalina.connector.CoyoteAdapter.service(CoyoteAdapter.java:340)
	at org.apache.coyote.http11.Http11Processor.service(Http11Processor.java:391)
	at org.apache.coyote.AbstractProcessorLight.process(AbstractProcessorLight.java:63)
	at org.apache.coyote.AbstractProtocol$ConnectionHandler.process(AbstractProtocol.java:896)
	at org.apache.tomcat.util.net.NioEndpoint$SocketProcessor.doRun(NioEndpoint.java:1744)
	at org.apache.tomcat.util.net.SocketProcessorBase.run(SocketProcessorBase.java:52)
	at org.apache.tomcat.util.threads.ThreadPoolExecutor.runWorker(ThreadPoolExecutor.java:1191)
	at org.apache.tomcat.util.threads.ThreadPoolExecutor$Worker.run(ThreadPoolExecutor.java:659)
	at org.apache.tomcat.util.threads.TaskThread$WrappingRunnable.run(TaskThread.java:61)
	at java.base/java.lang.Thread.run(Thread.java:840)
Caused by: org.hibernate.exception.SQLGrammarException: JDBC exception executing SQL [select vte1_0.pkey,vte1_0.a1card,vte1_0.a1card_note,vte1_0.a1cash,vte1_0.a1cash_note,vte1_0.a1extra1,vte1_0.a1extra1name,vte1_0.a1extra1note,vte1_0.a1extra2,vte1_0.a1extra2name,vte1_0.a1extra2note,vte1_0.a1extra3,vte1_0.a1extra3name,vte1_0.a1extra3note,vte1_0.a1extra4,vte1_0.a1extra4name,vte1_0.a1extra4note,vte1_0.a1extra5,vte1_0.a1extra5name,vte1_0.a1extra5note,vte1_0.a1tax,vte1_0.a1tax_note,vte1_0.active_yn,vte1_0.a_total,vte1_0.b1electricity,vte1_0.b1electricity_note,vte1_0.b1etc_expense,vte1_0.b1etc_expense_note,vte1_0.b1extra1,vte1_0.b1extra1name,vte1_0.b1extra1note,vte1_0.b1extra2,vte1_0.b1extra2name,vte1_0.b1extra2note,vte1_0.b1extra3,vte1_0.b1extra3name,vte1_0.b1extra3note,vte1_0.b1extra4,vte1_0.b1extra4name,vte1_0.b1extra4note,vte1_0.b1extra5,vte1_0.b1extra5name,vte1_0.b1extra5note,vte1_0.b1gas,vte1_0.b1gas_note,vte1_0.b1internet,vte1_0.b1internet_note,vte1_0.b1maint,vte1_0.b1maint_note,vte1_0.b1rent,vte1_0.b1rent_note,vte1_0.b2charge,vte1_0.b2charge_note,vte1_0.b3etc,vte1_0.b3etc_note,vte1_0.b3extra1,vte1_0.b3extra1name,vte1_0.b3extra1note,vte1_0.b3extra2,vte1_0.b3extra2name,vte1_0.b3extra2note,vte1_0.b3extra3,vte1_0.b3extra3name,vte1_0.b3extra3note,vte1_0.b3extra4,vte1_0.b3extra4name,vte1_0.b3extra4note,vte1_0.b3extra5,vte1_0.b3extra5name,vte1_0.b3extra5note,vte1_0.b3material,vte1_0.b3material_note,vte1_0.b4donation,vte1_0.b4donation_note,vte1_0.b4extra1,vte1_0.b4extra1name,vte1_0.b4extra1note,vte1_0.b4extra2,vte1_0.b4extra2name,vte1_0.b4extra2note,vte1_0.b4extra3,vte1_0.b4extra3name,vte1_0.b4extra3note,vte1_0.b4extra4,vte1_0.b4extra4name,vte1_0.b4extra4note,vte1_0.b4extra5,vte1_0.b4extra5name,vte1_0.b4extra5note,vte1_0.b4init_product,vte1_0.b4init_product_note,vte1_0.bank,vte1_0.bank_account,vte1_0.bank_account_number,vte1_0.brand_cd,vte1_0.brand_name,vte1_0.b_total,vte1_0.c1card_fee,vte1_0.c1card_fee_note,vte1_0.c1electricity,vte1_0.c1electricity_note,vte1_0.c1etc_expense,vte1_0.c1etc_expense_note,vte1_0.c1extra1,vte1_0.c1extra1name,vte1_0.c1extra1note,vte1_0.c1extra2,vte1_0.c1extra2name,vte1_0.c1extra2note,vte1_0.c1extra3,vte1_0.c1extra3name,vte1_0.c1extra3note,vte1_0.c1extra4,vte1_0.c1extra4name,vte1_0.c1extra4note,vte1_0.c1extra5,vte1_0.c1extra5name,vte1_0.c1extra5note,vte1_0.c1gas,vte1_0.c1gas_note,vte1_0.c1insurance,vte1_0.c1insurance_note,vte1_0.c1rent,vte1_0.c1rent_note,vte1_0.c1water,vte1_0.c1water_note,vte1_0.c2extra1,vte1_0.c2extra1name,vte1_0.c2extra1note,vte1_0.c2extra2,vte1_0.c2extra2name,vte1_0.c2extra2note,vte1_0.c2extra3,vte1_0.c2extra3name,vte1_0.c2extra3note,vte1_0.c2extra4,vte1_0.c2extra4name,vte1_0.c2extra4note,vte1_0.c2extra5,vte1_0.c2extra5name,vte1_0.c2extra5note,vte1_0.c2interest_cost,vte1_0.c2interest_cost_note,vte1_0.closed_yn,vte1_0.d1carryover,vte1_0.d1carryover_note,vte1_0.d1extra1,vte1_0.d1extra1name,vte1_0.d1extra1note,vte1_0.d1extra2,vte1_0.d1extra2name,vte1_0.d1extra2note,vte1_0.d1extra3,vte1_0.d1extra3name,vte1_0.d1extra3note,vte1_0.d1extra4,vte1_0.d1extra4name,vte1_0.d1extra4note,vte1_0.d1extra5,vte1_0.d1extra5name,vte1_0.d1extra5note,vte1_0.d1material,vte1_0.d1material_note,vte1_0.d1store_maint,vte1_0.d1store_maint_note,vte1_0.d2cash,vte1_0.d2cash_note,vte1_0.d2extra1,vte1_0.d2extra1name,vte1_0.d2extra1note,vte1_0.d2extra2,vte1_0.d2extra2name,vte1_0.d2extra2note,vte1_0.d2extra3,vte1_0.d2extra3name,vte1_0.d2extra3note,vte1_0.d2extra4,vte1_0.d2extra4name,vte1_0.d2extra4note,vte1_0.d2extra5,vte1_0.d2extra5name,vte1_0.d2extra5note,vte1_0.d3extra1,vte1_0.d3extra1name,vte1_0.d3extra1note,vte1_0.d3extra2,vte1_0.d3extra2name,vte1_0.d3extra2note,vte1_0.d3extra3,vte1_0.d3extra3name,vte1_0.d3extra3note,vte1_0.d3extra4,vte1_0.d3extra4name,vte1_0.d3extra4note,vte1_0.d3extra5,vte1_0.d3extra5name,vte1_0.d3extra5note,vte1_0.d3init_product,vte1_0.d3init_product_note,vte1_0.d3rent,vte1_0.d3rent_note,vte1_0.deposit_amount,vte1_0.insert_timestamp,vte1_0.owner,vte1_0.phone,vte1_0.sales_profit,vte1_0.settle_amount,vte1_0.settlement_amount,vte1_0.settlement_cd,vte1_0.settlement_title,vte1_0.settlement_ymd,vte1_0.src_a1card,vte1_0.src_a1cash,vte1_0.src_b1electricity,vte1_0.src_b3material,vte1_0.src_c1card_fee,vte1_0.src_d1material,vte1_0.store_code,vte1_0.store_name,vte1_0.update_timestamp from cnco.vsettlement_total vte1_0 where vte1_0.pkey=?] [ERROR: column vte1_0.settle_amount does not exist
  Position: 3893] [n/a]
	at org.hibernate.exception.internal.SQLStateConversionDelegate.convert(SQLStateConversionDelegate.java:91)
	at org.hibernate.exception.internal.StandardSQLExceptionConverter.convert(StandardSQLExceptionConverter.java:58)
	at org.hibernate.engine.jdbc.spi.SqlExceptionHelper.convert(SqlExceptionHelper.java:108)
	at org.hibernate.engine.jdbc.spi.SqlExceptionHelper.convert(SqlExceptionHelper.java:94)
	at org.hibernate.sql.results.jdbc.internal.DeferredResultSetAccess.executeQuery(DeferredResultSetAccess.java:258)
	at org.hibernate.sql.results.jdbc.internal.DeferredResultSetAccess.getResultSet(DeferredResultSetAccess.java:164)
	at org.hibernate.sql.results.jdbc.internal.JdbcValuesResultSetImpl.advanceNext(JdbcValuesResultSetImpl.java:218)
	at org.hibernate.sql.results.jdbc.internal.JdbcValuesResultSetImpl.processNext(JdbcValuesResultSetImpl.java:98)
	at org.hibernate.sql.results.jdbc.internal.AbstractJdbcValues.next(AbstractJdbcValues.java:19)
	at org.hibernate.sql.results.internal.RowProcessingStateStandardImpl.next(RowProcessingStateStandardImpl.java:66)
	at org.hibernate.sql.results.spi.ListResultsConsumer.consume(ListResultsConsumer.java:186)
	at org.hibernate.sql.results.spi.ListResultsConsumer.consume(ListResultsConsumer.java:33)
	at org.hibernate.sql.exec.internal.JdbcSelectExecutorStandardImpl.doExecuteQuery(JdbcSelectExecutorStandardImpl.java:361)
	at org.hibernate.sql.exec.internal.JdbcSelectExecutorStandardImpl.executeQuery(JdbcSelectExecutorStandardImpl.java:168)
	at org.hibernate.sql.exec.internal.JdbcSelectExecutorStandardImpl.list(JdbcSelectExecutorStandardImpl.java:93)
	at org.hibernate.sql.exec.spi.JdbcSelectExecutor.list(JdbcSelectExecutor.java:31)
	at org.hibernate.loader.ast.internal.SingleIdLoadPlan.load(SingleIdLoadPlan.java:145)
	at org.hibernate.loader.ast.internal.SingleIdLoadPlan.load(SingleIdLoadPlan.java:117)
	at org.hibernate.loader.ast.internal.SingleIdEntityLoaderStandardImpl.load(SingleIdEntityLoaderStandardImpl.java:75)
	at org.hibernate.persister.entity.AbstractEntityPersister.doLoad(AbstractEntityPersister.java:3673)
	at org.hibernate.persister.entity.AbstractEntityPersister.load(AbstractEntityPersister.java:3662)
	at org.hibernate.event.internal.DefaultLoadEventListener.loadFromDatasource(DefaultLoadEventListener.java:591)
	at org.hibernate.event.internal.DefaultLoadEventListener.loadFromCacheOrDatasource(DefaultLoadEventListener.java:577)
	at org.hibernate.event.internal.DefaultLoadEventListener.load(DefaultLoadEventListener.java:547)
	at org.hibernate.event.internal.DefaultLoadEventListener.doLoad(DefaultLoadEventListener.java:531)
	at org.hibernate.event.internal.DefaultLoadEventListener.load(DefaultLoadEventListener.java:206)
	at org.hibernate.event.internal.DefaultLoadEventListener.loadWithRegularProxy(DefaultLoadEventListener.java:286)
	at org.hibernate.event.internal.DefaultLoadEventListener.proxyOrLoad(DefaultLoadEventListener.java:241)
	at org.hibernate.event.internal.DefaultLoadEventListener.doOnLoad(DefaultLoadEventListener.java:110)
	at org.hibernate.event.internal.DefaultLoadEventListener.onLoad(DefaultLoadEventListener.java:67)
	at org.hibernate.event.service.internal.EventListenerGroupImpl.fireEventOnEachListener(EventListenerGroupImpl.java:138)
	at org.hibernate.internal.SessionImpl.fireLoadNoChecks(SessionImpl.java:1234)
	at org.hibernate.internal.SessionImpl.fireLoad(SessionImpl.java:1222)
	at org.hibernate.loader.internal.IdentifierLoadAccessImpl.load(IdentifierLoadAccessImpl.java:209)
	at org.hibernate.loader.internal.IdentifierLoadAccessImpl.doLoad(IdentifierLoadAccessImpl.java:160)
	at org.hibernate.loader.internal.IdentifierLoadAccessImpl.lambda$load$1(IdentifierLoadAccessImpl.java:149)
	at org.hibernate.loader.internal.IdentifierLoadAccessImpl.perform(IdentifierLoadAccessImpl.java:112)
	at org.hibernate.loader.internal.IdentifierLoadAccessImpl.load(IdentifierLoadAccessImpl.java:149)
	at org.hibernate.internal.SessionImpl.find(SessionImpl.java:2430)
	at org.hibernate.internal.SessionImpl.find(SessionImpl.java:2401)
	at jdk.internal.reflect.GeneratedMethodAccessor65.invoke(Unknown Source)
	at java.base/jdk.internal.reflect.DelegatingMethodAccessorImpl.invoke(DelegatingMethodAccessorImpl.java:43)
	at java.base/java.lang.reflect.Method.invoke(Method.java:569)
	at org.springframework.orm.jpa.ExtendedEntityManagerCreator$ExtendedEntityManagerInvocationHandler.invoke(ExtendedEntityManagerCreator.java:360)
	at jdk.proxy2/jdk.proxy2.$Proxy134.find(Unknown Source)
	at jdk.internal.reflect.GeneratedMethodAccessor65.invoke(Unknown Source)
	at java.base/jdk.internal.reflect.DelegatingMethodAccessorImpl.invoke(DelegatingMethodAccessorImpl.java:43)
	at java.base/java.lang.reflect.Method.invoke(Method.java:569)
	at org.springframework.orm.jpa.SharedEntityManagerCreator$SharedEntityManagerInvocationHandler.invoke(SharedEntityManagerCreator.java:311)
	at jdk.proxy2/jdk.proxy2.$Proxy134.find(Unknown Source)
	at org.springframework.data.jpa.repository.support.SimpleJpaRepository.findById(SimpleJpaRepository.java:313)
	at java.base/jdk.internal.reflect.NativeMethodAccessorImpl.invoke0(Native Method)
	at java.base/jdk.internal.reflect.NativeMethodAccessorImpl.invoke(NativeMethodAccessorImpl.java:77)
	at java.base/jdk.internal.reflect.DelegatingMethodAccessorImpl.invoke(DelegatingMethodAccessorImpl.java:43)
	at java.base/java.lang.reflect.Method.invoke(Method.java:569)
	at org.springframework.aop.support.AopUtils.invokeJoinpointUsingReflection(AopUtils.java:352)
	at org.springframework.data.repository.core.support.RepositoryMethodInvoker$RepositoryFragmentMethodInvoker.lambda$new$0(RepositoryMethodInvoker.java:277)
	at org.springframework.data.repository.core.support.RepositoryMethodInvoker.doInvoke(RepositoryMethodInvoker.java:170)
	at org.springframework.data.repository.core.support.RepositoryMethodInvoker.invoke(RepositoryMethodInvoker.java:158)
	at org.springframework.data.repository.core.support.RepositoryComposition$RepositoryFragments.invoke(RepositoryComposition.java:516)
	at org.springframework.data.repository.core.support.RepositoryComposition.invoke(RepositoryComposition.java:285)
	at org.springframework.data.repository.core.support.RepositoryFactorySupport$ImplementationMethodExecutionInterceptor.invoke(RepositoryFactorySupport.java:628)
	at org.springframework.aop.framework.ReflectiveMethodInvocation.proceed(ReflectiveMethodInvocation.java:184)
	at org.springframework.data.repository.core.support.QueryExecutorMethodInterceptor.doInvoke(QueryExecutorMethodInterceptor.java:168)
	at org.springframework.data.repository.core.support.QueryExecutorMethodInterceptor.invoke(QueryExecutorMethodInterceptor.java:143)
	at org.springframework.aop.framework.ReflectiveMethodInvocation.proceed(ReflectiveMethodInvocation.java:184)
	at org.springframework.data.projection.DefaultMethodInvokingMethodInterceptor.invoke(DefaultMethodInvokingMethodInterceptor.java:70)
	at org.springframework.aop.framework.ReflectiveMethodInvocation.proceed(ReflectiveMethodInvocation.java:184)
	at org.springframework.transaction.interceptor.TransactionInterceptor$1.proceedWithInvocation(TransactionInterceptor.java:123)
	at org.springframework.transaction.interceptor.TransactionAspectSupport.invokeWithinTransaction(TransactionAspectSupport.java:385)
	at org.springframework.transaction.interceptor.TransactionInterceptor.invoke(TransactionInterceptor.java:119)
	at org.springframework.aop.framework.ReflectiveMethodInvocation.proceed(ReflectiveMethodInvocation.java:184)
	at org.springframework.dao.support.PersistenceExceptionTranslationInterceptor.invoke(PersistenceExceptionTranslationInterceptor.java:137)
	... 121 more
Caused by: org.postgresql.util.PSQLException: ERROR: column vte1_0.settle_amount does not exist
  Position: 3893
	at org.postgresql.core.v3.QueryExecutorImpl.receiveErrorResponse(QueryExecutorImpl.java:2713)
	at org.postgresql.core.v3.QueryExecutorImpl.processResults(QueryExecutorImpl.java:2401)
	at org.postgresql.core.v3.QueryExecutorImpl.execute(QueryExecutorImpl.java:368)
	at org.postgresql.jdbc.PgStatement.executeInternal(PgStatement.java:498)
	at org.postgresql.jdbc.PgStatement.execute(PgStatement.java:415)
	at org.postgresql.jdbc.PgPreparedStatement.executeWithFlags(PgPreparedStatement.java:190)
	at org.postgresql.jdbc.PgPreparedStatement.executeQuery(PgPreparedStatement.java:134)
	at com.zaxxer.hikari.pool.ProxyPreparedStatement.executeQuery(ProxyPreparedStatement.java:52)
	at com.zaxxer.hikari.pool.HikariProxyPreparedStatement.executeQuery(HikariProxyPreparedStatement.java)
	at org.hibernate.sql.results.jdbc.internal.DeferredResultSetAccess.executeQuery(DeferredResultSetAccess.java:240)
	... 189 more

2025-04-30T08:41:01.225+09:00  INFO 16156 --- [http-nio-4080-exec-5] c.e.cco.security.JwtAuthorizationFilter  : token =eyJhbGciOiJIUzUxMiJ9.eyJzdWIiOiJhZG1pbiIsInJvbGUiOiJBRE1JTiIsImlhdCI6MTc0NTk2OTIzNywiZXhwIjoxNzQ1OTk4MDM3fQ.wiA_QqMmtrXJb4uNDkhaCfIK3bC8lZxSd3ID7_G7j-8l50Fxom-SdwSZGTmZp6ugeUaqXdXNiH8-1-s7fcZFCw
2025-04-30T08:41:01.227+09:00  INFO 16156 --- [http-nio-4080-exec-5] c.example.cco.security.JwtTokenProvider  : Wed Apr 30 08:41:01 KST 2025
2025-04-30T08:41:01.227+09:00  INFO 16156 --- [http-nio-4080-exec-5] c.example.cco.security.JwtTokenProvider  : false
2025-04-30T08:41:01.237+09:00  WARN 16156 --- [http-nio-4080-exec-5] o.h.engine.jdbc.spi.SqlExceptionHelper   : SQL Error: 0, SQLState: 42703
2025-04-30T08:41:01.238+09:00 ERROR 16156 --- [http-nio-4080-exec-5] o.h.engine.jdbc.spi.SqlExceptionHelper   : ERROR: column vte1_0.settle_amount does not exist
  Position: 3893
2025-04-30T08:41:01.238+09:00  INFO 16156 --- [http-nio-4080-exec-5] o.h.e.internal.DefaultLoadEventListener  : HHH000327: Error performing load command

org.hibernate.exception.SQLGrammarException: JDBC exception executing SQL [select vte1_0.pkey,vte1_0.a1card,vte1_0.a1card_note,vte1_0.a1cash,vte1_0.a1cash_note,vte1_0.a1extra1,vte1_0.a1extra1name,vte1_0.a1extra1note,vte1_0.a1extra2,vte1_0.a1extra2name,vte1_0.a1extra2note,vte1_0.a1extra3,vte1_0.a1extra3name,vte1_0.a1extra3note,vte1_0.a1extra4,vte1_0.a1extra4name,vte1_0.a1extra4note,vte1_0.a1extra5,vte1_0.a1extra5name,vte1_0.a1extra5note,vte1_0.a1tax,vte1_0.a1tax_note,vte1_0.active_yn,vte1_0.a_total,vte1_0.b1electricity,vte1_0.b1electricity_note,vte1_0.b1etc_expense,vte1_0.b1etc_expense_note,vte1_0.b1extra1,vte1_0.b1extra1name,vte1_0.b1extra1note,vte1_0.b1extra2,vte1_0.b1extra2name,vte1_0.b1extra2note,vte1_0.b1extra3,vte1_0.b1extra3name,vte1_0.b1extra3note,vte1_0.b1extra4,vte1_0.b1extra4name,vte1_0.b1extra4note,vte1_0.b1extra5,vte1_0.b1extra5name,vte1_0.b1extra5note,vte1_0.b1gas,vte1_0.b1gas_note,vte1_0.b1internet,vte1_0.b1internet_note,vte1_0.b1maint,vte1_0.b1maint_note,vte1_0.b1rent,vte1_0.b1rent_note,vte1_0.b2charge,vte1_0.b2charge_note,vte1_0.b3etc,vte1_0.b3etc_note,vte1_0.b3extra1,vte1_0.b3extra1name,vte1_0.b3extra1note,vte1_0.b3extra2,vte1_0.b3extra2name,vte1_0.b3extra2note,vte1_0.b3extra3,vte1_0.b3extra3name,vte1_0.b3extra3note,vte1_0.b3extra4,vte1_0.b3extra4name,vte1_0.b3extra4note,vte1_0.b3extra5,vte1_0.b3extra5name,vte1_0.b3extra5note,vte1_0.b3material,vte1_0.b3material_note,vte1_0.b4donation,vte1_0.b4donation_note,vte1_0.b4extra1,vte1_0.b4extra1name,vte1_0.b4extra1note,vte1_0.b4extra2,vte1_0.b4extra2name,vte1_0.b4extra2note,vte1_0.b4extra3,vte1_0.b4extra3name,vte1_0.b4extra3note,vte1_0.b4extra4,vte1_0.b4extra4name,vte1_0.b4extra4note,vte1_0.b4extra5,vte1_0.b4extra5name,vte1_0.b4extra5note,vte1_0.b4init_product,vte1_0.b4init_product_note,vte1_0.bank,vte1_0.bank_account,vte1_0.bank_account_number,vte1_0.brand_cd,vte1_0.brand_name,vte1_0.b_total,vte1_0.c1card_fee,vte1_0.c1card_fee_note,vte1_0.c1electricity,vte1_0.c1electricity_note,vte1_0.c1etc_expense,vte1_0.c1etc_expense_note,vte1_0.c1extra1,vte1_0.c1extra1name,vte1_0.c1extra1note,vte1_0.c1extra2,vte1_0.c1extra2name,vte1_0.c1extra2note,vte1_0.c1extra3,vte1_0.c1extra3name,vte1_0.c1extra3note,vte1_0.c1extra4,vte1_0.c1extra4name,vte1_0.c1extra4note,vte1_0.c1extra5,vte1_0.c1extra5name,vte1_0.c1extra5note,vte1_0.c1gas,vte1_0.c1gas_note,vte1_0.c1insurance,vte1_0.c1insurance_note,vte1_0.c1rent,vte1_0.c1rent_note,vte1_0.c1water,vte1_0.c1water_note,vte1_0.c2extra1,vte1_0.c2extra1name,vte1_0.c2extra1note,vte1_0.c2extra2,vte1_0.c2extra2name,vte1_0.c2extra2note,vte1_0.c2extra3,vte1_0.c2extra3name,vte1_0.c2extra3note,vte1_0.c2extra4,vte1_0.c2extra4name,vte1_0.c2extra4note,vte1_0.c2extra5,vte1_0.c2extra5name,vte1_0.c2extra5note,vte1_0.c2interest_cost,vte1_0.c2interest_cost_note,vte1_0.closed_yn,vte1_0.d1carryover,vte1_0.d1carryover_note,vte1_0.d1extra1,vte1_0.d1extra1name,vte1_0.d1extra1note,vte1_0.d1extra2,vte1_0.d1extra2name,vte1_0.d1extra2note,vte1_0.d1extra3,vte1_0.d1extra3name,vte1_0.d1extra3note,vte1_0.d1extra4,vte1_0.d1extra4name,vte1_0.d1extra4note,vte1_0.d1extra5,vte1_0.d1extra5name,vte1_0.d1extra5note,vte1_0.d1material,vte1_0.d1material_note,vte1_0.d1store_maint,vte1_0.d1store_maint_note,vte1_0.d2cash,vte1_0.d2cash_note,vte1_0.d2extra1,vte1_0.d2extra1name,vte1_0.d2extra1note,vte1_0.d2extra2,vte1_0.d2extra2name,vte1_0.d2extra2note,vte1_0.d2extra3,vte1_0.d2extra3name,vte1_0.d2extra3note,vte1_0.d2extra4,vte1_0.d2extra4name,vte1_0.d2extra4note,vte1_0.d2extra5,vte1_0.d2extra5name,vte1_0.d2extra5note,vte1_0.d3extra1,vte1_0.d3extra1name,vte1_0.d3extra1note,vte1_0.d3extra2,vte1_0.d3extra2name,vte1_0.d3extra2note,vte1_0.d3extra3,vte1_0.d3extra3name,vte1_0.d3extra3note,vte1_0.d3extra4,vte1_0.d3extra4name,vte1_0.d3extra4note,vte1_0.d3extra5,vte1_0.d3extra5name,vte1_0.d3extra5note,vte1_0.d3init_product,vte1_0.d3init_product_note,vte1_0.d3rent,vte1_0.d3rent_note,vte1_0.deposit_amount,vte1_0.insert_timestamp,vte1_0.owner,vte1_0.phone,vte1_0.sales_profit,vte1_0.settle_amount,vte1_0.settlement_amount,vte1_0.settlement_cd,vte1_0.settlement_title,vte1_0.settlement_ymd,vte1_0.src_a1card,vte1_0.src_a1cash,vte1_0.src_b1electricity,vte1_0.src_b3material,vte1_0.src_c1card_fee,vte1_0.src_d1material,vte1_0.store_code,vte1_0.store_name,vte1_0.update_timestamp from cnco.vsettlement_total vte1_0 where vte1_0.pkey=?] [ERROR: column vte1_0.settle_amount does not exist
  Position: 3893] [n/a]
	at org.hibernate.exception.internal.SQLStateConversionDelegate.convert(SQLStateConversionDelegate.java:91) ~[hibernate-core-6.3.1.Final.jar:6.3.1.Final]
	at org.hibernate.exception.internal.StandardSQLExceptionConverter.convert(StandardSQLExceptionConverter.java:58) ~[hibernate-core-6.3.1.Final.jar:6.3.1.Final]
	at org.hibernate.engine.jdbc.spi.SqlExceptionHelper.convert(SqlExceptionHelper.java:108) ~[hibernate-core-6.3.1.Final.jar:6.3.1.Final]
	at org.hibernate.engine.jdbc.spi.SqlExceptionHelper.convert(SqlExceptionHelper.java:94) ~[hibernate-core-6.3.1.Final.jar:6.3.1.Final]
	at org.hibernate.sql.results.jdbc.internal.DeferredResultSetAccess.executeQuery(DeferredResultSetAccess.java:258) ~[hibernate-core-6.3.1.Final.jar:6.3.1.Final]
	at org.hibernate.sql.results.jdbc.internal.DeferredResultSetAccess.getResultSet(DeferredResultSetAccess.java:164) ~[hibernate-core-6.3.1.Final.jar:6.3.1.Final]
	at org.hibernate.sql.results.jdbc.internal.JdbcValuesResultSetImpl.advanceNext(JdbcValuesResultSetImpl.java:218) ~[hibernate-core-6.3.1.Final.jar:6.3.1.Final]
	at org.hibernate.sql.results.jdbc.internal.JdbcValuesResultSetImpl.processNext(JdbcValuesResultSetImpl.java:98) ~[hibernate-core-6.3.1.Final.jar:6.3.1.Final]
	at org.hibernate.sql.results.jdbc.internal.AbstractJdbcValues.next(AbstractJdbcValues.java:19) ~[hibernate-core-6.3.1.Final.jar:6.3.1.Final]
	at org.hibernate.sql.results.internal.RowProcessingStateStandardImpl.next(RowProcessingStateStandardImpl.java:66) ~[hibernate-core-6.3.1.Final.jar:6.3.1.Final]
	at org.hibernate.sql.results.spi.ListResultsConsumer.consume(ListResultsConsumer.java:186) ~[hibernate-core-6.3.1.Final.jar:6.3.1.Final]
	at org.hibernate.sql.results.spi.ListResultsConsumer.consume(ListResultsConsumer.java:33) ~[hibernate-core-6.3.1.Final.jar:6.3.1.Final]
	at org.hibernate.sql.exec.internal.JdbcSelectExecutorStandardImpl.doExecuteQuery(JdbcSelectExecutorStandardImpl.java:361) ~[hibernate-core-6.3.1.Final.jar:6.3.1.Final]
	at org.hibernate.sql.exec.internal.JdbcSelectExecutorStandardImpl.executeQuery(JdbcSelectExecutorStandardImpl.java:168) ~[hibernate-core-6.3.1.Final.jar:6.3.1.Final]
	at org.hibernate.sql.exec.internal.JdbcSelectExecutorStandardImpl.list(JdbcSelectExecutorStandardImpl.java:93) ~[hibernate-core-6.3.1.Final.jar:6.3.1.Final]
	at org.hibernate.sql.exec.spi.JdbcSelectExecutor.list(JdbcSelectExecutor.java:31) ~[hibernate-core-6.3.1.Final.jar:6.3.1.Final]
	at org.hibernate.loader.ast.internal.SingleIdLoadPlan.load(SingleIdLoadPlan.java:145) ~[hibernate-core-6.3.1.Final.jar:6.3.1.Final]
	at org.hibernate.loader.ast.internal.SingleIdLoadPlan.load(SingleIdLoadPlan.java:117) ~[hibernate-core-6.3.1.Final.jar:6.3.1.Final]
	at org.hibernate.loader.ast.internal.SingleIdEntityLoaderStandardImpl.load(SingleIdEntityLoaderStandardImpl.java:75) ~[hibernate-core-6.3.1.Final.jar:6.3.1.Final]
	at org.hibernate.persister.entity.AbstractEntityPersister.doLoad(AbstractEntityPersister.java:3673) ~[hibernate-core-6.3.1.Final.jar:6.3.1.Final]
	at org.hibernate.persister.entity.AbstractEntityPersister.load(AbstractEntityPersister.java:3662) ~[hibernate-core-6.3.1.Final.jar:6.3.1.Final]
	at org.hibernate.event.internal.DefaultLoadEventListener.loadFromDatasource(DefaultLoadEventListener.java:591) ~[hibernate-core-6.3.1.Final.jar:6.3.1.Final]
	at org.hibernate.event.internal.DefaultLoadEventListener.loadFromCacheOrDatasource(DefaultLoadEventListener.java:577) ~[hibernate-core-6.3.1.Final.jar:6.3.1.Final]
	at org.hibernate.event.internal.DefaultLoadEventListener.load(DefaultLoadEventListener.java:547) ~[hibernate-core-6.3.1.Final.jar:6.3.1.Final]
	at org.hibernate.event.internal.DefaultLoadEventListener.doLoad(DefaultLoadEventListener.java:531) ~[hibernate-core-6.3.1.Final.jar:6.3.1.Final]
	at org.hibernate.event.internal.DefaultLoadEventListener.load(DefaultLoadEventListener.java:206) ~[hibernate-core-6.3.1.Final.jar:6.3.1.Final]
	at org.hibernate.event.internal.DefaultLoadEventListener.loadWithRegularProxy(DefaultLoadEventListener.java:286) ~[hibernate-core-6.3.1.Final.jar:6.3.1.Final]
	at org.hibernate.event.internal.DefaultLoadEventListener.proxyOrLoad(DefaultLoadEventListener.java:241) ~[hibernate-core-6.3.1.Final.jar:6.3.1.Final]
	at org.hibernate.event.internal.DefaultLoadEventListener.doOnLoad(DefaultLoadEventListener.java:110) ~[hibernate-core-6.3.1.Final.jar:6.3.1.Final]
	at org.hibernate.event.internal.DefaultLoadEventListener.onLoad(DefaultLoadEventListener.java:67) ~[hibernate-core-6.3.1.Final.jar:6.3.1.Final]
	at org.hibernate.event.service.internal.EventListenerGroupImpl.fireEventOnEachListener(EventListenerGroupImpl.java:138) ~[hibernate-core-6.3.1.Final.jar:6.3.1.Final]
	at org.hibernate.internal.SessionImpl.fireLoadNoChecks(SessionImpl.java:1234) ~[hibernate-core-6.3.1.Final.jar:6.3.1.Final]
	at org.hibernate.internal.SessionImpl.fireLoad(SessionImpl.java:1222) ~[hibernate-core-6.3.1.Final.jar:6.3.1.Final]
	at org.hibernate.loader.internal.IdentifierLoadAccessImpl.load(IdentifierLoadAccessImpl.java:209) ~[hibernate-core-6.3.1.Final.jar:6.3.1.Final]
	at org.hibernate.loader.internal.IdentifierLoadAccessImpl.doLoad(IdentifierLoadAccessImpl.java:160) ~[hibernate-core-6.3.1.Final.jar:6.3.1.Final]
	at org.hibernate.loader.internal.IdentifierLoadAccessImpl.lambda$load$1(IdentifierLoadAccessImpl.java:149) ~[hibernate-core-6.3.1.Final.jar:6.3.1.Final]
	at org.hibernate.loader.internal.IdentifierLoadAccessImpl.perform(IdentifierLoadAccessImpl.java:112) ~[hibernate-core-6.3.1.Final.jar:6.3.1.Final]
	at org.hibernate.loader.internal.IdentifierLoadAccessImpl.load(IdentifierLoadAccessImpl.java:149) ~[hibernate-core-6.3.1.Final.jar:6.3.1.Final]
	at org.hibernate.internal.SessionImpl.find(SessionImpl.java:2430) ~[hibernate-core-6.3.1.Final.jar:6.3.1.Final]
	at org.hibernate.internal.SessionImpl.find(SessionImpl.java:2401) ~[hibernate-core-6.3.1.Final.jar:6.3.1.Final]
	at jdk.internal.reflect.GeneratedMethodAccessor65.invoke(Unknown Source) ~[na:na]
	at java.base/jdk.internal.reflect.DelegatingMethodAccessorImpl.invoke(DelegatingMethodAccessorImpl.java:43) ~[na:na]
	at java.base/java.lang.reflect.Method.invoke(Method.java:569) ~[na:na]
	at org.springframework.orm.jpa.ExtendedEntityManagerCreator$ExtendedEntityManagerInvocationHandler.invoke(ExtendedEntityManagerCreator.java:360) ~[spring-orm-6.1.1.jar:6.1.1]
	at jdk.proxy2/jdk.proxy2.$Proxy134.find(Unknown Source) ~[na:na]
	at jdk.internal.reflect.GeneratedMethodAccessor65.invoke(Unknown Source) ~[na:na]
	at java.base/jdk.internal.reflect.DelegatingMethodAccessorImpl.invoke(DelegatingMethodAccessorImpl.java:43) ~[na:na]
	at java.base/java.lang.reflect.Method.invoke(Method.java:569) ~[na:na]
	at org.springframework.orm.jpa.SharedEntityManagerCreator$SharedEntityManagerInvocationHandler.invoke(SharedEntityManagerCreator.java:311) ~[spring-orm-6.1.1.jar:6.1.1]
	at jdk.proxy2/jdk.proxy2.$Proxy134.find(Unknown Source) ~[na:na]
	at org.springframework.data.jpa.repository.support.SimpleJpaRepository.findById(SimpleJpaRepository.java:313) ~[spring-data-jpa-3.2.0.jar:3.2.0]
	at java.base/jdk.internal.reflect.NativeMethodAccessorImpl.invoke0(Native Method) ~[na:na]
	at java.base/jdk.internal.reflect.NativeMethodAccessorImpl.invoke(NativeMethodAccessorImpl.java:77) ~[na:na]
	at java.base/jdk.internal.reflect.DelegatingMethodAccessorImpl.invoke(DelegatingMethodAccessorImpl.java:43) ~[na:na]
	at java.base/java.lang.reflect.Method.invoke(Method.java:569) ~[na:na]
	at org.springframework.aop.support.AopUtils.invokeJoinpointUsingReflection(AopUtils.java:352) ~[spring-aop-6.1.1.jar:6.1.1]
	at org.springframework.data.repository.core.support.RepositoryMethodInvoker$RepositoryFragmentMethodInvoker.lambda$new$0(RepositoryMethodInvoker.java:277) ~[spring-data-commons-3.2.0.jar:3.2.0]
	at org.springframework.data.repository.core.support.RepositoryMethodInvoker.doInvoke(RepositoryMethodInvoker.java:170) ~[spring-data-commons-3.2.0.jar:3.2.0]
	at org.springframework.data.repository.core.support.RepositoryMethodInvoker.invoke(RepositoryMethodInvoker.java:158) ~[spring-data-commons-3.2.0.jar:3.2.0]
	at org.springframework.data.repository.core.support.RepositoryComposition$RepositoryFragments.invoke(RepositoryComposition.java:516) ~[spring-data-commons-3.2.0.jar:3.2.0]
	at org.springframework.data.repository.core.support.RepositoryComposition.invoke(RepositoryComposition.java:285) ~[spring-data-commons-3.2.0.jar:3.2.0]
	at org.springframework.data.repository.core.support.RepositoryFactorySupport$ImplementationMethodExecutionInterceptor.invoke(RepositoryFactorySupport.java:628) ~[spring-data-commons-3.2.0.jar:3.2.0]
	at org.springframework.aop.framework.ReflectiveMethodInvocation.proceed(ReflectiveMethodInvocation.java:184) ~[spring-aop-6.1.1.jar:6.1.1]
	at org.springframework.data.repository.core.support.QueryExecutorMethodInterceptor.doInvoke(QueryExecutorMethodInterceptor.java:168) ~[spring-data-commons-3.2.0.jar:3.2.0]
	at org.springframework.data.repository.core.support.QueryExecutorMethodInterceptor.invoke(QueryExecutorMethodInterceptor.java:143) ~[spring-data-commons-3.2.0.jar:3.2.0]
	at org.springframework.aop.framework.ReflectiveMethodInvocation.proceed(ReflectiveMethodInvocation.java:184) ~[spring-aop-6.1.1.jar:6.1.1]
	at org.springframework.data.projection.DefaultMethodInvokingMethodInterceptor.invoke(DefaultMethodInvokingMethodInterceptor.java:70) ~[spring-data-commons-3.2.0.jar:3.2.0]
	at org.springframework.aop.framework.ReflectiveMethodInvocation.proceed(ReflectiveMethodInvocation.java:184) ~[spring-aop-6.1.1.jar:6.1.1]
	at org.springframework.transaction.interceptor.TransactionInterceptor$1.proceedWithInvocation(TransactionInterceptor.java:123) ~[spring-tx-6.1.1.jar:6.1.1]
	at org.springframework.transaction.interceptor.TransactionAspectSupport.invokeWithinTransaction(TransactionAspectSupport.java:385) ~[spring-tx-6.1.1.jar:6.1.1]
	at org.springframework.transaction.interceptor.TransactionInterceptor.invoke(TransactionInterceptor.java:119) ~[spring-tx-6.1.1.jar:6.1.1]
	at org.springframework.aop.framework.ReflectiveMethodInvocation.proceed(ReflectiveMethodInvocation.java:184) ~[spring-aop-6.1.1.jar:6.1.1]
	at org.springframework.dao.support.PersistenceExceptionTranslationInterceptor.invoke(PersistenceExceptionTranslationInterceptor.java:137) ~[spring-tx-6.1.1.jar:6.1.1]
	at org.springframework.aop.framework.ReflectiveMethodInvocation.proceed(ReflectiveMethodInvocation.java:184) ~[spring-aop-6.1.1.jar:6.1.1]
	at org.springframework.data.jpa.repository.support.CrudMethodMetadataPostProcessor$CrudMethodMetadataPopulatingMethodInterceptor.invoke(CrudMethodMetadataPostProcessor.java:164) ~[spring-data-jpa-3.2.0.jar:3.2.0]
	at org.springframework.aop.framework.ReflectiveMethodInvocation.proceed(ReflectiveMethodInvocation.java:184) ~[spring-aop-6.1.1.jar:6.1.1]
	at org.springframework.aop.interceptor.ExposeInvocationInterceptor.invoke(ExposeInvocationInterceptor.java:97) ~[spring-aop-6.1.1.jar:6.1.1]
	at org.springframework.aop.framework.ReflectiveMethodInvocation.proceed(ReflectiveMethodInvocation.java:184) ~[spring-aop-6.1.1.jar:6.1.1]
	at org.springframework.aop.framework.JdkDynamicAopProxy.invoke(JdkDynamicAopProxy.java:249) ~[spring-aop-6.1.1.jar:6.1.1]
	at jdk.proxy2/jdk.proxy2.$Proxy146.findById(Unknown Source) ~[na:na]
	at com.example.cco.settlement.SettlementServiceImpl.getSettlementDetail(SettlementServiceImpl.java:564) ~[main/:na]
	at java.base/jdk.internal.reflect.NativeMethodAccessorImpl.invoke0(Native Method) ~[na:na]
	at java.base/jdk.internal.reflect.NativeMethodAccessorImpl.invoke(NativeMethodAccessorImpl.java:77) ~[na:na]
	at java.base/jdk.internal.reflect.DelegatingMethodAccessorImpl.invoke(DelegatingMethodAccessorImpl.java:43) ~[na:na]
	at java.base/java.lang.reflect.Method.invoke(Method.java:569) ~[na:na]
	at org.springframework.aop.support.AopUtils.invokeJoinpointUsingReflection(AopUtils.java:352) ~[spring-aop-6.1.1.jar:6.1.1]
	at org.springframework.aop.framework.ReflectiveMethodInvocation.invokeJoinpoint(ReflectiveMethodInvocation.java:196) ~[spring-aop-6.1.1.jar:6.1.1]
	at org.springframework.aop.framework.ReflectiveMethodInvocation.proceed(ReflectiveMethodInvocation.java:163) ~[spring-aop-6.1.1.jar:6.1.1]
	at org.springframework.aop.framework.CglibAopProxy$CglibMethodInvocation.proceed(CglibAopProxy.java:765) ~[spring-aop-6.1.1.jar:6.1.1]
	at org.springframework.transaction.interceptor.TransactionInterceptor$1.proceedWithInvocation(TransactionInterceptor.java:123) ~[spring-tx-6.1.1.jar:6.1.1]
	at org.springframework.transaction.interceptor.TransactionAspectSupport.invokeWithinTransaction(TransactionAspectSupport.java:385) ~[spring-tx-6.1.1.jar:6.1.1]
	at org.springframework.transaction.interceptor.TransactionInterceptor.invoke(TransactionInterceptor.java:119) ~[spring-tx-6.1.1.jar:6.1.1]
	at org.springframework.aop.framework.ReflectiveMethodInvocation.proceed(ReflectiveMethodInvocation.java:184) ~[spring-aop-6.1.1.jar:6.1.1]
	at org.springframework.aop.framework.CglibAopProxy$CglibMethodInvocation.proceed(CglibAopProxy.java:765) ~[spring-aop-6.1.1.jar:6.1.1]
	at org.springframework.aop.framework.CglibAopProxy$DynamicAdvisedInterceptor.intercept(CglibAopProxy.java:717) ~[spring-aop-6.1.1.jar:6.1.1]
	at com.example.cco.settlement.SettlementServiceImpl$$SpringCGLIB$$0.getSettlementDetail(<generated>) ~[main/:na]
	at com.example.cco.settlement.SettlementController.getSettlementDetail(SettlementController.java:79) ~[main/:na]
	at java.base/jdk.internal.reflect.NativeMethodAccessorImpl.invoke0(Native Method) ~[na:na]
	at java.base/jdk.internal.reflect.NativeMethodAccessorImpl.invoke(NativeMethodAccessorImpl.java:77) ~[na:na]
	at java.base/jdk.internal.reflect.DelegatingMethodAccessorImpl.invoke(DelegatingMethodAccessorImpl.java:43) ~[na:na]
	at java.base/java.lang.reflect.Method.invoke(Method.java:569) ~[na:na]
	at org.springframework.web.method.support.InvocableHandlerMethod.doInvoke(InvocableHandlerMethod.java:254) ~[spring-web-6.1.1.jar:6.1.1]
	at org.springframework.web.method.support.InvocableHandlerMethod.invokeForRequest(InvocableHandlerMethod.java:182) ~[spring-web-6.1.1.jar:6.1.1]
	at org.springframework.web.servlet.mvc.method.annotation.ServletInvocableHandlerMethod.invokeAndHandle(ServletInvocableHandlerMethod.java:118) ~[spring-webmvc-6.1.1.jar:6.1.1]
	at org.springframework.web.servlet.mvc.method.annotation.RequestMappingHandlerAdapter.invokeHandlerMethod(RequestMappingHandlerAdapter.java:917) ~[spring-webmvc-6.1.1.jar:6.1.1]
	at org.springframework.web.servlet.mvc.method.annotation.RequestMappingHandlerAdapter.handleInternal(RequestMappingHandlerAdapter.java:829) ~[spring-webmvc-6.1.1.jar:6.1.1]
	at org.springframework.web.servlet.mvc.method.AbstractHandlerMethodAdapter.handle(AbstractHandlerMethodAdapter.java:87) ~[spring-webmvc-6.1.1.jar:6.1.1]
	at org.springframework.web.servlet.DispatcherServlet.doDispatch(DispatcherServlet.java:1089) ~[spring-webmvc-6.1.1.jar:6.1.1]
	at org.springframework.web.servlet.DispatcherServlet.doService(DispatcherServlet.java:979) ~[spring-webmvc-6.1.1.jar:6.1.1]
	at org.springframework.web.servlet.FrameworkServlet.processRequest(FrameworkServlet.java:1014) ~[spring-webmvc-6.1.1.jar:6.1.1]
	at org.springframework.web.servlet.FrameworkServlet.doGet(FrameworkServlet.java:903) ~[spring-webmvc-6.1.1.jar:6.1.1]
	at jakarta.servlet.http.HttpServlet.service(HttpServlet.java:564) ~[tomcat-embed-core-10.1.16.jar:6.0]
	at org.springframework.web.servlet.FrameworkServlet.service(FrameworkServlet.java:885) ~[spring-webmvc-6.1.1.jar:6.1.1]
	at jakarta.servlet.http.HttpServlet.service(HttpServlet.java:658) ~[tomcat-embed-core-10.1.16.jar:6.0]
	at org.apache.catalina.core.ApplicationFilterChain.internalDoFilter(ApplicationFilterChain.java:205) ~[tomcat-embed-core-10.1.16.jar:10.1.16]
	at org.apache.catalina.core.ApplicationFilterChain.doFilter(ApplicationFilterChain.java:149) ~[tomcat-embed-core-10.1.16.jar:10.1.16]
	at org.apache.tomcat.websocket.server.WsFilter.doFilter(WsFilter.java:51) ~[tomcat-embed-websocket-10.1.16.jar:10.1.16]
	at org.apache.catalina.core.ApplicationFilterChain.internalDoFilter(ApplicationFilterChain.java:174) ~[tomcat-embed-core-10.1.16.jar:10.1.16]
	at org.apache.catalina.core.ApplicationFilterChain.doFilter(ApplicationFilterChain.java:149) ~[tomcat-embed-core-10.1.16.jar:10.1.16]
	at org.springframework.security.web.FilterChainProxy.lambda$doFilterInternal$3(FilterChainProxy.java:231) ~[spring-security-web-6.2.0.jar:6.2.0]
	at org.springframework.security.web.FilterChainProxy$VirtualFilterChain.doFilter(FilterChainProxy.java:365) ~[spring-security-web-6.2.0.jar:6.2.0]
	at org.springframework.security.web.access.intercept.AuthorizationFilter.doFilter(AuthorizationFilter.java:100) ~[spring-security-web-6.2.0.jar:6.2.0]
	at org.springframework.security.web.FilterChainProxy$VirtualFilterChain.doFilter(FilterChainProxy.java:374) ~[spring-security-web-6.2.0.jar:6.2.0]
	at org.springframework.security.web.access.ExceptionTranslationFilter.doFilter(ExceptionTranslationFilter.java:126) ~[spring-security-web-6.2.0.jar:6.2.0]
	at org.springframework.security.web.access.ExceptionTranslationFilter.doFilter(ExceptionTranslationFilter.java:120) ~[spring-security-web-6.2.0.jar:6.2.0]
	at org.springframework.security.web.FilterChainProxy$VirtualFilterChain.doFilter(FilterChainProxy.java:374) ~[spring-security-web-6.2.0.jar:6.2.0]
	at org.springframework.security.web.session.SessionManagementFilter.doFilter(SessionManagementFilter.java:131) ~[spring-security-web-6.2.0.jar:6.2.0]
	at org.springframework.security.web.session.SessionManagementFilter.doFilter(SessionManagementFilter.java:85) ~[spring-security-web-6.2.0.jar:6.2.0]
	at org.springframework.security.web.FilterChainProxy$VirtualFilterChain.doFilter(FilterChainProxy.java:374) ~[spring-security-web-6.2.0.jar:6.2.0]
	at org.springframework.security.web.authentication.AnonymousAuthenticationFilter.doFilter(AnonymousAuthenticationFilter.java:100) ~[spring-security-web-6.2.0.jar:6.2.0]
	at org.springframework.security.web.FilterChainProxy$VirtualFilterChain.doFilter(FilterChainProxy.java:374) ~[spring-security-web-6.2.0.jar:6.2.0]
	at org.springframework.security.web.servletapi.SecurityContextHolderAwareRequestFilter.doFilter(SecurityContextHolderAwareRequestFilter.java:179) ~[spring-security-web-6.2.0.jar:6.2.0]
	at org.springframework.security.web.FilterChainProxy$VirtualFilterChain.doFilter(FilterChainProxy.java:374) ~[spring-security-web-6.2.0.jar:6.2.0]
	at org.springframework.security.web.savedrequest.RequestCacheAwareFilter.doFilter(RequestCacheAwareFilter.java:63) ~[spring-security-web-6.2.0.jar:6.2.0]
	at org.springframework.security.web.FilterChainProxy$VirtualFilterChain.doFilter(FilterChainProxy.java:374) ~[spring-security-web-6.2.0.jar:6.2.0]
	at org.springframework.security.web.authentication.AbstractAuthenticationProcessingFilter.doFilter(AbstractAuthenticationProcessingFilter.java:227) ~[spring-security-web-6.2.0.jar:6.2.0]
	at org.springframework.security.web.authentication.AbstractAuthenticationProcessingFilter.doFilter(AbstractAuthenticationProcessingFilter.java:221) ~[spring-security-web-6.2.0.jar:6.2.0]
	at org.springframework.security.web.FilterChainProxy$VirtualFilterChain.doFilter(FilterChainProxy.java:374) ~[spring-security-web-6.2.0.jar:6.2.0]
	at com.example.cco.security.JwtAuthorizationFilter.doFilterInternal(JwtAuthorizationFilter.java:48) ~[main/:na]
	at org.springframework.web.filter.OncePerRequestFilter.doFilter(OncePerRequestFilter.java:116) ~[spring-web-6.1.1.jar:6.1.1]
	at org.springframework.security.web.FilterChainProxy$VirtualFilterChain.doFilter(FilterChainProxy.java:374) ~[spring-security-web-6.2.0.jar:6.2.0]
	at org.springframework.security.web.authentication.logout.LogoutFilter.doFilter(LogoutFilter.java:107) ~[spring-security-web-6.2.0.jar:6.2.0]
	at org.springframework.security.web.authentication.logout.LogoutFilter.doFilter(LogoutFilter.java:93) ~[spring-security-web-6.2.0.jar:6.2.0]
	at org.springframework.security.web.FilterChainProxy$VirtualFilterChain.doFilter(FilterChainProxy.java:374) ~[spring-security-web-6.2.0.jar:6.2.0]
	at org.springframework.web.filter.CorsFilter.doFilterInternal(CorsFilter.java:91) ~[spring-web-6.1.1.jar:6.1.1]
	at org.springframework.web.filter.OncePerRequestFilter.doFilter(OncePerRequestFilter.java:116) ~[spring-web-6.1.1.jar:6.1.1]
	at org.springframework.security.web.FilterChainProxy$VirtualFilterChain.doFilter(FilterChainProxy.java:374) ~[spring-security-web-6.2.0.jar:6.2.0]
	at org.springframework.security.web.header.HeaderWriterFilter.doHeadersAfter(HeaderWriterFilter.java:90) ~[spring-security-web-6.2.0.jar:6.2.0]
	at org.springframework.security.web.header.HeaderWriterFilter.doFilterInternal(HeaderWriterFilter.java:75) ~[spring-security-web-6.2.0.jar:6.2.0]
	at org.springframework.web.filter.OncePerRequestFilter.doFilter(OncePerRequestFilter.java:116) ~[spring-web-6.1.1.jar:6.1.1]
	at org.springframework.security.web.FilterChainProxy$VirtualFilterChain.doFilter(FilterChainProxy.java:374) ~[spring-security-web-6.2.0.jar:6.2.0]
	at org.springframework.security.web.context.SecurityContextHolderFilter.doFilter(SecurityContextHolderFilter.java:82) ~[spring-security-web-6.2.0.jar:6.2.0]
	at org.springframework.security.web.context.SecurityContextHolderFilter.doFilter(SecurityContextHolderFilter.java:69) ~[spring-security-web-6.2.0.jar:6.2.0]
	at org.springframework.security.web.FilterChainProxy$VirtualFilterChain.doFilter(FilterChainProxy.java:374) ~[spring-security-web-6.2.0.jar:6.2.0]
	at org.springframework.security.web.context.request.async.WebAsyncManagerIntegrationFilter.doFilterInternal(WebAsyncManagerIntegrationFilter.java:62) ~[spring-security-web-6.2.0.jar:6.2.0]
	at org.springframework.web.filter.OncePerRequestFilter.doFilter(OncePerRequestFilter.java:116) ~[spring-web-6.1.1.jar:6.1.1]
	at org.springframework.security.web.FilterChainProxy$VirtualFilterChain.doFilter(FilterChainProxy.java:374) ~[spring-security-web-6.2.0.jar:6.2.0]
	at org.springframework.security.web.session.DisableEncodeUrlFilter.doFilterInternal(DisableEncodeUrlFilter.java:42) ~[spring-security-web-6.2.0.jar:6.2.0]
	at org.springframework.web.filter.OncePerRequestFilter.doFilter(OncePerRequestFilter.java:116) ~[spring-web-6.1.1.jar:6.1.1]
	at org.springframework.security.web.FilterChainProxy$VirtualFilterChain.doFilter(FilterChainProxy.java:374) ~[spring-security-web-6.2.0.jar:6.2.0]
	at org.springframework.security.web.FilterChainProxy.doFilterInternal(FilterChainProxy.java:233) ~[spring-security-web-6.2.0.jar:6.2.0]
	at org.springframework.security.web.FilterChainProxy.doFilter(FilterChainProxy.java:191) ~[spring-security-web-6.2.0.jar:6.2.0]
	at org.springframework.web.filter.DelegatingFilterProxy.invokeDelegate(DelegatingFilterProxy.java:352) ~[spring-web-6.1.1.jar:6.1.1]
	at org.springframework.web.filter.DelegatingFilterProxy.doFilter(DelegatingFilterProxy.java:268) ~[spring-web-6.1.1.jar:6.1.1]
	at org.apache.catalina.core.ApplicationFilterChain.internalDoFilter(ApplicationFilterChain.java:174) ~[tomcat-embed-core-10.1.16.jar:10.1.16]
	at org.apache.catalina.core.ApplicationFilterChain.doFilter(ApplicationFilterChain.java:149) ~[tomcat-embed-core-10.1.16.jar:10.1.16]
	at org.springframework.web.filter.RequestContextFilter.doFilterInternal(RequestContextFilter.java:100) ~[spring-web-6.1.1.jar:6.1.1]
	at org.springframework.web.filter.OncePerRequestFilter.doFilter(OncePerRequestFilter.java:116) ~[spring-web-6.1.1.jar:6.1.1]
	at org.apache.catalina.core.ApplicationFilterChain.internalDoFilter(ApplicationFilterChain.java:174) ~[tomcat-embed-core-10.1.16.jar:10.1.16]
	at org.apache.catalina.core.ApplicationFilterChain.doFilter(ApplicationFilterChain.java:149) ~[tomcat-embed-core-10.1.16.jar:10.1.16]
	at org.springframework.web.filter.FormContentFilter.doFilterInternal(FormContentFilter.java:93) ~[spring-web-6.1.1.jar:6.1.1]
	at org.springframework.web.filter.OncePerRequestFilter.doFilter(OncePerRequestFilter.java:116) ~[spring-web-6.1.1.jar:6.1.1]
	at org.apache.catalina.core.ApplicationFilterChain.internalDoFilter(ApplicationFilterChain.java:174) ~[tomcat-embed-core-10.1.16.jar:10.1.16]
	at org.apache.catalina.core.ApplicationFilterChain.doFilter(ApplicationFilterChain.java:149) ~[tomcat-embed-core-10.1.16.jar:10.1.16]
	at org.springframework.web.filter.CharacterEncodingFilter.doFilterInternal(CharacterEncodingFilter.java:201) ~[spring-web-6.1.1.jar:6.1.1]
	at org.springframework.web.filter.OncePerRequestFilter.doFilter(OncePerRequestFilter.java:116) ~[spring-web-6.1.1.jar:6.1.1]
	at org.apache.catalina.core.ApplicationFilterChain.internalDoFilter(ApplicationFilterChain.java:174) ~[tomcat-embed-core-10.1.16.jar:10.1.16]
	at org.apache.catalina.core.ApplicationFilterChain.doFilter(ApplicationFilterChain.java:149) ~[tomcat-embed-core-10.1.16.jar:10.1.16]
	at org.apache.catalina.core.StandardWrapperValve.invoke(StandardWrapperValve.java:167) ~[tomcat-embed-core-10.1.16.jar:10.1.16]
	at org.apache.catalina.core.StandardContextValve.invoke(StandardContextValve.java:90) ~[tomcat-embed-core-10.1.16.jar:10.1.16]
	at org.apache.catalina.authenticator.AuthenticatorBase.invoke(AuthenticatorBase.java:482) ~[tomcat-embed-core-10.1.16.jar:10.1.16]
	at org.apache.catalina.core.StandardHostValve.invoke(StandardHostValve.java:115) ~[tomcat-embed-core-10.1.16.jar:10.1.16]
	at org.apache.catalina.valves.ErrorReportValve.invoke(ErrorReportValve.java:93) ~[tomcat-embed-core-10.1.16.jar:10.1.16]
	at org.apache.catalina.core.StandardEngineValve.invoke(StandardEngineValve.java:74) ~[tomcat-embed-core-10.1.16.jar:10.1.16]
	at org.apache.catalina.connector.CoyoteAdapter.service(CoyoteAdapter.java:340) ~[tomcat-embed-core-10.1.16.jar:10.1.16]
	at org.apache.coyote.http11.Http11Processor.service(Http11Processor.java:391) ~[tomcat-embed-core-10.1.16.jar:10.1.16]
	at org.apache.coyote.AbstractProcessorLight.process(AbstractProcessorLight.java:63) ~[tomcat-embed-core-10.1.16.jar:10.1.16]
	at org.apache.coyote.AbstractProtocol$ConnectionHandler.process(AbstractProtocol.java:896) ~[tomcat-embed-core-10.1.16.jar:10.1.16]
	at org.apache.tomcat.util.net.NioEndpoint$SocketProcessor.doRun(NioEndpoint.java:1744) ~[tomcat-embed-core-10.1.16.jar:10.1.16]
	at org.apache.tomcat.util.net.SocketProcessorBase.run(SocketProcessorBase.java:52) ~[tomcat-embed-core-10.1.16.jar:10.1.16]
	at org.apache.tomcat.util.threads.ThreadPoolExecutor.runWorker(ThreadPoolExecutor.java:1191) ~[tomcat-embed-core-10.1.16.jar:10.1.16]
	at org.apache.tomcat.util.threads.ThreadPoolExecutor$Worker.run(ThreadPoolExecutor.java:659) ~[tomcat-embed-core-10.1.16.jar:10.1.16]
	at org.apache.tomcat.util.threads.TaskThread$WrappingRunnable.run(TaskThread.java:61) ~[tomcat-embed-core-10.1.16.jar:10.1.16]
	at java.base/java.lang.Thread.run(Thread.java:840) ~[na:na]
Caused by: org.postgresql.util.PSQLException: ERROR: column vte1_0.settle_amount does not exist
  Position: 3893
	at org.postgresql.core.v3.QueryExecutorImpl.receiveErrorResponse(QueryExecutorImpl.java:2713) ~[postgresql-42.6.0.jar:42.6.0]
	at org.postgresql.core.v3.QueryExecutorImpl.processResults(QueryExecutorImpl.java:2401) ~[postgresql-42.6.0.jar:42.6.0]
	at org.postgresql.core.v3.QueryExecutorImpl.execute(QueryExecutorImpl.java:368) ~[postgresql-42.6.0.jar:42.6.0]
	at org.postgresql.jdbc.PgStatement.executeInternal(PgStatement.java:498) ~[postgresql-42.6.0.jar:42.6.0]
	at org.postgresql.jdbc.PgStatement.execute(PgStatement.java:415) ~[postgresql-42.6.0.jar:42.6.0]
	at org.postgresql.jdbc.PgPreparedStatement.executeWithFlags(PgPreparedStatement.java:190) ~[postgresql-42.6.0.jar:42.6.0]
	at org.postgresql.jdbc.PgPreparedStatement.executeQuery(PgPreparedStatement.java:134) ~[postgresql-42.6.0.jar:42.6.0]
	at com.zaxxer.hikari.pool.ProxyPreparedStatement.executeQuery(ProxyPreparedStatement.java:52) ~[HikariCP-5.0.1.jar:na]
	at com.zaxxer.hikari.pool.HikariProxyPreparedStatement.executeQuery(HikariProxyPreparedStatement.java) ~[HikariCP-5.0.1.jar:na]
	at org.hibernate.sql.results.jdbc.internal.DeferredResultSetAccess.executeQuery(DeferredResultSetAccess.java:240) ~[hibernate-core-6.3.1.Final.jar:6.3.1.Final]
	... 189 common frames omitted

2025-04-30T08:41:01.243+09:00 ERROR 16156 --- [http-nio-4080-exec-5] c.example.cco.exception.ExceptionAdvice  : org.springframework.dao.InvalidDataAccessResourceUsageException: JDBC exception executing SQL [select vte1_0.pkey,vte1_0.a1card,vte1_0.a1card_note,vte1_0.a1cash,vte1_0.a1cash_note,vte1_0.a1extra1,vte1_0.a1extra1name,vte1_0.a1extra1note,vte1_0.a1extra2,vte1_0.a1extra2name,vte1_0.a1extra2note,vte1_0.a1extra3,vte1_0.a1extra3name,vte1_0.a1extra3note,vte1_0.a1extra4,vte1_0.a1extra4name,vte1_0.a1extra4note,vte1_0.a1extra5,vte1_0.a1extra5name,vte1_0.a1extra5note,vte1_0.a1tax,vte1_0.a1tax_note,vte1_0.active_yn,vte1_0.a_total,vte1_0.b1electricity,vte1_0.b1electricity_note,vte1_0.b1etc_expense,vte1_0.b1etc_expense_note,vte1_0.b1extra1,vte1_0.b1extra1name,vte1_0.b1extra1note,vte1_0.b1extra2,vte1_0.b1extra2name,vte1_0.b1extra2note,vte1_0.b1extra3,vte1_0.b1extra3name,vte1_0.b1extra3note,vte1_0.b1extra4,vte1_0.b1extra4name,vte1_0.b1extra4note,vte1_0.b1extra5,vte1_0.b1extra5name,vte1_0.b1extra5note,vte1_0.b1gas,vte1_0.b1gas_note,vte1_0.b1internet,vte1_0.b1internet_note,vte1_0.b1maint,vte1_0.b1maint_note,vte1_0.b1rent,vte1_0.b1rent_note,vte1_0.b2charge,vte1_0.b2charge_note,vte1_0.b3etc,vte1_0.b3etc_note,vte1_0.b3extra1,vte1_0.b3extra1name,vte1_0.b3extra1note,vte1_0.b3extra2,vte1_0.b3extra2name,vte1_0.b3extra2note,vte1_0.b3extra3,vte1_0.b3extra3name,vte1_0.b3extra3note,vte1_0.b3extra4,vte1_0.b3extra4name,vte1_0.b3extra4note,vte1_0.b3extra5,vte1_0.b3extra5name,vte1_0.b3extra5note,vte1_0.b3material,vte1_0.b3material_note,vte1_0.b4donation,vte1_0.b4donation_note,vte1_0.b4extra1,vte1_0.b4extra1name,vte1_0.b4extra1note,vte1_0.b4extra2,vte1_0.b4extra2name,vte1_0.b4extra2note,vte1_0.b4extra3,vte1_0.b4extra3name,vte1_0.b4extra3note,vte1_0.b4extra4,vte1_0.b4extra4name,vte1_0.b4extra4note,vte1_0.b4extra5,vte1_0.b4extra5name,vte1_0.b4extra5note,vte1_0.b4init_product,vte1_0.b4init_product_note,vte1_0.bank,vte1_0.bank_account,vte1_0.bank_account_number,vte1_0.brand_cd,vte1_0.brand_name,vte1_0.b_total,vte1_0.c1card_fee,vte1_0.c1card_fee_note,vte1_0.c1electricity,vte1_0.c1electricity_note,vte1_0.c1etc_expense,vte1_0.c1etc_expense_note,vte1_0.c1extra1,vte1_0.c1extra1name,vte1_0.c1extra1note,vte1_0.c1extra2,vte1_0.c1extra2name,vte1_0.c1extra2note,vte1_0.c1extra3,vte1_0.c1extra3name,vte1_0.c1extra3note,vte1_0.c1extra4,vte1_0.c1extra4name,vte1_0.c1extra4note,vte1_0.c1extra5,vte1_0.c1extra5name,vte1_0.c1extra5note,vte1_0.c1gas,vte1_0.c1gas_note,vte1_0.c1insurance,vte1_0.c1insurance_note,vte1_0.c1rent,vte1_0.c1rent_note,vte1_0.c1water,vte1_0.c1water_note,vte1_0.c2extra1,vte1_0.c2extra1name,vte1_0.c2extra1note,vte1_0.c2extra2,vte1_0.c2extra2name,vte1_0.c2extra2note,vte1_0.c2extra3,vte1_0.c2extra3name,vte1_0.c2extra3note,vte1_0.c2extra4,vte1_0.c2extra4name,vte1_0.c2extra4note,vte1_0.c2extra5,vte1_0.c2extra5name,vte1_0.c2extra5note,vte1_0.c2interest_cost,vte1_0.c2interest_cost_note,vte1_0.closed_yn,vte1_0.d1carryover,vte1_0.d1carryover_note,vte1_0.d1extra1,vte1_0.d1extra1name,vte1_0.d1extra1note,vte1_0.d1extra2,vte1_0.d1extra2name,vte1_0.d1extra2note,vte1_0.d1extra3,vte1_0.d1extra3name,vte1_0.d1extra3note,vte1_0.d1extra4,vte1_0.d1extra4name,vte1_0.d1extra4note,vte1_0.d1extra5,vte1_0.d1extra5name,vte1_0.d1extra5note,vte1_0.d1material,vte1_0.d1material_note,vte1_0.d1store_maint,vte1_0.d1store_maint_note,vte1_0.d2cash,vte1_0.d2cash_note,vte1_0.d2extra1,vte1_0.d2extra1name,vte1_0.d2extra1note,vte1_0.d2extra2,vte1_0.d2extra2name,vte1_0.d2extra2note,vte1_0.d2extra3,vte1_0.d2extra3name,vte1_0.d2extra3note,vte1_0.d2extra4,vte1_0.d2extra4name,vte1_0.d2extra4note,vte1_0.d2extra5,vte1_0.d2extra5name,vte1_0.d2extra5note,vte1_0.d3extra1,vte1_0.d3extra1name,vte1_0.d3extra1note,vte1_0.d3extra2,vte1_0.d3extra2name,vte1_0.d3extra2note,vte1_0.d3extra3,vte1_0.d3extra3name,vte1_0.d3extra3note,vte1_0.d3extra4,vte1_0.d3extra4name,vte1_0.d3extra4note,vte1_0.d3extra5,vte1_0.d3extra5name,vte1_0.d3extra5note,vte1_0.d3init_product,vte1_0.d3init_product_note,vte1_0.d3rent,vte1_0.d3rent_note,vte1_0.deposit_amount,vte1_0.insert_timestamp,vte1_0.owner,vte1_0.phone,vte1_0.sales_profit,vte1_0.settle_amount,vte1_0.settlement_amount,vte1_0.settlement_cd,vte1_0.settlement_title,vte1_0.settlement_ymd,vte1_0.src_a1card,vte1_0.src_a1cash,vte1_0.src_b1electricity,vte1_0.src_b3material,vte1_0.src_c1card_fee,vte1_0.src_d1material,vte1_0.store_code,vte1_0.store_name,vte1_0.update_timestamp from cnco.vsettlement_total vte1_0 where vte1_0.pkey=?] [ERROR: column vte1_0.settle_amount does not exist
  Position: 3893] [n/a]; SQL [n/a]
	at org.springframework.orm.jpa.vendor.HibernateJpaDialect.convertHibernateAccessException(HibernateJpaDialect.java:277)
	at org.springframework.orm.jpa.vendor.HibernateJpaDialect.translateExceptionIfPossible(HibernateJpaDialect.java:241)
	at org.springframework.orm.jpa.AbstractEntityManagerFactoryBean.translateExceptionIfPossible(AbstractEntityManagerFactoryBean.java:550)
	at org.springframework.dao.support.ChainedPersistenceExceptionTranslator.translateExceptionIfPossible(ChainedPersistenceExceptionTranslator.java:61)
	at org.springframework.dao.support.DataAccessUtils.translateIfNecessary(DataAccessUtils.java:335)
	at org.springframework.dao.support.PersistenceExceptionTranslationInterceptor.invoke(PersistenceExceptionTranslationInterceptor.java:152)
	at org.springframework.aop.framework.ReflectiveMethodInvocation.proceed(ReflectiveMethodInvocation.java:184)
	at org.springframework.data.jpa.repository.support.CrudMethodMetadataPostProcessor$CrudMethodMetadataPopulatingMethodInterceptor.invoke(CrudMethodMetadataPostProcessor.java:164)
	at org.springframework.aop.framework.ReflectiveMethodInvocation.proceed(ReflectiveMethodInvocation.java:184)
	at org.springframework.aop.interceptor.ExposeInvocationInterceptor.invoke(ExposeInvocationInterceptor.java:97)
	at org.springframework.aop.framework.ReflectiveMethodInvocation.proceed(ReflectiveMethodInvocation.java:184)
	at org.springframework.aop.framework.JdkDynamicAopProxy.invoke(JdkDynamicAopProxy.java:249)
	at jdk.proxy2/jdk.proxy2.$Proxy146.findById(Unknown Source)
	at com.example.cco.settlement.SettlementServiceImpl.getSettlementDetail(SettlementServiceImpl.java:564)
	at java.base/jdk.internal.reflect.NativeMethodAccessorImpl.invoke0(Native Method)
	at java.base/jdk.internal.reflect.NativeMethodAccessorImpl.invoke(NativeMethodAccessorImpl.java:77)
	at java.base/jdk.internal.reflect.DelegatingMethodAccessorImpl.invoke(DelegatingMethodAccessorImpl.java:43)
	at java.base/java.lang.reflect.Method.invoke(Method.java:569)
	at org.springframework.aop.support.AopUtils.invokeJoinpointUsingReflection(AopUtils.java:352)
	at org.springframework.aop.framework.ReflectiveMethodInvocation.invokeJoinpoint(ReflectiveMethodInvocation.java:196)
	at org.springframework.aop.framework.ReflectiveMethodInvocation.proceed(ReflectiveMethodInvocation.java:163)
	at org.springframework.aop.framework.CglibAopProxy$CglibMethodInvocation.proceed(CglibAopProxy.java:765)
	at org.springframework.transaction.interceptor.TransactionInterceptor$1.proceedWithInvocation(TransactionInterceptor.java:123)
	at org.springframework.transaction.interceptor.TransactionAspectSupport.invokeWithinTransaction(TransactionAspectSupport.java:385)
	at org.springframework.transaction.interceptor.TransactionInterceptor.invoke(TransactionInterceptor.java:119)
	at org.springframework.aop.framework.ReflectiveMethodInvocation.proceed(ReflectiveMethodInvocation.java:184)
	at org.springframework.aop.framework.CglibAopProxy$CglibMethodInvocation.proceed(CglibAopProxy.java:765)
	at org.springframework.aop.framework.CglibAopProxy$DynamicAdvisedInterceptor.intercept(CglibAopProxy.java:717)
	at com.example.cco.settlement.SettlementServiceImpl$$SpringCGLIB$$0.getSettlementDetail(<generated>)
	at com.example.cco.settlement.SettlementController.getSettlementDetail(SettlementController.java:79)
	at java.base/jdk.internal.reflect.NativeMethodAccessorImpl.invoke0(Native Method)
	at java.base/jdk.internal.reflect.NativeMethodAccessorImpl.invoke(NativeMethodAccessorImpl.java:77)
	at java.base/jdk.internal.reflect.DelegatingMethodAccessorImpl.invoke(DelegatingMethodAccessorImpl.java:43)
	at java.base/java.lang.reflect.Method.invoke(Method.java:569)
	at org.springframework.web.method.support.InvocableHandlerMethod.doInvoke(InvocableHandlerMethod.java:254)
	at org.springframework.web.method.support.InvocableHandlerMethod.invokeForRequest(InvocableHandlerMethod.java:182)
	at org.springframework.web.servlet.mvc.method.annotation.ServletInvocableHandlerMethod.invokeAndHandle(ServletInvocableHandlerMethod.java:118)
	at org.springframework.web.servlet.mvc.method.annotation.RequestMappingHandlerAdapter.invokeHandlerMethod(RequestMappingHandlerAdapter.java:917)
	at org.springframework.web.servlet.mvc.method.annotation.RequestMappingHandlerAdapter.handleInternal(RequestMappingHandlerAdapter.java:829)
	at org.springframework.web.servlet.mvc.method.AbstractHandlerMethodAdapter.handle(AbstractHandlerMethodAdapter.java:87)
	at org.springframework.web.servlet.DispatcherServlet.doDispatch(DispatcherServlet.java:1089)
	at org.springframework.web.servlet.DispatcherServlet.doService(DispatcherServlet.java:979)
	at org.springframework.web.servlet.FrameworkServlet.processRequest(FrameworkServlet.java:1014)
	at org.springframework.web.servlet.FrameworkServlet.doGet(FrameworkServlet.java:903)
	at jakarta.servlet.http.HttpServlet.service(HttpServlet.java:564)
	at org.springframework.web.servlet.FrameworkServlet.service(FrameworkServlet.java:885)
	at jakarta.servlet.http.HttpServlet.service(HttpServlet.java:658)
	at org.apache.catalina.core.ApplicationFilterChain.internalDoFilter(ApplicationFilterChain.java:205)
	at org.apache.catalina.core.ApplicationFilterChain.doFilter(ApplicationFilterChain.java:149)
	at org.apache.tomcat.websocket.server.WsFilter.doFilter(WsFilter.java:51)
	at org.apache.catalina.core.ApplicationFilterChain.internalDoFilter(ApplicationFilterChain.java:174)
	at org.apache.catalina.core.ApplicationFilterChain.doFilter(ApplicationFilterChain.java:149)
	at org.springframework.security.web.FilterChainProxy.lambda$doFilterInternal$3(FilterChainProxy.java:231)
	at org.springframework.security.web.FilterChainProxy$VirtualFilterChain.doFilter(FilterChainProxy.java:365)
	at org.springframework.security.web.access.intercept.AuthorizationFilter.doFilter(AuthorizationFilter.java:100)
	at org.springframework.security.web.FilterChainProxy$VirtualFilterChain.doFilter(FilterChainProxy.java:374)
	at org.springframework.security.web.access.ExceptionTranslationFilter.doFilter(ExceptionTranslationFilter.java:126)
	at org.springframework.security.web.access.ExceptionTranslationFilter.doFilter(ExceptionTranslationFilter.java:120)
	at org.springframework.security.web.FilterChainProxy$VirtualFilterChain.doFilter(FilterChainProxy.java:374)
	at org.springframework.security.web.session.SessionManagementFilter.doFilter(SessionManagementFilter.java:131)
	at org.springframework.security.web.session.SessionManagementFilter.doFilter(SessionManagementFilter.java:85)
	at org.springframework.security.web.FilterChainProxy$VirtualFilterChain.doFilter(FilterChainProxy.java:374)
	at org.springframework.security.web.authentication.AnonymousAuthenticationFilter.doFilter(AnonymousAuthenticationFilter.java:100)
	at org.springframework.security.web.FilterChainProxy$VirtualFilterChain.doFilter(FilterChainProxy.java:374)
	at org.springframework.security.web.servletapi.SecurityContextHolderAwareRequestFilter.doFilter(SecurityContextHolderAwareRequestFilter.java:179)
	at org.springframework.security.web.FilterChainProxy$VirtualFilterChain.doFilter(FilterChainProxy.java:374)
	at org.springframework.security.web.savedrequest.RequestCacheAwareFilter.doFilter(RequestCacheAwareFilter.java:63)
	at org.springframework.security.web.FilterChainProxy$VirtualFilterChain.doFilter(FilterChainProxy.java:374)
	at org.springframework.security.web.authentication.AbstractAuthenticationProcessingFilter.doFilter(AbstractAuthenticationProcessingFilter.java:227)
	at org.springframework.security.web.authentication.AbstractAuthenticationProcessingFilter.doFilter(AbstractAuthenticationProcessingFilter.java:221)
	at org.springframework.security.web.FilterChainProxy$VirtualFilterChain.doFilter(FilterChainProxy.java:374)
	at com.example.cco.security.JwtAuthorizationFilter.doFilterInternal(JwtAuthorizationFilter.java:48)
	at org.springframework.web.filter.OncePerRequestFilter.doFilter(OncePerRequestFilter.java:116)
	at org.springframework.security.web.FilterChainProxy$VirtualFilterChain.doFilter(FilterChainProxy.java:374)
	at org.springframework.security.web.authentication.logout.LogoutFilter.doFilter(LogoutFilter.java:107)
	at org.springframework.security.web.authentication.logout.LogoutFilter.doFilter(LogoutFilter.java:93)
	at org.springframework.security.web.FilterChainProxy$VirtualFilterChain.doFilter(FilterChainProxy.java:374)
	at org.springframework.web.filter.CorsFilter.doFilterInternal(CorsFilter.java:91)
	at org.springframework.web.filter.OncePerRequestFilter.doFilter(OncePerRequestFilter.java:116)
	at org.springframework.security.web.FilterChainProxy$VirtualFilterChain.doFilter(FilterChainProxy.java:374)
	at org.springframework.security.web.header.HeaderWriterFilter.doHeadersAfter(HeaderWriterFilter.java:90)
	at org.springframework.security.web.header.HeaderWriterFilter.doFilterInternal(HeaderWriterFilter.java:75)
	at org.springframework.web.filter.OncePerRequestFilter.doFilter(OncePerRequestFilter.java:116)
	at org.springframework.security.web.FilterChainProxy$VirtualFilterChain.doFilter(FilterChainProxy.java:374)
	at org.springframework.security.web.context.SecurityContextHolderFilter.doFilter(SecurityContextHolderFilter.java:82)
	at org.springframework.security.web.context.SecurityContextHolderFilter.doFilter(SecurityContextHolderFilter.java:69)
	at org.springframework.security.web.FilterChainProxy$VirtualFilterChain.doFilter(FilterChainProxy.java:374)
	at org.springframework.security.web.context.request.async.WebAsyncManagerIntegrationFilter.doFilterInternal(WebAsyncManagerIntegrationFilter.java:62)
	at org.springframework.web.filter.OncePerRequestFilter.doFilter(OncePerRequestFilter.java:116)
	at org.springframework.security.web.FilterChainProxy$VirtualFilterChain.doFilter(FilterChainProxy.java:374)
	at org.springframework.security.web.session.DisableEncodeUrlFilter.doFilterInternal(DisableEncodeUrlFilter.java:42)
	at org.springframework.web.filter.OncePerRequestFilter.doFilter(OncePerRequestFilter.java:116)
	at org.springframework.security.web.FilterChainProxy$VirtualFilterChain.doFilter(FilterChainProxy.java:374)
	at org.springframework.security.web.FilterChainProxy.doFilterInternal(FilterChainProxy.java:233)
	at org.springframework.security.web.FilterChainProxy.doFilter(FilterChainProxy.java:191)
	at org.springframework.web.filter.DelegatingFilterProxy.invokeDelegate(DelegatingFilterProxy.java:352)
	at org.springframework.web.filter.DelegatingFilterProxy.doFilter(DelegatingFilterProxy.java:268)
	at org.apache.catalina.core.ApplicationFilterChain.internalDoFilter(ApplicationFilterChain.java:174)
	at org.apache.catalina.core.ApplicationFilterChain.doFilter(ApplicationFilterChain.java:149)
	at org.springframework.web.filter.RequestContextFilter.doFilterInternal(RequestContextFilter.java:100)
	at org.springframework.web.filter.OncePerRequestFilter.doFilter(OncePerRequestFilter.java:116)
	at org.apache.catalina.core.ApplicationFilterChain.internalDoFilter(ApplicationFilterChain.java:174)
	at org.apache.catalina.core.ApplicationFilterChain.doFilter(ApplicationFilterChain.java:149)
	at org.springframework.web.filter.FormContentFilter.doFilterInternal(FormContentFilter.java:93)
	at org.springframework.web.filter.OncePerRequestFilter.doFilter(OncePerRequestFilter.java:116)
	at org.apache.catalina.core.ApplicationFilterChain.internalDoFilter(ApplicationFilterChain.java:174)
	at org.apache.catalina.core.ApplicationFilterChain.doFilter(ApplicationFilterChain.java:149)
	at org.springframework.web.filter.CharacterEncodingFilter.doFilterInternal(CharacterEncodingFilter.java:201)
	at org.springframework.web.filter.OncePerRequestFilter.doFilter(OncePerRequestFilter.java:116)
	at org.apache.catalina.core.ApplicationFilterChain.internalDoFilter(ApplicationFilterChain.java:174)
	at org.apache.catalina.core.ApplicationFilterChain.doFilter(ApplicationFilterChain.java:149)
	at org.apache.catalina.core.StandardWrapperValve.invoke(StandardWrapperValve.java:167)
	at org.apache.catalina.core.StandardContextValve.invoke(StandardContextValve.java:90)
	at org.apache.catalina.authenticator.AuthenticatorBase.invoke(AuthenticatorBase.java:482)
	at org.apache.catalina.core.StandardHostValve.invoke(StandardHostValve.java:115)
	at org.apache.catalina.valves.ErrorReportValve.invoke(ErrorReportValve.java:93)
	at org.apache.catalina.core.StandardEngineValve.invoke(StandardEngineValve.java:74)
	at org.apache.catalina.connector.CoyoteAdapter.service(CoyoteAdapter.java:340)
	at org.apache.coyote.http11.Http11Processor.service(Http11Processor.java:391)
	at org.apache.coyote.AbstractProcessorLight.process(AbstractProcessorLight.java:63)
	at org.apache.coyote.AbstractProtocol$ConnectionHandler.process(AbstractProtocol.java:896)
	at org.apache.tomcat.util.net.NioEndpoint$SocketProcessor.doRun(NioEndpoint.java:1744)
	at org.apache.tomcat.util.net.SocketProcessorBase.run(SocketProcessorBase.java:52)
	at org.apache.tomcat.util.threads.ThreadPoolExecutor.runWorker(ThreadPoolExecutor.java:1191)
	at org.apache.tomcat.util.threads.ThreadPoolExecutor$Worker.run(ThreadPoolExecutor.java:659)
	at org.apache.tomcat.util.threads.TaskThread$WrappingRunnable.run(TaskThread.java:61)
	at java.base/java.lang.Thread.run(Thread.java:840)
Caused by: org.hibernate.exception.SQLGrammarException: JDBC exception executing SQL [select vte1_0.pkey,vte1_0.a1card,vte1_0.a1card_note,vte1_0.a1cash,vte1_0.a1cash_note,vte1_0.a1extra1,vte1_0.a1extra1name,vte1_0.a1extra1note,vte1_0.a1extra2,vte1_0.a1extra2name,vte1_0.a1extra2note,vte1_0.a1extra3,vte1_0.a1extra3name,vte1_0.a1extra3note,vte1_0.a1extra4,vte1_0.a1extra4name,vte1_0.a1extra4note,vte1_0.a1extra5,vte1_0.a1extra5name,vte1_0.a1extra5note,vte1_0.a1tax,vte1_0.a1tax_note,vte1_0.active_yn,vte1_0.a_total,vte1_0.b1electricity,vte1_0.b1electricity_note,vte1_0.b1etc_expense,vte1_0.b1etc_expense_note,vte1_0.b1extra1,vte1_0.b1extra1name,vte1_0.b1extra1note,vte1_0.b1extra2,vte1_0.b1extra2name,vte1_0.b1extra2note,vte1_0.b1extra3,vte1_0.b1extra3name,vte1_0.b1extra3note,vte1_0.b1extra4,vte1_0.b1extra4name,vte1_0.b1extra4note,vte1_0.b1extra5,vte1_0.b1extra5name,vte1_0.b1extra5note,vte1_0.b1gas,vte1_0.b1gas_note,vte1_0.b1internet,vte1_0.b1internet_note,vte1_0.b1maint,vte1_0.b1maint_note,vte1_0.b1rent,vte1_0.b1rent_note,vte1_0.b2charge,vte1_0.b2charge_note,vte1_0.b3etc,vte1_0.b3etc_note,vte1_0.b3extra1,vte1_0.b3extra1name,vte1_0.b3extra1note,vte1_0.b3extra2,vte1_0.b3extra2name,vte1_0.b3extra2note,vte1_0.b3extra3,vte1_0.b3extra3name,vte1_0.b3extra3note,vte1_0.b3extra4,vte1_0.b3extra4name,vte1_0.b3extra4note,vte1_0.b3extra5,vte1_0.b3extra5name,vte1_0.b3extra5note,vte1_0.b3material,vte1_0.b3material_note,vte1_0.b4donation,vte1_0.b4donation_note,vte1_0.b4extra1,vte1_0.b4extra1name,vte1_0.b4extra1note,vte1_0.b4extra2,vte1_0.b4extra2name,vte1_0.b4extra2note,vte1_0.b4extra3,vte1_0.b4extra3name,vte1_0.b4extra3note,vte1_0.b4extra4,vte1_0.b4extra4name,vte1_0.b4extra4note,vte1_0.b4extra5,vte1_0.b4extra5name,vte1_0.b4extra5note,vte1_0.b4init_product,vte1_0.b4init_product_note,vte1_0.bank,vte1_0.bank_account,vte1_0.bank_account_number,vte1_0.brand_cd,vte1_0.brand_name,vte1_0.b_total,vte1_0.c1card_fee,vte1_0.c1card_fee_note,vte1_0.c1electricity,vte1_0.c1electricity_note,vte1_0.c1etc_expense,vte1_0.c1etc_expense_note,vte1_0.c1extra1,vte1_0.c1extra1name,vte1_0.c1extra1note,vte1_0.c1extra2,vte1_0.c1extra2name,vte1_0.c1extra2note,vte1_0.c1extra3,vte1_0.c1extra3name,vte1_0.c1extra3note,vte1_0.c1extra4,vte1_0.c1extra4name,vte1_0.c1extra4note,vte1_0.c1extra5,vte1_0.c1extra5name,vte1_0.c1extra5note,vte1_0.c1gas,vte1_0.c1gas_note,vte1_0.c1insurance,vte1_0.c1insurance_note,vte1_0.c1rent,vte1_0.c1rent_note,vte1_0.c1water,vte1_0.c1water_note,vte1_0.c2extra1,vte1_0.c2extra1name,vte1_0.c2extra1note,vte1_0.c2extra2,vte1_0.c2extra2name,vte1_0.c2extra2note,vte1_0.c2extra3,vte1_0.c2extra3name,vte1_0.c2extra3note,vte1_0.c2extra4,vte1_0.c2extra4name,vte1_0.c2extra4note,vte1_0.c2extra5,vte1_0.c2extra5name,vte1_0.c2extra5note,vte1_0.c2interest_cost,vte1_0.c2interest_cost_note,vte1_0.closed_yn,vte1_0.d1carryover,vte1_0.d1carryover_note,vte1_0.d1extra1,vte1_0.d1extra1name,vte1_0.d1extra1note,vte1_0.d1extra2,vte1_0.d1extra2name,vte1_0.d1extra2note,vte1_0.d1extra3,vte1_0.d1extra3name,vte1_0.d1extra3note,vte1_0.d1extra4,vte1_0.d1extra4name,vte1_0.d1extra4note,vte1_0.d1extra5,vte1_0.d1extra5name,vte1_0.d1extra5note,vte1_0.d1material,vte1_0.d1material_note,vte1_0.d1store_maint,vte1_0.d1store_maint_note,vte1_0.d2cash,vte1_0.d2cash_note,vte1_0.d2extra1,vte1_0.d2extra1name,vte1_0.d2extra1note,vte1_0.d2extra2,vte1_0.d2extra2name,vte1_0.d2extra2note,vte1_0.d2extra3,vte1_0.d2extra3name,vte1_0.d2extra3note,vte1_0.d2extra4,vte1_0.d2extra4name,vte1_0.d2extra4note,vte1_0.d2extra5,vte1_0.d2extra5name,vte1_0.d2extra5note,vte1_0.d3extra1,vte1_0.d3extra1name,vte1_0.d3extra1note,vte1_0.d3extra2,vte1_0.d3extra2name,vte1_0.d3extra2note,vte1_0.d3extra3,vte1_0.d3extra3name,vte1_0.d3extra3note,vte1_0.d3extra4,vte1_0.d3extra4name,vte1_0.d3extra4note,vte1_0.d3extra5,vte1_0.d3extra5name,vte1_0.d3extra5note,vte1_0.d3init_product,vte1_0.d3init_product_note,vte1_0.d3rent,vte1_0.d3rent_note,vte1_0.deposit_amount,vte1_0.insert_timestamp,vte1_0.owner,vte1_0.phone,vte1_0.sales_profit,vte1_0.settle_amount,vte1_0.settlement_amount,vte1_0.settlement_cd,vte1_0.settlement_title,vte1_0.settlement_ymd,vte1_0.src_a1card,vte1_0.src_a1cash,vte1_0.src_b1electricity,vte1_0.src_b3material,vte1_0.src_c1card_fee,vte1_0.src_d1material,vte1_0.store_code,vte1_0.store_name,vte1_0.update_timestamp from cnco.vsettlement_total vte1_0 where vte1_0.pkey=?] [ERROR: column vte1_0.settle_amount does not exist
  Position: 3893] [n/a]
	at org.hibernate.exception.internal.SQLStateConversionDelegate.convert(SQLStateConversionDelegate.java:91)
	at org.hibernate.exception.internal.StandardSQLExceptionConverter.convert(StandardSQLExceptionConverter.java:58)
	at org.hibernate.engine.jdbc.spi.SqlExceptionHelper.convert(SqlExceptionHelper.java:108)
	at org.hibernate.engine.jdbc.spi.SqlExceptionHelper.convert(SqlExceptionHelper.java:94)
	at org.hibernate.sql.results.jdbc.internal.DeferredResultSetAccess.executeQuery(DeferredResultSetAccess.java:258)
	at org.hibernate.sql.results.jdbc.internal.DeferredResultSetAccess.getResultSet(DeferredResultSetAccess.java:164)
	at org.hibernate.sql.results.jdbc.internal.JdbcValuesResultSetImpl.advanceNext(JdbcValuesResultSetImpl.java:218)
	at org.hibernate.sql.results.jdbc.internal.JdbcValuesResultSetImpl.processNext(JdbcValuesResultSetImpl.java:98)
	at org.hibernate.sql.results.jdbc.internal.AbstractJdbcValues.next(AbstractJdbcValues.java:19)
	at org.hibernate.sql.results.internal.RowProcessingStateStandardImpl.next(RowProcessingStateStandardImpl.java:66)
	at org.hibernate.sql.results.spi.ListResultsConsumer.consume(ListResultsConsumer.java:186)
	at org.hibernate.sql.results.spi.ListResultsConsumer.consume(ListResultsConsumer.java:33)
	at org.hibernate.sql.exec.internal.JdbcSelectExecutorStandardImpl.doExecuteQuery(JdbcSelectExecutorStandardImpl.java:361)
	at org.hibernate.sql.exec.internal.JdbcSelectExecutorStandardImpl.executeQuery(JdbcSelectExecutorStandardImpl.java:168)
	at org.hibernate.sql.exec.internal.JdbcSelectExecutorStandardImpl.list(JdbcSelectExecutorStandardImpl.java:93)
	at org.hibernate.sql.exec.spi.JdbcSelectExecutor.list(JdbcSelectExecutor.java:31)
	at org.hibernate.loader.ast.internal.SingleIdLoadPlan.load(SingleIdLoadPlan.java:145)
	at org.hibernate.loader.ast.internal.SingleIdLoadPlan.load(SingleIdLoadPlan.java:117)
	at org.hibernate.loader.ast.internal.SingleIdEntityLoaderStandardImpl.load(SingleIdEntityLoaderStandardImpl.java:75)
	at org.hibernate.persister.entity.AbstractEntityPersister.doLoad(AbstractEntityPersister.java:3673)
	at org.hibernate.persister.entity.AbstractEntityPersister.load(AbstractEntityPersister.java:3662)
	at org.hibernate.event.internal.DefaultLoadEventListener.loadFromDatasource(DefaultLoadEventListener.java:591)
	at org.hibernate.event.internal.DefaultLoadEventListener.loadFromCacheOrDatasource(DefaultLoadEventListener.java:577)
	at org.hibernate.event.internal.DefaultLoadEventListener.load(DefaultLoadEventListener.java:547)
	at org.hibernate.event.internal.DefaultLoadEventListener.doLoad(DefaultLoadEventListener.java:531)
	at org.hibernate.event.internal.DefaultLoadEventListener.load(DefaultLoadEventListener.java:206)
	at org.hibernate.event.internal.DefaultLoadEventListener.loadWithRegularProxy(DefaultLoadEventListener.java:286)
	at org.hibernate.event.internal.DefaultLoadEventListener.proxyOrLoad(DefaultLoadEventListener.java:241)
	at org.hibernate.event.internal.DefaultLoadEventListener.doOnLoad(DefaultLoadEventListener.java:110)
	at org.hibernate.event.internal.DefaultLoadEventListener.onLoad(DefaultLoadEventListener.java:67)
	at org.hibernate.event.service.internal.EventListenerGroupImpl.fireEventOnEachListener(EventListenerGroupImpl.java:138)
	at org.hibernate.internal.SessionImpl.fireLoadNoChecks(SessionImpl.java:1234)
	at org.hibernate.internal.SessionImpl.fireLoad(SessionImpl.java:1222)
	at org.hibernate.loader.internal.IdentifierLoadAccessImpl.load(IdentifierLoadAccessImpl.java:209)
	at org.hibernate.loader.internal.IdentifierLoadAccessImpl.doLoad(IdentifierLoadAccessImpl.java:160)
	at org.hibernate.loader.internal.IdentifierLoadAccessImpl.lambda$load$1(IdentifierLoadAccessImpl.java:149)
	at org.hibernate.loader.internal.IdentifierLoadAccessImpl.perform(IdentifierLoadAccessImpl.java:112)
	at org.hibernate.loader.internal.IdentifierLoadAccessImpl.load(IdentifierLoadAccessImpl.java:149)
	at org.hibernate.internal.SessionImpl.find(SessionImpl.java:2430)
	at org.hibernate.internal.SessionImpl.find(SessionImpl.java:2401)
	at jdk.internal.reflect.GeneratedMethodAccessor65.invoke(Unknown Source)
	at java.base/jdk.internal.reflect.DelegatingMethodAccessorImpl.invoke(DelegatingMethodAccessorImpl.java:43)
	at java.base/java.lang.reflect.Method.invoke(Method.java:569)
	at org.springframework.orm.jpa.ExtendedEntityManagerCreator$ExtendedEntityManagerInvocationHandler.invoke(ExtendedEntityManagerCreator.java:360)
	at jdk.proxy2/jdk.proxy2.$Proxy134.find(Unknown Source)
	at jdk.internal.reflect.GeneratedMethodAccessor65.invoke(Unknown Source)
	at java.base/jdk.internal.reflect.DelegatingMethodAccessorImpl.invoke(DelegatingMethodAccessorImpl.java:43)
	at java.base/java.lang.reflect.Method.invoke(Method.java:569)
	at org.springframework.orm.jpa.SharedEntityManagerCreator$SharedEntityManagerInvocationHandler.invoke(SharedEntityManagerCreator.java:311)
	at jdk.proxy2/jdk.proxy2.$Proxy134.find(Unknown Source)
	at org.springframework.data.jpa.repository.support.SimpleJpaRepository.findById(SimpleJpaRepository.java:313)
	at java.base/jdk.internal.reflect.NativeMethodAccessorImpl.invoke0(Native Method)
	at java.base/jdk.internal.reflect.NativeMethodAccessorImpl.invoke(NativeMethodAccessorImpl.java:77)
	at java.base/jdk.internal.reflect.DelegatingMethodAccessorImpl.invoke(DelegatingMethodAccessorImpl.java:43)
	at java.base/java.lang.reflect.Method.invoke(Method.java:569)
	at org.springframework.aop.support.AopUtils.invokeJoinpointUsingReflection(AopUtils.java:352)
	at org.springframework.data.repository.core.support.RepositoryMethodInvoker$RepositoryFragmentMethodInvoker.lambda$new$0(RepositoryMethodInvoker.java:277)
	at org.springframework.data.repository.core.support.RepositoryMethodInvoker.doInvoke(RepositoryMethodInvoker.java:170)
	at org.springframework.data.repository.core.support.RepositoryMethodInvoker.invoke(RepositoryMethodInvoker.java:158)
	at org.springframework.data.repository.core.support.RepositoryComposition$RepositoryFragments.invoke(RepositoryComposition.java:516)
	at org.springframework.data.repository.core.support.RepositoryComposition.invoke(RepositoryComposition.java:285)
	at org.springframework.data.repository.core.support.RepositoryFactorySupport$ImplementationMethodExecutionInterceptor.invoke(RepositoryFactorySupport.java:628)
	at org.springframework.aop.framework.ReflectiveMethodInvocation.proceed(ReflectiveMethodInvocation.java:184)
	at org.springframework.data.repository.core.support.QueryExecutorMethodInterceptor.doInvoke(QueryExecutorMethodInterceptor.java:168)
	at org.springframework.data.repository.core.support.QueryExecutorMethodInterceptor.invoke(QueryExecutorMethodInterceptor.java:143)
	at org.springframework.aop.framework.ReflectiveMethodInvocation.proceed(ReflectiveMethodInvocation.java:184)
	at org.springframework.data.projection.DefaultMethodInvokingMethodInterceptor.invoke(DefaultMethodInvokingMethodInterceptor.java:70)
	at org.springframework.aop.framework.ReflectiveMethodInvocation.proceed(ReflectiveMethodInvocation.java:184)
	at org.springframework.transaction.interceptor.TransactionInterceptor$1.proceedWithInvocation(TransactionInterceptor.java:123)
	at org.springframework.transaction.interceptor.TransactionAspectSupport.invokeWithinTransaction(TransactionAspectSupport.java:385)
	at org.springframework.transaction.interceptor.TransactionInterceptor.invoke(TransactionInterceptor.java:119)
	at org.springframework.aop.framework.ReflectiveMethodInvocation.proceed(ReflectiveMethodInvocation.java:184)
	at org.springframework.dao.support.PersistenceExceptionTranslationInterceptor.invoke(PersistenceExceptionTranslationInterceptor.java:137)
	... 121 more
Caused by: org.postgresql.util.PSQLException: ERROR: column vte1_0.settle_amount does not exist
  Position: 3893
	at org.postgresql.core.v3.QueryExecutorImpl.receiveErrorResponse(QueryExecutorImpl.java:2713)
	at org.postgresql.core.v3.QueryExecutorImpl.processResults(QueryExecutorImpl.java:2401)
	at org.postgresql.core.v3.QueryExecutorImpl.execute(QueryExecutorImpl.java:368)
	at org.postgresql.jdbc.PgStatement.executeInternal(PgStatement.java:498)
	at org.postgresql.jdbc.PgStatement.execute(PgStatement.java:415)
	at org.postgresql.jdbc.PgPreparedStatement.executeWithFlags(PgPreparedStatement.java:190)
	at org.postgresql.jdbc.PgPreparedStatement.executeQuery(PgPreparedStatement.java:134)
	at com.zaxxer.hikari.pool.ProxyPreparedStatement.executeQuery(ProxyPreparedStatement.java:52)
	at com.zaxxer.hikari.pool.HikariProxyPreparedStatement.executeQuery(HikariProxyPreparedStatement.java)
	at org.hibernate.sql.results.jdbc.internal.DeferredResultSetAccess.executeQuery(DeferredResultSetAccess.java:240)
	... 189 more

2025-04-30T08:41:05.266+09:00  INFO 16156 --- [http-nio-4080-exec-8] c.e.cco.security.JwtAuthorizationFilter  : token =eyJhbGciOiJIUzUxMiJ9.eyJzdWIiOiJhZG1pbiIsInJvbGUiOiJBRE1JTiIsImlhdCI6MTc0NTk2OTIzNywiZXhwIjoxNzQ1OTk4MDM3fQ.wiA_QqMmtrXJb4uNDkhaCfIK3bC8lZxSd3ID7_G7j-8l50Fxom-SdwSZGTmZp6ugeUaqXdXNiH8-1-s7fcZFCw
2025-04-30T08:41:05.267+09:00  INFO 16156 --- [http-nio-4080-exec-8] c.example.cco.security.JwtTokenProvider  : Wed Apr 30 08:41:05 KST 2025
2025-04-30T08:41:05.268+09:00  INFO 16156 --- [http-nio-4080-exec-8] c.example.cco.security.JwtTokenProvider  : false
2025-04-30T08:41:05.280+09:00  WARN 16156 --- [http-nio-4080-exec-8] o.h.engine.jdbc.spi.SqlExceptionHelper   : SQL Error: 0, SQLState: 42703
2025-04-30T08:41:05.280+09:00 ERROR 16156 --- [http-nio-4080-exec-8] o.h.engine.jdbc.spi.SqlExceptionHelper   : ERROR: column vte1_0.settle_amount does not exist
  Position: 3893
2025-04-30T08:41:05.280+09:00  INFO 16156 --- [http-nio-4080-exec-8] o.h.e.internal.DefaultLoadEventListener  : HHH000327: Error performing load command

org.hibernate.exception.SQLGrammarException: JDBC exception executing SQL [select vte1_0.pkey,vte1_0.a1card,vte1_0.a1card_note,vte1_0.a1cash,vte1_0.a1cash_note,vte1_0.a1extra1,vte1_0.a1extra1name,vte1_0.a1extra1note,vte1_0.a1extra2,vte1_0.a1extra2name,vte1_0.a1extra2note,vte1_0.a1extra3,vte1_0.a1extra3name,vte1_0.a1extra3note,vte1_0.a1extra4,vte1_0.a1extra4name,vte1_0.a1extra4note,vte1_0.a1extra5,vte1_0.a1extra5name,vte1_0.a1extra5note,vte1_0.a1tax,vte1_0.a1tax_note,vte1_0.active_yn,vte1_0.a_total,vte1_0.b1electricity,vte1_0.b1electricity_note,vte1_0.b1etc_expense,vte1_0.b1etc_expense_note,vte1_0.b1extra1,vte1_0.b1extra1name,vte1_0.b1extra1note,vte1_0.b1extra2,vte1_0.b1extra2name,vte1_0.b1extra2note,vte1_0.b1extra3,vte1_0.b1extra3name,vte1_0.b1extra3note,vte1_0.b1extra4,vte1_0.b1extra4name,vte1_0.b1extra4note,vte1_0.b1extra5,vte1_0.b1extra5name,vte1_0.b1extra5note,vte1_0.b1gas,vte1_0.b1gas_note,vte1_0.b1internet,vte1_0.b1internet_note,vte1_0.b1maint,vte1_0.b1maint_note,vte1_0.b1rent,vte1_0.b1rent_note,vte1_0.b2charge,vte1_0.b2charge_note,vte1_0.b3etc,vte1_0.b3etc_note,vte1_0.b3extra1,vte1_0.b3extra1name,vte1_0.b3extra1note,vte1_0.b3extra2,vte1_0.b3extra2name,vte1_0.b3extra2note,vte1_0.b3extra3,vte1_0.b3extra3name,vte1_0.b3extra3note,vte1_0.b3extra4,vte1_0.b3extra4name,vte1_0.b3extra4note,vte1_0.b3extra5,vte1_0.b3extra5name,vte1_0.b3extra5note,vte1_0.b3material,vte1_0.b3material_note,vte1_0.b4donation,vte1_0.b4donation_note,vte1_0.b4extra1,vte1_0.b4extra1name,vte1_0.b4extra1note,vte1_0.b4extra2,vte1_0.b4extra2name,vte1_0.b4extra2note,vte1_0.b4extra3,vte1_0.b4extra3name,vte1_0.b4extra3note,vte1_0.b4extra4,vte1_0.b4extra4name,vte1_0.b4extra4note,vte1_0.b4extra5,vte1_0.b4extra5name,vte1_0.b4extra5note,vte1_0.b4init_product,vte1_0.b4init_product_note,vte1_0.bank,vte1_0.bank_account,vte1_0.bank_account_number,vte1_0.brand_cd,vte1_0.brand_name,vte1_0.b_total,vte1_0.c1card_fee,vte1_0.c1card_fee_note,vte1_0.c1electricity,vte1_0.c1electricity_note,vte1_0.c1etc_expense,vte1_0.c1etc_expense_note,vte1_0.c1extra1,vte1_0.c1extra1name,vte1_0.c1extra1note,vte1_0.c1extra2,vte1_0.c1extra2name,vte1_0.c1extra2note,vte1_0.c1extra3,vte1_0.c1extra3name,vte1_0.c1extra3note,vte1_0.c1extra4,vte1_0.c1extra4name,vte1_0.c1extra4note,vte1_0.c1extra5,vte1_0.c1extra5name,vte1_0.c1extra5note,vte1_0.c1gas,vte1_0.c1gas_note,vte1_0.c1insurance,vte1_0.c1insurance_note,vte1_0.c1rent,vte1_0.c1rent_note,vte1_0.c1water,vte1_0.c1water_note,vte1_0.c2extra1,vte1_0.c2extra1name,vte1_0.c2extra1note,vte1_0.c2extra2,vte1_0.c2extra2name,vte1_0.c2extra2note,vte1_0.c2extra3,vte1_0.c2extra3name,vte1_0.c2extra3note,vte1_0.c2extra4,vte1_0.c2extra4name,vte1_0.c2extra4note,vte1_0.c2extra5,vte1_0.c2extra5name,vte1_0.c2extra5note,vte1_0.c2interest_cost,vte1_0.c2interest_cost_note,vte1_0.closed_yn,vte1_0.d1carryover,vte1_0.d1carryover_note,vte1_0.d1extra1,vte1_0.d1extra1name,vte1_0.d1extra1note,vte1_0.d1extra2,vte1_0.d1extra2name,vte1_0.d1extra2note,vte1_0.d1extra3,vte1_0.d1extra3name,vte1_0.d1extra3note,vte1_0.d1extra4,vte1_0.d1extra4name,vte1_0.d1extra4note,vte1_0.d1extra5,vte1_0.d1extra5name,vte1_0.d1extra5note,vte1_0.d1material,vte1_0.d1material_note,vte1_0.d1store_maint,vte1_0.d1store_maint_note,vte1_0.d2cash,vte1_0.d2cash_note,vte1_0.d2extra1,vte1_0.d2extra1name,vte1_0.d2extra1note,vte1_0.d2extra2,vte1_0.d2extra2name,vte1_0.d2extra2note,vte1_0.d2extra3,vte1_0.d2extra3name,vte1_0.d2extra3note,vte1_0.d2extra4,vte1_0.d2extra4name,vte1_0.d2extra4note,vte1_0.d2extra5,vte1_0.d2extra5name,vte1_0.d2extra5note,vte1_0.d3extra1,vte1_0.d3extra1name,vte1_0.d3extra1note,vte1_0.d3extra2,vte1_0.d3extra2name,vte1_0.d3extra2note,vte1_0.d3extra3,vte1_0.d3extra3name,vte1_0.d3extra3note,vte1_0.d3extra4,vte1_0.d3extra4name,vte1_0.d3extra4note,vte1_0.d3extra5,vte1_0.d3extra5name,vte1_0.d3extra5note,vte1_0.d3init_product,vte1_0.d3init_product_note,vte1_0.d3rent,vte1_0.d3rent_note,vte1_0.deposit_amount,vte1_0.insert_timestamp,vte1_0.owner,vte1_0.phone,vte1_0.sales_profit,vte1_0.settle_amount,vte1_0.settlement_amount,vte1_0.settlement_cd,vte1_0.settlement_title,vte1_0.settlement_ymd,vte1_0.src_a1card,vte1_0.src_a1cash,vte1_0.src_b1electricity,vte1_0.src_b3material,vte1_0.src_c1card_fee,vte1_0.src_d1material,vte1_0.store_code,vte1_0.store_name,vte1_0.update_timestamp from cnco.vsettlement_total vte1_0 where vte1_0.pkey=?] [ERROR: column vte1_0.settle_amount does not exist
  Position: 3893] [n/a]
	at org.hibernate.exception.internal.SQLStateConversionDelegate.convert(SQLStateConversionDelegate.java:91) ~[hibernate-core-6.3.1.Final.jar:6.3.1.Final]
	at org.hibernate.exception.internal.StandardSQLExceptionConverter.convert(StandardSQLExceptionConverter.java:58) ~[hibernate-core-6.3.1.Final.jar:6.3.1.Final]
	at org.hibernate.engine.jdbc.spi.SqlExceptionHelper.convert(SqlExceptionHelper.java:108) ~[hibernate-core-6.3.1.Final.jar:6.3.1.Final]
	at org.hibernate.engine.jdbc.spi.SqlExceptionHelper.convert(SqlExceptionHelper.java:94) ~[hibernate-core-6.3.1.Final.jar:6.3.1.Final]
	at org.hibernate.sql.results.jdbc.internal.DeferredResultSetAccess.executeQuery(DeferredResultSetAccess.java:258) ~[hibernate-core-6.3.1.Final.jar:6.3.1.Final]
	at org.hibernate.sql.results.jdbc.internal.DeferredResultSetAccess.getResultSet(DeferredResultSetAccess.java:164) ~[hibernate-core-6.3.1.Final.jar:6.3.1.Final]
	at org.hibernate.sql.results.jdbc.internal.JdbcValuesResultSetImpl.advanceNext(JdbcValuesResultSetImpl.java:218) ~[hibernate-core-6.3.1.Final.jar:6.3.1.Final]
	at org.hibernate.sql.results.jdbc.internal.JdbcValuesResultSetImpl.processNext(JdbcValuesResultSetImpl.java:98) ~[hibernate-core-6.3.1.Final.jar:6.3.1.Final]
	at org.hibernate.sql.results.jdbc.internal.AbstractJdbcValues.next(AbstractJdbcValues.java:19) ~[hibernate-core-6.3.1.Final.jar:6.3.1.Final]
	at org.hibernate.sql.results.internal.RowProcessingStateStandardImpl.next(RowProcessingStateStandardImpl.java:66) ~[hibernate-core-6.3.1.Final.jar:6.3.1.Final]
	at org.hibernate.sql.results.spi.ListResultsConsumer.consume(ListResultsConsumer.java:186) ~[hibernate-core-6.3.1.Final.jar:6.3.1.Final]
	at org.hibernate.sql.results.spi.ListResultsConsumer.consume(ListResultsConsumer.java:33) ~[hibernate-core-6.3.1.Final.jar:6.3.1.Final]
	at org.hibernate.sql.exec.internal.JdbcSelectExecutorStandardImpl.doExecuteQuery(JdbcSelectExecutorStandardImpl.java:361) ~[hibernate-core-6.3.1.Final.jar:6.3.1.Final]
	at org.hibernate.sql.exec.internal.JdbcSelectExecutorStandardImpl.executeQuery(JdbcSelectExecutorStandardImpl.java:168) ~[hibernate-core-6.3.1.Final.jar:6.3.1.Final]
	at org.hibernate.sql.exec.internal.JdbcSelectExecutorStandardImpl.list(JdbcSelectExecutorStandardImpl.java:93) ~[hibernate-core-6.3.1.Final.jar:6.3.1.Final]
	at org.hibernate.sql.exec.spi.JdbcSelectExecutor.list(JdbcSelectExecutor.java:31) ~[hibernate-core-6.3.1.Final.jar:6.3.1.Final]
	at org.hibernate.loader.ast.internal.SingleIdLoadPlan.load(SingleIdLoadPlan.java:145) ~[hibernate-core-6.3.1.Final.jar:6.3.1.Final]
	at org.hibernate.loader.ast.internal.SingleIdLoadPlan.load(SingleIdLoadPlan.java:117) ~[hibernate-core-6.3.1.Final.jar:6.3.1.Final]
	at org.hibernate.loader.ast.internal.SingleIdEntityLoaderStandardImpl.load(SingleIdEntityLoaderStandardImpl.java:75) ~[hibernate-core-6.3.1.Final.jar:6.3.1.Final]
	at org.hibernate.persister.entity.AbstractEntityPersister.doLoad(AbstractEntityPersister.java:3673) ~[hibernate-core-6.3.1.Final.jar:6.3.1.Final]
	at org.hibernate.persister.entity.AbstractEntityPersister.load(AbstractEntityPersister.java:3662) ~[hibernate-core-6.3.1.Final.jar:6.3.1.Final]
	at org.hibernate.event.internal.DefaultLoadEventListener.loadFromDatasource(DefaultLoadEventListener.java:591) ~[hibernate-core-6.3.1.Final.jar:6.3.1.Final]
	at org.hibernate.event.internal.DefaultLoadEventListener.loadFromCacheOrDatasource(DefaultLoadEventListener.java:577) ~[hibernate-core-6.3.1.Final.jar:6.3.1.Final]
	at org.hibernate.event.internal.DefaultLoadEventListener.load(DefaultLoadEventListener.java:547) ~[hibernate-core-6.3.1.Final.jar:6.3.1.Final]
	at org.hibernate.event.internal.DefaultLoadEventListener.doLoad(DefaultLoadEventListener.java:531) ~[hibernate-core-6.3.1.Final.jar:6.3.1.Final]
	at org.hibernate.event.internal.DefaultLoadEventListener.load(DefaultLoadEventListener.java:206) ~[hibernate-core-6.3.1.Final.jar:6.3.1.Final]
	at org.hibernate.event.internal.DefaultLoadEventListener.loadWithRegularProxy(DefaultLoadEventListener.java:286) ~[hibernate-core-6.3.1.Final.jar:6.3.1.Final]
	at org.hibernate.event.internal.DefaultLoadEventListener.proxyOrLoad(DefaultLoadEventListener.java:241) ~[hibernate-core-6.3.1.Final.jar:6.3.1.Final]
	at org.hibernate.event.internal.DefaultLoadEventListener.doOnLoad(DefaultLoadEventListener.java:110) ~[hibernate-core-6.3.1.Final.jar:6.3.1.Final]
	at org.hibernate.event.internal.DefaultLoadEventListener.onLoad(DefaultLoadEventListener.java:67) ~[hibernate-core-6.3.1.Final.jar:6.3.1.Final]
	at org.hibernate.event.service.internal.EventListenerGroupImpl.fireEventOnEachListener(EventListenerGroupImpl.java:138) ~[hibernate-core-6.3.1.Final.jar:6.3.1.Final]
	at org.hibernate.internal.SessionImpl.fireLoadNoChecks(SessionImpl.java:1234) ~[hibernate-core-6.3.1.Final.jar:6.3.1.Final]
	at org.hibernate.internal.SessionImpl.fireLoad(SessionImpl.java:1222) ~[hibernate-core-6.3.1.Final.jar:6.3.1.Final]
	at org.hibernate.loader.internal.IdentifierLoadAccessImpl.load(IdentifierLoadAccessImpl.java:209) ~[hibernate-core-6.3.1.Final.jar:6.3.1.Final]
	at org.hibernate.loader.internal.IdentifierLoadAccessImpl.doLoad(IdentifierLoadAccessImpl.java:160) ~[hibernate-core-6.3.1.Final.jar:6.3.1.Final]
	at org.hibernate.loader.internal.IdentifierLoadAccessImpl.lambda$load$1(IdentifierLoadAccessImpl.java:149) ~[hibernate-core-6.3.1.Final.jar:6.3.1.Final]
	at org.hibernate.loader.internal.IdentifierLoadAccessImpl.perform(IdentifierLoadAccessImpl.java:112) ~[hibernate-core-6.3.1.Final.jar:6.3.1.Final]
	at org.hibernate.loader.internal.IdentifierLoadAccessImpl.load(IdentifierLoadAccessImpl.java:149) ~[hibernate-core-6.3.1.Final.jar:6.3.1.Final]
	at org.hibernate.internal.SessionImpl.find(SessionImpl.java:2430) ~[hibernate-core-6.3.1.Final.jar:6.3.1.Final]
	at org.hibernate.internal.SessionImpl.find(SessionImpl.java:2401) ~[hibernate-core-6.3.1.Final.jar:6.3.1.Final]
	at jdk.internal.reflect.GeneratedMethodAccessor65.invoke(Unknown Source) ~[na:na]
	at java.base/jdk.internal.reflect.DelegatingMethodAccessorImpl.invoke(DelegatingMethodAccessorImpl.java:43) ~[na:na]
	at java.base/java.lang.reflect.Method.invoke(Method.java:569) ~[na:na]
	at org.springframework.orm.jpa.ExtendedEntityManagerCreator$ExtendedEntityManagerInvocationHandler.invoke(ExtendedEntityManagerCreator.java:360) ~[spring-orm-6.1.1.jar:6.1.1]
	at jdk.proxy2/jdk.proxy2.$Proxy134.find(Unknown Source) ~[na:na]
	at jdk.internal.reflect.GeneratedMethodAccessor65.invoke(Unknown Source) ~[na:na]
	at java.base/jdk.internal.reflect.DelegatingMethodAccessorImpl.invoke(DelegatingMethodAccessorImpl.java:43) ~[na:na]
	at java.base/java.lang.reflect.Method.invoke(Method.java:569) ~[na:na]
	at org.springframework.orm.jpa.SharedEntityManagerCreator$SharedEntityManagerInvocationHandler.invoke(SharedEntityManagerCreator.java:311) ~[spring-orm-6.1.1.jar:6.1.1]
	at jdk.proxy2/jdk.proxy2.$Proxy134.find(Unknown Source) ~[na:na]
	at org.springframework.data.jpa.repository.support.SimpleJpaRepository.findById(SimpleJpaRepository.java:313) ~[spring-data-jpa-3.2.0.jar:3.2.0]
	at java.base/jdk.internal.reflect.NativeMethodAccessorImpl.invoke0(Native Method) ~[na:na]
	at java.base/jdk.internal.reflect.NativeMethodAccessorImpl.invoke(NativeMethodAccessorImpl.java:77) ~[na:na]
	at java.base/jdk.internal.reflect.DelegatingMethodAccessorImpl.invoke(DelegatingMethodAccessorImpl.java:43) ~[na:na]
	at java.base/java.lang.reflect.Method.invoke(Method.java:569) ~[na:na]
	at org.springframework.aop.support.AopUtils.invokeJoinpointUsingReflection(AopUtils.java:352) ~[spring-aop-6.1.1.jar:6.1.1]
	at org.springframework.data.repository.core.support.RepositoryMethodInvoker$RepositoryFragmentMethodInvoker.lambda$new$0(RepositoryMethodInvoker.java:277) ~[spring-data-commons-3.2.0.jar:3.2.0]
	at org.springframework.data.repository.core.support.RepositoryMethodInvoker.doInvoke(RepositoryMethodInvoker.java:170) ~[spring-data-commons-3.2.0.jar:3.2.0]
	at org.springframework.data.repository.core.support.RepositoryMethodInvoker.invoke(RepositoryMethodInvoker.java:158) ~[spring-data-commons-3.2.0.jar:3.2.0]
	at org.springframework.data.repository.core.support.RepositoryComposition$RepositoryFragments.invoke(RepositoryComposition.java:516) ~[spring-data-commons-3.2.0.jar:3.2.0]
	at org.springframework.data.repository.core.support.RepositoryComposition.invoke(RepositoryComposition.java:285) ~[spring-data-commons-3.2.0.jar:3.2.0]
	at org.springframework.data.repository.core.support.RepositoryFactorySupport$ImplementationMethodExecutionInterceptor.invoke(RepositoryFactorySupport.java:628) ~[spring-data-commons-3.2.0.jar:3.2.0]
	at org.springframework.aop.framework.ReflectiveMethodInvocation.proceed(ReflectiveMethodInvocation.java:184) ~[spring-aop-6.1.1.jar:6.1.1]
	at org.springframework.data.repository.core.support.QueryExecutorMethodInterceptor.doInvoke(QueryExecutorMethodInterceptor.java:168) ~[spring-data-commons-3.2.0.jar:3.2.0]
	at org.springframework.data.repository.core.support.QueryExecutorMethodInterceptor.invoke(QueryExecutorMethodInterceptor.java:143) ~[spring-data-commons-3.2.0.jar:3.2.0]
	at org.springframework.aop.framework.ReflectiveMethodInvocation.proceed(ReflectiveMethodInvocation.java:184) ~[spring-aop-6.1.1.jar:6.1.1]
	at org.springframework.data.projection.DefaultMethodInvokingMethodInterceptor.invoke(DefaultMethodInvokingMethodInterceptor.java:70) ~[spring-data-commons-3.2.0.jar:3.2.0]
	at org.springframework.aop.framework.ReflectiveMethodInvocation.proceed(ReflectiveMethodInvocation.java:184) ~[spring-aop-6.1.1.jar:6.1.1]
	at org.springframework.transaction.interceptor.TransactionInterceptor$1.proceedWithInvocation(TransactionInterceptor.java:123) ~[spring-tx-6.1.1.jar:6.1.1]
	at org.springframework.transaction.interceptor.TransactionAspectSupport.invokeWithinTransaction(TransactionAspectSupport.java:385) ~[spring-tx-6.1.1.jar:6.1.1]
	at org.springframework.transaction.interceptor.TransactionInterceptor.invoke(TransactionInterceptor.java:119) ~[spring-tx-6.1.1.jar:6.1.1]
	at org.springframework.aop.framework.ReflectiveMethodInvocation.proceed(ReflectiveMethodInvocation.java:184) ~[spring-aop-6.1.1.jar:6.1.1]
	at org.springframework.dao.support.PersistenceExceptionTranslationInterceptor.invoke(PersistenceExceptionTranslationInterceptor.java:137) ~[spring-tx-6.1.1.jar:6.1.1]
	at org.springframework.aop.framework.ReflectiveMethodInvocation.proceed(ReflectiveMethodInvocation.java:184) ~[spring-aop-6.1.1.jar:6.1.1]
	at org.springframework.data.jpa.repository.support.CrudMethodMetadataPostProcessor$CrudMethodMetadataPopulatingMethodInterceptor.invoke(CrudMethodMetadataPostProcessor.java:164) ~[spring-data-jpa-3.2.0.jar:3.2.0]
	at org.springframework.aop.framework.ReflectiveMethodInvocation.proceed(ReflectiveMethodInvocation.java:184) ~[spring-aop-6.1.1.jar:6.1.1]
	at org.springframework.aop.interceptor.ExposeInvocationInterceptor.invoke(ExposeInvocationInterceptor.java:97) ~[spring-aop-6.1.1.jar:6.1.1]
	at org.springframework.aop.framework.ReflectiveMethodInvocation.proceed(ReflectiveMethodInvocation.java:184) ~[spring-aop-6.1.1.jar:6.1.1]
	at org.springframework.aop.framework.JdkDynamicAopProxy.invoke(JdkDynamicAopProxy.java:249) ~[spring-aop-6.1.1.jar:6.1.1]
	at jdk.proxy2/jdk.proxy2.$Proxy146.findById(Unknown Source) ~[na:na]
	at com.example.cco.settlement.SettlementServiceImpl.getSettlementDetail(SettlementServiceImpl.java:564) ~[main/:na]
	at java.base/jdk.internal.reflect.NativeMethodAccessorImpl.invoke0(Native Method) ~[na:na]
	at java.base/jdk.internal.reflect.NativeMethodAccessorImpl.invoke(NativeMethodAccessorImpl.java:77) ~[na:na]
	at java.base/jdk.internal.reflect.DelegatingMethodAccessorImpl.invoke(DelegatingMethodAccessorImpl.java:43) ~[na:na]
	at java.base/java.lang.reflect.Method.invoke(Method.java:569) ~[na:na]
	at org.springframework.aop.support.AopUtils.invokeJoinpointUsingReflection(AopUtils.java:352) ~[spring-aop-6.1.1.jar:6.1.1]
	at org.springframework.aop.framework.ReflectiveMethodInvocation.invokeJoinpoint(ReflectiveMethodInvocation.java:196) ~[spring-aop-6.1.1.jar:6.1.1]
	at org.springframework.aop.framework.ReflectiveMethodInvocation.proceed(ReflectiveMethodInvocation.java:163) ~[spring-aop-6.1.1.jar:6.1.1]
	at org.springframework.aop.framework.CglibAopProxy$CglibMethodInvocation.proceed(CglibAopProxy.java:765) ~[spring-aop-6.1.1.jar:6.1.1]
	at org.springframework.transaction.interceptor.TransactionInterceptor$1.proceedWithInvocation(TransactionInterceptor.java:123) ~[spring-tx-6.1.1.jar:6.1.1]
	at org.springframework.transaction.interceptor.TransactionAspectSupport.invokeWithinTransaction(TransactionAspectSupport.java:385) ~[spring-tx-6.1.1.jar:6.1.1]
	at org.springframework.transaction.interceptor.TransactionInterceptor.invoke(TransactionInterceptor.java:119) ~[spring-tx-6.1.1.jar:6.1.1]
	at org.springframework.aop.framework.ReflectiveMethodInvocation.proceed(ReflectiveMethodInvocation.java:184) ~[spring-aop-6.1.1.jar:6.1.1]
	at org.springframework.aop.framework.CglibAopProxy$CglibMethodInvocation.proceed(CglibAopProxy.java:765) ~[spring-aop-6.1.1.jar:6.1.1]
	at org.springframework.aop.framework.CglibAopProxy$DynamicAdvisedInterceptor.intercept(CglibAopProxy.java:717) ~[spring-aop-6.1.1.jar:6.1.1]
	at com.example.cco.settlement.SettlementServiceImpl$$SpringCGLIB$$0.getSettlementDetail(<generated>) ~[main/:na]
	at com.example.cco.settlement.SettlementController.getSettlementDetail(SettlementController.java:79) ~[main/:na]
	at java.base/jdk.internal.reflect.NativeMethodAccessorImpl.invoke0(Native Method) ~[na:na]
	at java.base/jdk.internal.reflect.NativeMethodAccessorImpl.invoke(NativeMethodAccessorImpl.java:77) ~[na:na]
	at java.base/jdk.internal.reflect.DelegatingMethodAccessorImpl.invoke(DelegatingMethodAccessorImpl.java:43) ~[na:na]
	at java.base/java.lang.reflect.Method.invoke(Method.java:569) ~[na:na]
	at org.springframework.web.method.support.InvocableHandlerMethod.doInvoke(InvocableHandlerMethod.java:254) ~[spring-web-6.1.1.jar:6.1.1]
	at org.springframework.web.method.support.InvocableHandlerMethod.invokeForRequest(InvocableHandlerMethod.java:182) ~[spring-web-6.1.1.jar:6.1.1]
	at org.springframework.web.servlet.mvc.method.annotation.ServletInvocableHandlerMethod.invokeAndHandle(ServletInvocableHandlerMethod.java:118) ~[spring-webmvc-6.1.1.jar:6.1.1]
	at org.springframework.web.servlet.mvc.method.annotation.RequestMappingHandlerAdapter.invokeHandlerMethod(RequestMappingHandlerAdapter.java:917) ~[spring-webmvc-6.1.1.jar:6.1.1]
	at org.springframework.web.servlet.mvc.method.annotation.RequestMappingHandlerAdapter.handleInternal(RequestMappingHandlerAdapter.java:829) ~[spring-webmvc-6.1.1.jar:6.1.1]
	at org.springframework.web.servlet.mvc.method.AbstractHandlerMethodAdapter.handle(AbstractHandlerMethodAdapter.java:87) ~[spring-webmvc-6.1.1.jar:6.1.1]
	at org.springframework.web.servlet.DispatcherServlet.doDispatch(DispatcherServlet.java:1089) ~[spring-webmvc-6.1.1.jar:6.1.1]
	at org.springframework.web.servlet.DispatcherServlet.doService(DispatcherServlet.java:979) ~[spring-webmvc-6.1.1.jar:6.1.1]
	at org.springframework.web.servlet.FrameworkServlet.processRequest(FrameworkServlet.java:1014) ~[spring-webmvc-6.1.1.jar:6.1.1]
	at org.springframework.web.servlet.FrameworkServlet.doGet(FrameworkServlet.java:903) ~[spring-webmvc-6.1.1.jar:6.1.1]
	at jakarta.servlet.http.HttpServlet.service(HttpServlet.java:564) ~[tomcat-embed-core-10.1.16.jar:6.0]
	at org.springframework.web.servlet.FrameworkServlet.service(FrameworkServlet.java:885) ~[spring-webmvc-6.1.1.jar:6.1.1]
	at jakarta.servlet.http.HttpServlet.service(HttpServlet.java:658) ~[tomcat-embed-core-10.1.16.jar:6.0]
	at org.apache.catalina.core.ApplicationFilterChain.internalDoFilter(ApplicationFilterChain.java:205) ~[tomcat-embed-core-10.1.16.jar:10.1.16]
	at org.apache.catalina.core.ApplicationFilterChain.doFilter(ApplicationFilterChain.java:149) ~[tomcat-embed-core-10.1.16.jar:10.1.16]
	at org.apache.tomcat.websocket.server.WsFilter.doFilter(WsFilter.java:51) ~[tomcat-embed-websocket-10.1.16.jar:10.1.16]
	at org.apache.catalina.core.ApplicationFilterChain.internalDoFilter(ApplicationFilterChain.java:174) ~[tomcat-embed-core-10.1.16.jar:10.1.16]
	at org.apache.catalina.core.ApplicationFilterChain.doFilter(ApplicationFilterChain.java:149) ~[tomcat-embed-core-10.1.16.jar:10.1.16]
	at org.springframework.security.web.FilterChainProxy.lambda$doFilterInternal$3(FilterChainProxy.java:231) ~[spring-security-web-6.2.0.jar:6.2.0]
	at org.springframework.security.web.FilterChainProxy$VirtualFilterChain.doFilter(FilterChainProxy.java:365) ~[spring-security-web-6.2.0.jar:6.2.0]
	at org.springframework.security.web.access.intercept.AuthorizationFilter.doFilter(AuthorizationFilter.java:100) ~[spring-security-web-6.2.0.jar:6.2.0]
	at org.springframework.security.web.FilterChainProxy$VirtualFilterChain.doFilter(FilterChainProxy.java:374) ~[spring-security-web-6.2.0.jar:6.2.0]
	at org.springframework.security.web.access.ExceptionTranslationFilter.doFilter(ExceptionTranslationFilter.java:126) ~[spring-security-web-6.2.0.jar:6.2.0]
	at org.springframework.security.web.access.ExceptionTranslationFilter.doFilter(ExceptionTranslationFilter.java:120) ~[spring-security-web-6.2.0.jar:6.2.0]
	at org.springframework.security.web.FilterChainProxy$VirtualFilterChain.doFilter(FilterChainProxy.java:374) ~[spring-security-web-6.2.0.jar:6.2.0]
	at org.springframework.security.web.session.SessionManagementFilter.doFilter(SessionManagementFilter.java:131) ~[spring-security-web-6.2.0.jar:6.2.0]
	at org.springframework.security.web.session.SessionManagementFilter.doFilter(SessionManagementFilter.java:85) ~[spring-security-web-6.2.0.jar:6.2.0]
	at org.springframework.security.web.FilterChainProxy$VirtualFilterChain.doFilter(FilterChainProxy.java:374) ~[spring-security-web-6.2.0.jar:6.2.0]
	at org.springframework.security.web.authentication.AnonymousAuthenticationFilter.doFilter(AnonymousAuthenticationFilter.java:100) ~[spring-security-web-6.2.0.jar:6.2.0]
	at org.springframework.security.web.FilterChainProxy$VirtualFilterChain.doFilter(FilterChainProxy.java:374) ~[spring-security-web-6.2.0.jar:6.2.0]
	at org.springframework.security.web.servletapi.SecurityContextHolderAwareRequestFilter.doFilter(SecurityContextHolderAwareRequestFilter.java:179) ~[spring-security-web-6.2.0.jar:6.2.0]
	at org.springframework.security.web.FilterChainProxy$VirtualFilterChain.doFilter(FilterChainProxy.java:374) ~[spring-security-web-6.2.0.jar:6.2.0]
	at org.springframework.security.web.savedrequest.RequestCacheAwareFilter.doFilter(RequestCacheAwareFilter.java:63) ~[spring-security-web-6.2.0.jar:6.2.0]
	at org.springframework.security.web.FilterChainProxy$VirtualFilterChain.doFilter(FilterChainProxy.java:374) ~[spring-security-web-6.2.0.jar:6.2.0]
	at org.springframework.security.web.authentication.AbstractAuthenticationProcessingFilter.doFilter(AbstractAuthenticationProcessingFilter.java:227) ~[spring-security-web-6.2.0.jar:6.2.0]
	at org.springframework.security.web.authentication.AbstractAuthenticationProcessingFilter.doFilter(AbstractAuthenticationProcessingFilter.java:221) ~[spring-security-web-6.2.0.jar:6.2.0]
	at org.springframework.security.web.FilterChainProxy$VirtualFilterChain.doFilter(FilterChainProxy.java:374) ~[spring-security-web-6.2.0.jar:6.2.0]
	at com.example.cco.security.JwtAuthorizationFilter.doFilterInternal(JwtAuthorizationFilter.java:48) ~[main/:na]
	at org.springframework.web.filter.OncePerRequestFilter.doFilter(OncePerRequestFilter.java:116) ~[spring-web-6.1.1.jar:6.1.1]
	at org.springframework.security.web.FilterChainProxy$VirtualFilterChain.doFilter(FilterChainProxy.java:374) ~[spring-security-web-6.2.0.jar:6.2.0]
	at org.springframework.security.web.authentication.logout.LogoutFilter.doFilter(LogoutFilter.java:107) ~[spring-security-web-6.2.0.jar:6.2.0]
	at org.springframework.security.web.authentication.logout.LogoutFilter.doFilter(LogoutFilter.java:93) ~[spring-security-web-6.2.0.jar:6.2.0]
	at org.springframework.security.web.FilterChainProxy$VirtualFilterChain.doFilter(FilterChainProxy.java:374) ~[spring-security-web-6.2.0.jar:6.2.0]
	at org.springframework.web.filter.CorsFilter.doFilterInternal(CorsFilter.java:91) ~[spring-web-6.1.1.jar:6.1.1]
	at org.springframework.web.filter.OncePerRequestFilter.doFilter(OncePerRequestFilter.java:116) ~[spring-web-6.1.1.jar:6.1.1]
	at org.springframework.security.web.FilterChainProxy$VirtualFilterChain.doFilter(FilterChainProxy.java:374) ~[spring-security-web-6.2.0.jar:6.2.0]
	at org.springframework.security.web.header.HeaderWriterFilter.doHeadersAfter(HeaderWriterFilter.java:90) ~[spring-security-web-6.2.0.jar:6.2.0]
	at org.springframework.security.web.header.HeaderWriterFilter.doFilterInternal(HeaderWriterFilter.java:75) ~[spring-security-web-6.2.0.jar:6.2.0]
	at org.springframework.web.filter.OncePerRequestFilter.doFilter(OncePerRequestFilter.java:116) ~[spring-web-6.1.1.jar:6.1.1]
	at org.springframework.security.web.FilterChainProxy$VirtualFilterChain.doFilter(FilterChainProxy.java:374) ~[spring-security-web-6.2.0.jar:6.2.0]
	at org.springframework.security.web.context.SecurityContextHolderFilter.doFilter(SecurityContextHolderFilter.java:82) ~[spring-security-web-6.2.0.jar:6.2.0]
	at org.springframework.security.web.context.SecurityContextHolderFilter.doFilter(SecurityContextHolderFilter.java:69) ~[spring-security-web-6.2.0.jar:6.2.0]
	at org.springframework.security.web.FilterChainProxy$VirtualFilterChain.doFilter(FilterChainProxy.java:374) ~[spring-security-web-6.2.0.jar:6.2.0]
	at org.springframework.security.web.context.request.async.WebAsyncManagerIntegrationFilter.doFilterInternal(WebAsyncManagerIntegrationFilter.java:62) ~[spring-security-web-6.2.0.jar:6.2.0]
	at org.springframework.web.filter.OncePerRequestFilter.doFilter(OncePerRequestFilter.java:116) ~[spring-web-6.1.1.jar:6.1.1]
	at org.springframework.security.web.FilterChainProxy$VirtualFilterChain.doFilter(FilterChainProxy.java:374) ~[spring-security-web-6.2.0.jar:6.2.0]
	at org.springframework.security.web.session.DisableEncodeUrlFilter.doFilterInternal(DisableEncodeUrlFilter.java:42) ~[spring-security-web-6.2.0.jar:6.2.0]
	at org.springframework.web.filter.OncePerRequestFilter.doFilter(OncePerRequestFilter.java:116) ~[spring-web-6.1.1.jar:6.1.1]
	at org.springframework.security.web.FilterChainProxy$VirtualFilterChain.doFilter(FilterChainProxy.java:374) ~[spring-security-web-6.2.0.jar:6.2.0]
	at org.springframework.security.web.FilterChainProxy.doFilterInternal(FilterChainProxy.java:233) ~[spring-security-web-6.2.0.jar:6.2.0]
	at org.springframework.security.web.FilterChainProxy.doFilter(FilterChainProxy.java:191) ~[spring-security-web-6.2.0.jar:6.2.0]
	at org.springframework.web.filter.DelegatingFilterProxy.invokeDelegate(DelegatingFilterProxy.java:352) ~[spring-web-6.1.1.jar:6.1.1]
	at org.springframework.web.filter.DelegatingFilterProxy.doFilter(DelegatingFilterProxy.java:268) ~[spring-web-6.1.1.jar:6.1.1]
	at org.apache.catalina.core.ApplicationFilterChain.internalDoFilter(ApplicationFilterChain.java:174) ~[tomcat-embed-core-10.1.16.jar:10.1.16]
	at org.apache.catalina.core.ApplicationFilterChain.doFilter(ApplicationFilterChain.java:149) ~[tomcat-embed-core-10.1.16.jar:10.1.16]
	at org.springframework.web.filter.RequestContextFilter.doFilterInternal(RequestContextFilter.java:100) ~[spring-web-6.1.1.jar:6.1.1]
	at org.springframework.web.filter.OncePerRequestFilter.doFilter(OncePerRequestFilter.java:116) ~[spring-web-6.1.1.jar:6.1.1]
	at org.apache.catalina.core.ApplicationFilterChain.internalDoFilter(ApplicationFilterChain.java:174) ~[tomcat-embed-core-10.1.16.jar:10.1.16]
	at org.apache.catalina.core.ApplicationFilterChain.doFilter(ApplicationFilterChain.java:149) ~[tomcat-embed-core-10.1.16.jar:10.1.16]
	at org.springframework.web.filter.FormContentFilter.doFilterInternal(FormContentFilter.java:93) ~[spring-web-6.1.1.jar:6.1.1]
	at org.springframework.web.filter.OncePerRequestFilter.doFilter(OncePerRequestFilter.java:116) ~[spring-web-6.1.1.jar:6.1.1]
	at org.apache.catalina.core.ApplicationFilterChain.internalDoFilter(ApplicationFilterChain.java:174) ~[tomcat-embed-core-10.1.16.jar:10.1.16]
	at org.apache.catalina.core.ApplicationFilterChain.doFilter(ApplicationFilterChain.java:149) ~[tomcat-embed-core-10.1.16.jar:10.1.16]
	at org.springframework.web.filter.CharacterEncodingFilter.doFilterInternal(CharacterEncodingFilter.java:201) ~[spring-web-6.1.1.jar:6.1.1]
	at org.springframework.web.filter.OncePerRequestFilter.doFilter(OncePerRequestFilter.java:116) ~[spring-web-6.1.1.jar:6.1.1]
	at org.apache.catalina.core.ApplicationFilterChain.internalDoFilter(ApplicationFilterChain.java:174) ~[tomcat-embed-core-10.1.16.jar:10.1.16]
	at org.apache.catalina.core.ApplicationFilterChain.doFilter(ApplicationFilterChain.java:149) ~[tomcat-embed-core-10.1.16.jar:10.1.16]
	at org.apache.catalina.core.StandardWrapperValve.invoke(StandardWrapperValve.java:167) ~[tomcat-embed-core-10.1.16.jar:10.1.16]
	at org.apache.catalina.core.StandardContextValve.invoke(StandardContextValve.java:90) ~[tomcat-embed-core-10.1.16.jar:10.1.16]
	at org.apache.catalina.authenticator.AuthenticatorBase.invoke(AuthenticatorBase.java:482) ~[tomcat-embed-core-10.1.16.jar:10.1.16]
	at org.apache.catalina.core.StandardHostValve.invoke(StandardHostValve.java:115) ~[tomcat-embed-core-10.1.16.jar:10.1.16]
	at org.apache.catalina.valves.ErrorReportValve.invoke(ErrorReportValve.java:93) ~[tomcat-embed-core-10.1.16.jar:10.1.16]
	at org.apache.catalina.core.StandardEngineValve.invoke(StandardEngineValve.java:74) ~[tomcat-embed-core-10.1.16.jar:10.1.16]
	at org.apache.catalina.connector.CoyoteAdapter.service(CoyoteAdapter.java:340) ~[tomcat-embed-core-10.1.16.jar:10.1.16]
	at org.apache.coyote.http11.Http11Processor.service(Http11Processor.java:391) ~[tomcat-embed-core-10.1.16.jar:10.1.16]
	at org.apache.coyote.AbstractProcessorLight.process(AbstractProcessorLight.java:63) ~[tomcat-embed-core-10.1.16.jar:10.1.16]
	at org.apache.coyote.AbstractProtocol$ConnectionHandler.process(AbstractProtocol.java:896) ~[tomcat-embed-core-10.1.16.jar:10.1.16]
	at org.apache.tomcat.util.net.NioEndpoint$SocketProcessor.doRun(NioEndpoint.java:1744) ~[tomcat-embed-core-10.1.16.jar:10.1.16]
	at org.apache.tomcat.util.net.SocketProcessorBase.run(SocketProcessorBase.java:52) ~[tomcat-embed-core-10.1.16.jar:10.1.16]
	at org.apache.tomcat.util.threads.ThreadPoolExecutor.runWorker(ThreadPoolExecutor.java:1191) ~[tomcat-embed-core-10.1.16.jar:10.1.16]
	at org.apache.tomcat.util.threads.ThreadPoolExecutor$Worker.run(ThreadPoolExecutor.java:659) ~[tomcat-embed-core-10.1.16.jar:10.1.16]
	at org.apache.tomcat.util.threads.TaskThread$WrappingRunnable.run(TaskThread.java:61) ~[tomcat-embed-core-10.1.16.jar:10.1.16]
	at java.base/java.lang.Thread.run(Thread.java:840) ~[na:na]
Caused by: org.postgresql.util.PSQLException: ERROR: column vte1_0.settle_amount does not exist
  Position: 3893
	at org.postgresql.core.v3.QueryExecutorImpl.receiveErrorResponse(QueryExecutorImpl.java:2713) ~[postgresql-42.6.0.jar:42.6.0]
	at org.postgresql.core.v3.QueryExecutorImpl.processResults(QueryExecutorImpl.java:2401) ~[postgresql-42.6.0.jar:42.6.0]
	at org.postgresql.core.v3.QueryExecutorImpl.execute(QueryExecutorImpl.java:368) ~[postgresql-42.6.0.jar:42.6.0]
	at org.postgresql.jdbc.PgStatement.executeInternal(PgStatement.java:498) ~[postgresql-42.6.0.jar:42.6.0]
	at org.postgresql.jdbc.PgStatement.execute(PgStatement.java:415) ~[postgresql-42.6.0.jar:42.6.0]
	at org.postgresql.jdbc.PgPreparedStatement.executeWithFlags(PgPreparedStatement.java:190) ~[postgresql-42.6.0.jar:42.6.0]
	at org.postgresql.jdbc.PgPreparedStatement.executeQuery(PgPreparedStatement.java:134) ~[postgresql-42.6.0.jar:42.6.0]
	at com.zaxxer.hikari.pool.ProxyPreparedStatement.executeQuery(ProxyPreparedStatement.java:52) ~[HikariCP-5.0.1.jar:na]
	at com.zaxxer.hikari.pool.HikariProxyPreparedStatement.executeQuery(HikariProxyPreparedStatement.java) ~[HikariCP-5.0.1.jar:na]
	at org.hibernate.sql.results.jdbc.internal.DeferredResultSetAccess.executeQuery(DeferredResultSetAccess.java:240) ~[hibernate-core-6.3.1.Final.jar:6.3.1.Final]
	... 189 common frames omitted

2025-04-30T08:41:05.285+09:00 ERROR 16156 --- [http-nio-4080-exec-8] c.example.cco.exception.ExceptionAdvice  : org.springframework.dao.InvalidDataAccessResourceUsageException: JDBC exception executing SQL [select vte1_0.pkey,vte1_0.a1card,vte1_0.a1card_note,vte1_0.a1cash,vte1_0.a1cash_note,vte1_0.a1extra1,vte1_0.a1extra1name,vte1_0.a1extra1note,vte1_0.a1extra2,vte1_0.a1extra2name,vte1_0.a1extra2note,vte1_0.a1extra3,vte1_0.a1extra3name,vte1_0.a1extra3note,vte1_0.a1extra4,vte1_0.a1extra4name,vte1_0.a1extra4note,vte1_0.a1extra5,vte1_0.a1extra5name,vte1_0.a1extra5note,vte1_0.a1tax,vte1_0.a1tax_note,vte1_0.active_yn,vte1_0.a_total,vte1_0.b1electricity,vte1_0.b1electricity_note,vte1_0.b1etc_expense,vte1_0.b1etc_expense_note,vte1_0.b1extra1,vte1_0.b1extra1name,vte1_0.b1extra1note,vte1_0.b1extra2,vte1_0.b1extra2name,vte1_0.b1extra2note,vte1_0.b1extra3,vte1_0.b1extra3name,vte1_0.b1extra3note,vte1_0.b1extra4,vte1_0.b1extra4name,vte1_0.b1extra4note,vte1_0.b1extra5,vte1_0.b1extra5name,vte1_0.b1extra5note,vte1_0.b1gas,vte1_0.b1gas_note,vte1_0.b1internet,vte1_0.b1internet_note,vte1_0.b1maint,vte1_0.b1maint_note,vte1_0.b1rent,vte1_0.b1rent_note,vte1_0.b2charge,vte1_0.b2charge_note,vte1_0.b3etc,vte1_0.b3etc_note,vte1_0.b3extra1,vte1_0.b3extra1name,vte1_0.b3extra1note,vte1_0.b3extra2,vte1_0.b3extra2name,vte1_0.b3extra2note,vte1_0.b3extra3,vte1_0.b3extra3name,vte1_0.b3extra3note,vte1_0.b3extra4,vte1_0.b3extra4name,vte1_0.b3extra4note,vte1_0.b3extra5,vte1_0.b3extra5name,vte1_0.b3extra5note,vte1_0.b3material,vte1_0.b3material_note,vte1_0.b4donation,vte1_0.b4donation_note,vte1_0.b4extra1,vte1_0.b4extra1name,vte1_0.b4extra1note,vte1_0.b4extra2,vte1_0.b4extra2name,vte1_0.b4extra2note,vte1_0.b4extra3,vte1_0.b4extra3name,vte1_0.b4extra3note,vte1_0.b4extra4,vte1_0.b4extra4name,vte1_0.b4extra4note,vte1_0.b4extra5,vte1_0.b4extra5name,vte1_0.b4extra5note,vte1_0.b4init_product,vte1_0.b4init_product_note,vte1_0.bank,vte1_0.bank_account,vte1_0.bank_account_number,vte1_0.brand_cd,vte1_0.brand_name,vte1_0.b_total,vte1_0.c1card_fee,vte1_0.c1card_fee_note,vte1_0.c1electricity,vte1_0.c1electricity_note,vte1_0.c1etc_expense,vte1_0.c1etc_expense_note,vte1_0.c1extra1,vte1_0.c1extra1name,vte1_0.c1extra1note,vte1_0.c1extra2,vte1_0.c1extra2name,vte1_0.c1extra2note,vte1_0.c1extra3,vte1_0.c1extra3name,vte1_0.c1extra3note,vte1_0.c1extra4,vte1_0.c1extra4name,vte1_0.c1extra4note,vte1_0.c1extra5,vte1_0.c1extra5name,vte1_0.c1extra5note,vte1_0.c1gas,vte1_0.c1gas_note,vte1_0.c1insurance,vte1_0.c1insurance_note,vte1_0.c1rent,vte1_0.c1rent_note,vte1_0.c1water,vte1_0.c1water_note,vte1_0.c2extra1,vte1_0.c2extra1name,vte1_0.c2extra1note,vte1_0.c2extra2,vte1_0.c2extra2name,vte1_0.c2extra2note,vte1_0.c2extra3,vte1_0.c2extra3name,vte1_0.c2extra3note,vte1_0.c2extra4,vte1_0.c2extra4name,vte1_0.c2extra4note,vte1_0.c2extra5,vte1_0.c2extra5name,vte1_0.c2extra5note,vte1_0.c2interest_cost,vte1_0.c2interest_cost_note,vte1_0.closed_yn,vte1_0.d1carryover,vte1_0.d1carryover_note,vte1_0.d1extra1,vte1_0.d1extra1name,vte1_0.d1extra1note,vte1_0.d1extra2,vte1_0.d1extra2name,vte1_0.d1extra2note,vte1_0.d1extra3,vte1_0.d1extra3name,vte1_0.d1extra3note,vte1_0.d1extra4,vte1_0.d1extra4name,vte1_0.d1extra4note,vte1_0.d1extra5,vte1_0.d1extra5name,vte1_0.d1extra5note,vte1_0.d1material,vte1_0.d1material_note,vte1_0.d1store_maint,vte1_0.d1store_maint_note,vte1_0.d2cash,vte1_0.d2cash_note,vte1_0.d2extra1,vte1_0.d2extra1name,vte1_0.d2extra1note,vte1_0.d2extra2,vte1_0.d2extra2name,vte1_0.d2extra2note,vte1_0.d2extra3,vte1_0.d2extra3name,vte1_0.d2extra3note,vte1_0.d2extra4,vte1_0.d2extra4name,vte1_0.d2extra4note,vte1_0.d2extra5,vte1_0.d2extra5name,vte1_0.d2extra5note,vte1_0.d3extra1,vte1_0.d3extra1name,vte1_0.d3extra1note,vte1_0.d3extra2,vte1_0.d3extra2name,vte1_0.d3extra2note,vte1_0.d3extra3,vte1_0.d3extra3name,vte1_0.d3extra3note,vte1_0.d3extra4,vte1_0.d3extra4name,vte1_0.d3extra4note,vte1_0.d3extra5,vte1_0.d3extra5name,vte1_0.d3extra5note,vte1_0.d3init_product,vte1_0.d3init_product_note,vte1_0.d3rent,vte1_0.d3rent_note,vte1_0.deposit_amount,vte1_0.insert_timestamp,vte1_0.owner,vte1_0.phone,vte1_0.sales_profit,vte1_0.settle_amount,vte1_0.settlement_amount,vte1_0.settlement_cd,vte1_0.settlement_title,vte1_0.settlement_ymd,vte1_0.src_a1card,vte1_0.src_a1cash,vte1_0.src_b1electricity,vte1_0.src_b3material,vte1_0.src_c1card_fee,vte1_0.src_d1material,vte1_0.store_code,vte1_0.store_name,vte1_0.update_timestamp from cnco.vsettlement_total vte1_0 where vte1_0.pkey=?] [ERROR: column vte1_0.settle_amount does not exist
  Position: 3893] [n/a]; SQL [n/a]
	at org.springframework.orm.jpa.vendor.HibernateJpaDialect.convertHibernateAccessException(HibernateJpaDialect.java:277)
	at org.springframework.orm.jpa.vendor.HibernateJpaDialect.translateExceptionIfPossible(HibernateJpaDialect.java:241)
	at org.springframework.orm.jpa.AbstractEntityManagerFactoryBean.translateExceptionIfPossible(AbstractEntityManagerFactoryBean.java:550)
	at org.springframework.dao.support.ChainedPersistenceExceptionTranslator.translateExceptionIfPossible(ChainedPersistenceExceptionTranslator.java:61)
	at org.springframework.dao.support.DataAccessUtils.translateIfNecessary(DataAccessUtils.java:335)
	at org.springframework.dao.support.PersistenceExceptionTranslationInterceptor.invoke(PersistenceExceptionTranslationInterceptor.java:152)
	at org.springframework.aop.framework.ReflectiveMethodInvocation.proceed(ReflectiveMethodInvocation.java:184)
	at org.springframework.data.jpa.repository.support.CrudMethodMetadataPostProcessor$CrudMethodMetadataPopulatingMethodInterceptor.invoke(CrudMethodMetadataPostProcessor.java:164)
	at org.springframework.aop.framework.ReflectiveMethodInvocation.proceed(ReflectiveMethodInvocation.java:184)
	at org.springframework.aop.interceptor.ExposeInvocationInterceptor.invoke(ExposeInvocationInterceptor.java:97)
	at org.springframework.aop.framework.ReflectiveMethodInvocation.proceed(ReflectiveMethodInvocation.java:184)
	at org.springframework.aop.framework.JdkDynamicAopProxy.invoke(JdkDynamicAopProxy.java:249)
	at jdk.proxy2/jdk.proxy2.$Proxy146.findById(Unknown Source)
	at com.example.cco.settlement.SettlementServiceImpl.getSettlementDetail(SettlementServiceImpl.java:564)
	at java.base/jdk.internal.reflect.NativeMethodAccessorImpl.invoke0(Native Method)
	at java.base/jdk.internal.reflect.NativeMethodAccessorImpl.invoke(NativeMethodAccessorImpl.java:77)
	at java.base/jdk.internal.reflect.DelegatingMethodAccessorImpl.invoke(DelegatingMethodAccessorImpl.java:43)
	at java.base/java.lang.reflect.Method.invoke(Method.java:569)
	at org.springframework.aop.support.AopUtils.invokeJoinpointUsingReflection(AopUtils.java:352)
	at org.springframework.aop.framework.ReflectiveMethodInvocation.invokeJoinpoint(ReflectiveMethodInvocation.java:196)
	at org.springframework.aop.framework.ReflectiveMethodInvocation.proceed(ReflectiveMethodInvocation.java:163)
	at org.springframework.aop.framework.CglibAopProxy$CglibMethodInvocation.proceed(CglibAopProxy.java:765)
	at org.springframework.transaction.interceptor.TransactionInterceptor$1.proceedWithInvocation(TransactionInterceptor.java:123)
	at org.springframework.transaction.interceptor.TransactionAspectSupport.invokeWithinTransaction(TransactionAspectSupport.java:385)
	at org.springframework.transaction.interceptor.TransactionInterceptor.invoke(TransactionInterceptor.java:119)
	at org.springframework.aop.framework.ReflectiveMethodInvocation.proceed(ReflectiveMethodInvocation.java:184)
	at org.springframework.aop.framework.CglibAopProxy$CglibMethodInvocation.proceed(CglibAopProxy.java:765)
	at org.springframework.aop.framework.CglibAopProxy$DynamicAdvisedInterceptor.intercept(CglibAopProxy.java:717)
	at com.example.cco.settlement.SettlementServiceImpl$$SpringCGLIB$$0.getSettlementDetail(<generated>)
	at com.example.cco.settlement.SettlementController.getSettlementDetail(SettlementController.java:79)
	at java.base/jdk.internal.reflect.NativeMethodAccessorImpl.invoke0(Native Method)
	at java.base/jdk.internal.reflect.NativeMethodAccessorImpl.invoke(NativeMethodAccessorImpl.java:77)
	at java.base/jdk.internal.reflect.DelegatingMethodAccessorImpl.invoke(DelegatingMethodAccessorImpl.java:43)
	at java.base/java.lang.reflect.Method.invoke(Method.java:569)
	at org.springframework.web.method.support.InvocableHandlerMethod.doInvoke(InvocableHandlerMethod.java:254)
	at org.springframework.web.method.support.InvocableHandlerMethod.invokeForRequest(InvocableHandlerMethod.java:182)
	at org.springframework.web.servlet.mvc.method.annotation.ServletInvocableHandlerMethod.invokeAndHandle(ServletInvocableHandlerMethod.java:118)
	at org.springframework.web.servlet.mvc.method.annotation.RequestMappingHandlerAdapter.invokeHandlerMethod(RequestMappingHandlerAdapter.java:917)
	at org.springframework.web.servlet.mvc.method.annotation.RequestMappingHandlerAdapter.handleInternal(RequestMappingHandlerAdapter.java:829)
	at org.springframework.web.servlet.mvc.method.AbstractHandlerMethodAdapter.handle(AbstractHandlerMethodAdapter.java:87)
	at org.springframework.web.servlet.DispatcherServlet.doDispatch(DispatcherServlet.java:1089)
	at org.springframework.web.servlet.DispatcherServlet.doService(DispatcherServlet.java:979)
	at org.springframework.web.servlet.FrameworkServlet.processRequest(FrameworkServlet.java:1014)
	at org.springframework.web.servlet.FrameworkServlet.doGet(FrameworkServlet.java:903)
	at jakarta.servlet.http.HttpServlet.service(HttpServlet.java:564)
	at org.springframework.web.servlet.FrameworkServlet.service(FrameworkServlet.java:885)
	at jakarta.servlet.http.HttpServlet.service(HttpServlet.java:658)
	at org.apache.catalina.core.ApplicationFilterChain.internalDoFilter(ApplicationFilterChain.java:205)
	at org.apache.catalina.core.ApplicationFilterChain.doFilter(ApplicationFilterChain.java:149)
	at org.apache.tomcat.websocket.server.WsFilter.doFilter(WsFilter.java:51)
	at org.apache.catalina.core.ApplicationFilterChain.internalDoFilter(ApplicationFilterChain.java:174)
	at org.apache.catalina.core.ApplicationFilterChain.doFilter(ApplicationFilterChain.java:149)
	at org.springframework.security.web.FilterChainProxy.lambda$doFilterInternal$3(FilterChainProxy.java:231)
	at org.springframework.security.web.FilterChainProxy$VirtualFilterChain.doFilter(FilterChainProxy.java:365)
	at org.springframework.security.web.access.intercept.AuthorizationFilter.doFilter(AuthorizationFilter.java:100)
	at org.springframework.security.web.FilterChainProxy$VirtualFilterChain.doFilter(FilterChainProxy.java:374)
	at org.springframework.security.web.access.ExceptionTranslationFilter.doFilter(ExceptionTranslationFilter.java:126)
	at org.springframework.security.web.access.ExceptionTranslationFilter.doFilter(ExceptionTranslationFilter.java:120)
	at org.springframework.security.web.FilterChainProxy$VirtualFilterChain.doFilter(FilterChainProxy.java:374)
	at org.springframework.security.web.session.SessionManagementFilter.doFilter(SessionManagementFilter.java:131)
	at org.springframework.security.web.session.SessionManagementFilter.doFilter(SessionManagementFilter.java:85)
	at org.springframework.security.web.FilterChainProxy$VirtualFilterChain.doFilter(FilterChainProxy.java:374)
	at org.springframework.security.web.authentication.AnonymousAuthenticationFilter.doFilter(AnonymousAuthenticationFilter.java:100)
	at org.springframework.security.web.FilterChainProxy$VirtualFilterChain.doFilter(FilterChainProxy.java:374)
	at org.springframework.security.web.servletapi.SecurityContextHolderAwareRequestFilter.doFilter(SecurityContextHolderAwareRequestFilter.java:179)
	at org.springframework.security.web.FilterChainProxy$VirtualFilterChain.doFilter(FilterChainProxy.java:374)
	at org.springframework.security.web.savedrequest.RequestCacheAwareFilter.doFilter(RequestCacheAwareFilter.java:63)
	at org.springframework.security.web.FilterChainProxy$VirtualFilterChain.doFilter(FilterChainProxy.java:374)
	at org.springframework.security.web.authentication.AbstractAuthenticationProcessingFilter.doFilter(AbstractAuthenticationProcessingFilter.java:227)
	at org.springframework.security.web.authentication.AbstractAuthenticationProcessingFilter.doFilter(AbstractAuthenticationProcessingFilter.java:221)
	at org.springframework.security.web.FilterChainProxy$VirtualFilterChain.doFilter(FilterChainProxy.java:374)
	at com.example.cco.security.JwtAuthorizationFilter.doFilterInternal(JwtAuthorizationFilter.java:48)
	at org.springframework.web.filter.OncePerRequestFilter.doFilter(OncePerRequestFilter.java:116)
	at org.springframework.security.web.FilterChainProxy$VirtualFilterChain.doFilter(FilterChainProxy.java:374)
	at org.springframework.security.web.authentication.logout.LogoutFilter.doFilter(LogoutFilter.java:107)
	at org.springframework.security.web.authentication.logout.LogoutFilter.doFilter(LogoutFilter.java:93)
	at org.springframework.security.web.FilterChainProxy$VirtualFilterChain.doFilter(FilterChainProxy.java:374)
	at org.springframework.web.filter.CorsFilter.doFilterInternal(CorsFilter.java:91)
	at org.springframework.web.filter.OncePerRequestFilter.doFilter(OncePerRequestFilter.java:116)
	at org.springframework.security.web.FilterChainProxy$VirtualFilterChain.doFilter(FilterChainProxy.java:374)
	at org.springframework.security.web.header.HeaderWriterFilter.doHeadersAfter(HeaderWriterFilter.java:90)
	at org.springframework.security.web.header.HeaderWriterFilter.doFilterInternal(HeaderWriterFilter.java:75)
	at org.springframework.web.filter.OncePerRequestFilter.doFilter(OncePerRequestFilter.java:116)
	at org.springframework.security.web.FilterChainProxy$VirtualFilterChain.doFilter(FilterChainProxy.java:374)
	at org.springframework.security.web.context.SecurityContextHolderFilter.doFilter(SecurityContextHolderFilter.java:82)
	at org.springframework.security.web.context.SecurityContextHolderFilter.doFilter(SecurityContextHolderFilter.java:69)
	at org.springframework.security.web.FilterChainProxy$VirtualFilterChain.doFilter(FilterChainProxy.java:374)
	at org.springframework.security.web.context.request.async.WebAsyncManagerIntegrationFilter.doFilterInternal(WebAsyncManagerIntegrationFilter.java:62)
	at org.springframework.web.filter.OncePerRequestFilter.doFilter(OncePerRequestFilter.java:116)
	at org.springframework.security.web.FilterChainProxy$VirtualFilterChain.doFilter(FilterChainProxy.java:374)
	at org.springframework.security.web.session.DisableEncodeUrlFilter.doFilterInternal(DisableEncodeUrlFilter.java:42)
	at org.springframework.web.filter.OncePerRequestFilter.doFilter(OncePerRequestFilter.java:116)
	at org.springframework.security.web.FilterChainProxy$VirtualFilterChain.doFilter(FilterChainProxy.java:374)
	at org.springframework.security.web.FilterChainProxy.doFilterInternal(FilterChainProxy.java:233)
	at org.springframework.security.web.FilterChainProxy.doFilter(FilterChainProxy.java:191)
	at org.springframework.web.filter.DelegatingFilterProxy.invokeDelegate(DelegatingFilterProxy.java:352)
	at org.springframework.web.filter.DelegatingFilterProxy.doFilter(DelegatingFilterProxy.java:268)
	at org.apache.catalina.core.ApplicationFilterChain.internalDoFilter(ApplicationFilterChain.java:174)
	at org.apache.catalina.core.ApplicationFilterChain.doFilter(ApplicationFilterChain.java:149)
	at org.springframework.web.filter.RequestContextFilter.doFilterInternal(RequestContextFilter.java:100)
	at org.springframework.web.filter.OncePerRequestFilter.doFilter(OncePerRequestFilter.java:116)
	at org.apache.catalina.core.ApplicationFilterChain.internalDoFilter(ApplicationFilterChain.java:174)
	at org.apache.catalina.core.ApplicationFilterChain.doFilter(ApplicationFilterChain.java:149)
	at org.springframework.web.filter.FormContentFilter.doFilterInternal(FormContentFilter.java:93)
	at org.springframework.web.filter.OncePerRequestFilter.doFilter(OncePerRequestFilter.java:116)
	at org.apache.catalina.core.ApplicationFilterChain.internalDoFilter(ApplicationFilterChain.java:174)
	at org.apache.catalina.core.ApplicationFilterChain.doFilter(ApplicationFilterChain.java:149)
	at org.springframework.web.filter.CharacterEncodingFilter.doFilterInternal(CharacterEncodingFilter.java:201)
	at org.springframework.web.filter.OncePerRequestFilter.doFilter(OncePerRequestFilter.java:116)
	at org.apache.catalina.core.ApplicationFilterChain.internalDoFilter(ApplicationFilterChain.java:174)
	at org.apache.catalina.core.ApplicationFilterChain.doFilter(ApplicationFilterChain.java:149)
	at org.apache.catalina.core.StandardWrapperValve.invoke(StandardWrapperValve.java:167)
	at org.apache.catalina.core.StandardContextValve.invoke(StandardContextValve.java:90)
	at org.apache.catalina.authenticator.AuthenticatorBase.invoke(AuthenticatorBase.java:482)
	at org.apache.catalina.core.StandardHostValve.invoke(StandardHostValve.java:115)
	at org.apache.catalina.valves.ErrorReportValve.invoke(ErrorReportValve.java:93)
	at org.apache.catalina.core.StandardEngineValve.invoke(StandardEngineValve.java:74)
	at org.apache.catalina.connector.CoyoteAdapter.service(CoyoteAdapter.java:340)
	at org.apache.coyote.http11.Http11Processor.service(Http11Processor.java:391)
	at org.apache.coyote.AbstractProcessorLight.process(AbstractProcessorLight.java:63)
	at org.apache.coyote.AbstractProtocol$ConnectionHandler.process(AbstractProtocol.java:896)
	at org.apache.tomcat.util.net.NioEndpoint$SocketProcessor.doRun(NioEndpoint.java:1744)
	at org.apache.tomcat.util.net.SocketProcessorBase.run(SocketProcessorBase.java:52)
	at org.apache.tomcat.util.threads.ThreadPoolExecutor.runWorker(ThreadPoolExecutor.java:1191)
	at org.apache.tomcat.util.threads.ThreadPoolExecutor$Worker.run(ThreadPoolExecutor.java:659)
	at org.apache.tomcat.util.threads.TaskThread$WrappingRunnable.run(TaskThread.java:61)
	at java.base/java.lang.Thread.run(Thread.java:840)
Caused by: org.hibernate.exception.SQLGrammarException: JDBC exception executing SQL [select vte1_0.pkey,vte1_0.a1card,vte1_0.a1card_note,vte1_0.a1cash,vte1_0.a1cash_note,vte1_0.a1extra1,vte1_0.a1extra1name,vte1_0.a1extra1note,vte1_0.a1extra2,vte1_0.a1extra2name,vte1_0.a1extra2note,vte1_0.a1extra3,vte1_0.a1extra3name,vte1_0.a1extra3note,vte1_0.a1extra4,vte1_0.a1extra4name,vte1_0.a1extra4note,vte1_0.a1extra5,vte1_0.a1extra5name,vte1_0.a1extra5note,vte1_0.a1tax,vte1_0.a1tax_note,vte1_0.active_yn,vte1_0.a_total,vte1_0.b1electricity,vte1_0.b1electricity_note,vte1_0.b1etc_expense,vte1_0.b1etc_expense_note,vte1_0.b1extra1,vte1_0.b1extra1name,vte1_0.b1extra1note,vte1_0.b1extra2,vte1_0.b1extra2name,vte1_0.b1extra2note,vte1_0.b1extra3,vte1_0.b1extra3name,vte1_0.b1extra3note,vte1_0.b1extra4,vte1_0.b1extra4name,vte1_0.b1extra4note,vte1_0.b1extra5,vte1_0.b1extra5name,vte1_0.b1extra5note,vte1_0.b1gas,vte1_0.b1gas_note,vte1_0.b1internet,vte1_0.b1internet_note,vte1_0.b1maint,vte1_0.b1maint_note,vte1_0.b1rent,vte1_0.b1rent_note,vte1_0.b2charge,vte1_0.b2charge_note,vte1_0.b3etc,vte1_0.b3etc_note,vte1_0.b3extra1,vte1_0.b3extra1name,vte1_0.b3extra1note,vte1_0.b3extra2,vte1_0.b3extra2name,vte1_0.b3extra2note,vte1_0.b3extra3,vte1_0.b3extra3name,vte1_0.b3extra3note,vte1_0.b3extra4,vte1_0.b3extra4name,vte1_0.b3extra4note,vte1_0.b3extra5,vte1_0.b3extra5name,vte1_0.b3extra5note,vte1_0.b3material,vte1_0.b3material_note,vte1_0.b4donation,vte1_0.b4donation_note,vte1_0.b4extra1,vte1_0.b4extra1name,vte1_0.b4extra1note,vte1_0.b4extra2,vte1_0.b4extra2name,vte1_0.b4extra2note,vte1_0.b4extra3,vte1_0.b4extra3name,vte1_0.b4extra3note,vte1_0.b4extra4,vte1_0.b4extra4name,vte1_0.b4extra4note,vte1_0.b4extra5,vte1_0.b4extra5name,vte1_0.b4extra5note,vte1_0.b4init_product,vte1_0.b4init_product_note,vte1_0.bank,vte1_0.bank_account,vte1_0.bank_account_number,vte1_0.brand_cd,vte1_0.brand_name,vte1_0.b_total,vte1_0.c1card_fee,vte1_0.c1card_fee_note,vte1_0.c1electricity,vte1_0.c1electricity_note,vte1_0.c1etc_expense,vte1_0.c1etc_expense_note,vte1_0.c1extra1,vte1_0.c1extra1name,vte1_0.c1extra1note,vte1_0.c1extra2,vte1_0.c1extra2name,vte1_0.c1extra2note,vte1_0.c1extra3,vte1_0.c1extra3name,vte1_0.c1extra3note,vte1_0.c1extra4,vte1_0.c1extra4name,vte1_0.c1extra4note,vte1_0.c1extra5,vte1_0.c1extra5name,vte1_0.c1extra5note,vte1_0.c1gas,vte1_0.c1gas_note,vte1_0.c1insurance,vte1_0.c1insurance_note,vte1_0.c1rent,vte1_0.c1rent_note,vte1_0.c1water,vte1_0.c1water_note,vte1_0.c2extra1,vte1_0.c2extra1name,vte1_0.c2extra1note,vte1_0.c2extra2,vte1_0.c2extra2name,vte1_0.c2extra2note,vte1_0.c2extra3,vte1_0.c2extra3name,vte1_0.c2extra3note,vte1_0.c2extra4,vte1_0.c2extra4name,vte1_0.c2extra4note,vte1_0.c2extra5,vte1_0.c2extra5name,vte1_0.c2extra5note,vte1_0.c2interest_cost,vte1_0.c2interest_cost_note,vte1_0.closed_yn,vte1_0.d1carryover,vte1_0.d1carryover_note,vte1_0.d1extra1,vte1_0.d1extra1name,vte1_0.d1extra1note,vte1_0.d1extra2,vte1_0.d1extra2name,vte1_0.d1extra2note,vte1_0.d1extra3,vte1_0.d1extra3name,vte1_0.d1extra3note,vte1_0.d1extra4,vte1_0.d1extra4name,vte1_0.d1extra4note,vte1_0.d1extra5,vte1_0.d1extra5name,vte1_0.d1extra5note,vte1_0.d1material,vte1_0.d1material_note,vte1_0.d1store_maint,vte1_0.d1store_maint_note,vte1_0.d2cash,vte1_0.d2cash_note,vte1_0.d2extra1,vte1_0.d2extra1name,vte1_0.d2extra1note,vte1_0.d2extra2,vte1_0.d2extra2name,vte1_0.d2extra2note,vte1_0.d2extra3,vte1_0.d2extra3name,vte1_0.d2extra3note,vte1_0.d2extra4,vte1_0.d2extra4name,vte1_0.d2extra4note,vte1_0.d2extra5,vte1_0.d2extra5name,vte1_0.d2extra5note,vte1_0.d3extra1,vte1_0.d3extra1name,vte1_0.d3extra1note,vte1_0.d3extra2,vte1_0.d3extra2name,vte1_0.d3extra2note,vte1_0.d3extra3,vte1_0.d3extra3name,vte1_0.d3extra3note,vte1_0.d3extra4,vte1_0.d3extra4name,vte1_0.d3extra4note,vte1_0.d3extra5,vte1_0.d3extra5name,vte1_0.d3extra5note,vte1_0.d3init_product,vte1_0.d3init_product_note,vte1_0.d3rent,vte1_0.d3rent_note,vte1_0.deposit_amount,vte1_0.insert_timestamp,vte1_0.owner,vte1_0.phone,vte1_0.sales_profit,vte1_0.settle_amount,vte1_0.settlement_amount,vte1_0.settlement_cd,vte1_0.settlement_title,vte1_0.settlement_ymd,vte1_0.src_a1card,vte1_0.src_a1cash,vte1_0.src_b1electricity,vte1_0.src_b3material,vte1_0.src_c1card_fee,vte1_0.src_d1material,vte1_0.store_code,vte1_0.store_name,vte1_0.update_timestamp from cnco.vsettlement_total vte1_0 where vte1_0.pkey=?] [ERROR: column vte1_0.settle_amount does not exist
  Position: 3893] [n/a]
	at org.hibernate.exception.internal.SQLStateConversionDelegate.convert(SQLStateConversionDelegate.java:91)
	at org.hibernate.exception.internal.StandardSQLExceptionConverter.convert(StandardSQLExceptionConverter.java:58)
	at org.hibernate.engine.jdbc.spi.SqlExceptionHelper.convert(SqlExceptionHelper.java:108)
	at org.hibernate.engine.jdbc.spi.SqlExceptionHelper.convert(SqlExceptionHelper.java:94)
	at org.hibernate.sql.results.jdbc.internal.DeferredResultSetAccess.executeQuery(DeferredResultSetAccess.java:258)
	at org.hibernate.sql.results.jdbc.internal.DeferredResultSetAccess.getResultSet(DeferredResultSetAccess.java:164)
	at org.hibernate.sql.results.jdbc.internal.JdbcValuesResultSetImpl.advanceNext(JdbcValuesResultSetImpl.java:218)
	at org.hibernate.sql.results.jdbc.internal.JdbcValuesResultSetImpl.processNext(JdbcValuesResultSetImpl.java:98)
	at org.hibernate.sql.results.jdbc.internal.AbstractJdbcValues.next(AbstractJdbcValues.java:19)
	at org.hibernate.sql.results.internal.RowProcessingStateStandardImpl.next(RowProcessingStateStandardImpl.java:66)
	at org.hibernate.sql.results.spi.ListResultsConsumer.consume(ListResultsConsumer.java:186)
	at org.hibernate.sql.results.spi.ListResultsConsumer.consume(ListResultsConsumer.java:33)
	at org.hibernate.sql.exec.internal.JdbcSelectExecutorStandardImpl.doExecuteQuery(JdbcSelectExecutorStandardImpl.java:361)
	at org.hibernate.sql.exec.internal.JdbcSelectExecutorStandardImpl.executeQuery(JdbcSelectExecutorStandardImpl.java:168)
	at org.hibernate.sql.exec.internal.JdbcSelectExecutorStandardImpl.list(JdbcSelectExecutorStandardImpl.java:93)
	at org.hibernate.sql.exec.spi.JdbcSelectExecutor.list(JdbcSelectExecutor.java:31)
	at org.hibernate.loader.ast.internal.SingleIdLoadPlan.load(SingleIdLoadPlan.java:145)
	at org.hibernate.loader.ast.internal.SingleIdLoadPlan.load(SingleIdLoadPlan.java:117)
	at org.hibernate.loader.ast.internal.SingleIdEntityLoaderStandardImpl.load(SingleIdEntityLoaderStandardImpl.java:75)
	at org.hibernate.persister.entity.AbstractEntityPersister.doLoad(AbstractEntityPersister.java:3673)
	at org.hibernate.persister.entity.AbstractEntityPersister.load(AbstractEntityPersister.java:3662)
	at org.hibernate.event.internal.DefaultLoadEventListener.loadFromDatasource(DefaultLoadEventListener.java:591)
	at org.hibernate.event.internal.DefaultLoadEventListener.loadFromCacheOrDatasource(DefaultLoadEventListener.java:577)
	at org.hibernate.event.internal.DefaultLoadEventListener.load(DefaultLoadEventListener.java:547)
	at org.hibernate.event.internal.DefaultLoadEventListener.doLoad(DefaultLoadEventListener.java:531)
	at org.hibernate.event.internal.DefaultLoadEventListener.load(DefaultLoadEventListener.java:206)
	at org.hibernate.event.internal.DefaultLoadEventListener.loadWithRegularProxy(DefaultLoadEventListener.java:286)
	at org.hibernate.event.internal.DefaultLoadEventListener.proxyOrLoad(DefaultLoadEventListener.java:241)
	at org.hibernate.event.internal.DefaultLoadEventListener.doOnLoad(DefaultLoadEventListener.java:110)
	at org.hibernate.event.internal.DefaultLoadEventListener.onLoad(DefaultLoadEventListener.java:67)
	at org.hibernate.event.service.internal.EventListenerGroupImpl.fireEventOnEachListener(EventListenerGroupImpl.java:138)
	at org.hibernate.internal.SessionImpl.fireLoadNoChecks(SessionImpl.java:1234)
	at org.hibernate.internal.SessionImpl.fireLoad(SessionImpl.java:1222)
	at org.hibernate.loader.internal.IdentifierLoadAccessImpl.load(IdentifierLoadAccessImpl.java:209)
	at org.hibernate.loader.internal.IdentifierLoadAccessImpl.doLoad(IdentifierLoadAccessImpl.java:160)
	at org.hibernate.loader.internal.IdentifierLoadAccessImpl.lambda$load$1(IdentifierLoadAccessImpl.java:149)
	at org.hibernate.loader.internal.IdentifierLoadAccessImpl.perform(IdentifierLoadAccessImpl.java:112)
	at org.hibernate.loader.internal.IdentifierLoadAccessImpl.load(IdentifierLoadAccessImpl.java:149)
	at org.hibernate.internal.SessionImpl.find(SessionImpl.java:2430)
	at org.hibernate.internal.SessionImpl.find(SessionImpl.java:2401)
	at jdk.internal.reflect.GeneratedMethodAccessor65.invoke(Unknown Source)
	at java.base/jdk.internal.reflect.DelegatingMethodAccessorImpl.invoke(DelegatingMethodAccessorImpl.java:43)
	at java.base/java.lang.reflect.Method.invoke(Method.java:569)
	at org.springframework.orm.jpa.ExtendedEntityManagerCreator$ExtendedEntityManagerInvocationHandler.invoke(ExtendedEntityManagerCreator.java:360)
	at jdk.proxy2/jdk.proxy2.$Proxy134.find(Unknown Source)
	at jdk.internal.reflect.GeneratedMethodAccessor65.invoke(Unknown Source)
	at java.base/jdk.internal.reflect.DelegatingMethodAccessorImpl.invoke(DelegatingMethodAccessorImpl.java:43)
	at java.base/java.lang.reflect.Method.invoke(Method.java:569)
	at org.springframework.orm.jpa.SharedEntityManagerCreator$SharedEntityManagerInvocationHandler.invoke(SharedEntityManagerCreator.java:311)
	at jdk.proxy2/jdk.proxy2.$Proxy134.find(Unknown Source)
	at org.springframework.data.jpa.repository.support.SimpleJpaRepository.findById(SimpleJpaRepository.java:313)
	at java.base/jdk.internal.reflect.NativeMethodAccessorImpl.invoke0(Native Method)
	at java.base/jdk.internal.reflect.NativeMethodAccessorImpl.invoke(NativeMethodAccessorImpl.java:77)
	at java.base/jdk.internal.reflect.DelegatingMethodAccessorImpl.invoke(DelegatingMethodAccessorImpl.java:43)
	at java.base/java.lang.reflect.Method.invoke(Method.java:569)
	at org.springframework.aop.support.AopUtils.invokeJoinpointUsingReflection(AopUtils.java:352)
	at org.springframework.data.repository.core.support.RepositoryMethodInvoker$RepositoryFragmentMethodInvoker.lambda$new$0(RepositoryMethodInvoker.java:277)
	at org.springframework.data.repository.core.support.RepositoryMethodInvoker.doInvoke(RepositoryMethodInvoker.java:170)
	at org.springframework.data.repository.core.support.RepositoryMethodInvoker.invoke(RepositoryMethodInvoker.java:158)
	at org.springframework.data.repository.core.support.RepositoryComposition$RepositoryFragments.invoke(RepositoryComposition.java:516)
	at org.springframework.data.repository.core.support.RepositoryComposition.invoke(RepositoryComposition.java:285)
	at org.springframework.data.repository.core.support.RepositoryFactorySupport$ImplementationMethodExecutionInterceptor.invoke(RepositoryFactorySupport.java:628)
	at org.springframework.aop.framework.ReflectiveMethodInvocation.proceed(ReflectiveMethodInvocation.java:184)
	at org.springframework.data.repository.core.support.QueryExecutorMethodInterceptor.doInvoke(QueryExecutorMethodInterceptor.java:168)
	at org.springframework.data.repository.core.support.QueryExecutorMethodInterceptor.invoke(QueryExecutorMethodInterceptor.java:143)
	at org.springframework.aop.framework.ReflectiveMethodInvocation.proceed(ReflectiveMethodInvocation.java:184)
	at org.springframework.data.projection.DefaultMethodInvokingMethodInterceptor.invoke(DefaultMethodInvokingMethodInterceptor.java:70)
	at org.springframework.aop.framework.ReflectiveMethodInvocation.proceed(ReflectiveMethodInvocation.java:184)
	at org.springframework.transaction.interceptor.TransactionInterceptor$1.proceedWithInvocation(TransactionInterceptor.java:123)
	at org.springframework.transaction.interceptor.TransactionAspectSupport.invokeWithinTransaction(TransactionAspectSupport.java:385)
	at org.springframework.transaction.interceptor.TransactionInterceptor.invoke(TransactionInterceptor.java:119)
	at org.springframework.aop.framework.ReflectiveMethodInvocation.proceed(ReflectiveMethodInvocation.java:184)
	at org.springframework.dao.support.PersistenceExceptionTranslationInterceptor.invoke(PersistenceExceptionTranslationInterceptor.java:137)
	... 121 more
Caused by: org.postgresql.util.PSQLException: ERROR: column vte1_0.settle_amount does not exist
  Position: 3893
	at org.postgresql.core.v3.QueryExecutorImpl.receiveErrorResponse(QueryExecutorImpl.java:2713)
	at org.postgresql.core.v3.QueryExecutorImpl.processResults(QueryExecutorImpl.java:2401)
	at org.postgresql.core.v3.QueryExecutorImpl.execute(QueryExecutorImpl.java:368)
	at org.postgresql.jdbc.PgStatement.executeInternal(PgStatement.java:498)
	at org.postgresql.jdbc.PgStatement.execute(PgStatement.java:415)
	at org.postgresql.jdbc.PgPreparedStatement.executeWithFlags(PgPreparedStatement.java:190)
	at org.postgresql.jdbc.PgPreparedStatement.executeQuery(PgPreparedStatement.java:134)
	at com.zaxxer.hikari.pool.ProxyPreparedStatement.executeQuery(ProxyPreparedStatement.java:52)
	at com.zaxxer.hikari.pool.HikariProxyPreparedStatement.executeQuery(HikariProxyPreparedStatement.java)
	at org.hibernate.sql.results.jdbc.internal.DeferredResultSetAccess.executeQuery(DeferredResultSetAccess.java:240)
	... 189 more

2025-04-30T08:44:24.568+09:00  INFO 16156 --- [SpringApplicationShutdownHook] j.LocalContainerEntityManagerFactoryBean : Closing JPA EntityManagerFactory for persistence unit 'default'
2025-04-30T08:44:24.577+09:00  INFO 16156 --- [SpringApplicationShutdownHook] com.zaxxer.hikari.HikariDataSource       : HikariPool-1 - Shutdown initiated...
2025-04-30T08:44:24.592+09:00  INFO 16156 --- [SpringApplicationShutdownHook] com.zaxxer.hikari.HikariDataSource       : HikariPool-1 - Shutdown completed.
2025-04-30T08:44:35.182+09:00  INFO 23236 --- [main] com.example.cco.CCOApplication           : Starting CCOApplication using Java 17.0.13 with PID 23236 (C:\Users\withc\Documents\cco\build\classes\java\main started by nodeb in C:\Users\withc\Documents\cco)
2025-04-30T08:44:35.185+09:00  INFO 23236 --- [main] com.example.cco.CCOApplication           : No active profile set, falling back to 1 default profile: "default"
2025-04-30T08:44:36.027+09:00  INFO 23236 --- [main] .s.d.r.c.RepositoryConfigurationDelegate : Bootstrapping Spring Data JPA repositories in DEFAULT mode.
2025-04-30T08:44:36.169+09:00  INFO 23236 --- [main] .s.d.r.c.RepositoryConfigurationDelegate : Finished Spring Data repository scanning in 135 ms. Found 27 JPA repository interfaces.
2025-04-30T08:44:36.871+09:00  INFO 23236 --- [main] o.s.b.w.embedded.tomcat.TomcatWebServer  : Tomcat initialized with port 4080 (http)
2025-04-30T08:44:36.883+09:00  INFO 23236 --- [main] o.apache.catalina.core.StandardService   : Starting service [Tomcat]
2025-04-30T08:44:36.884+09:00  INFO 23236 --- [main] o.apache.catalina.core.StandardEngine    : Starting Servlet engine: [Apache Tomcat/10.1.16]
2025-04-30T08:44:36.952+09:00  INFO 23236 --- [main] o.a.c.c.C.[Tomcat].[localhost].[/]       : Initializing Spring embedded WebApplicationContext
2025-04-30T08:44:36.952+09:00  INFO 23236 --- [main] w.s.c.ServletWebServerApplicationContext : Root WebApplicationContext: initialization completed in 1717 ms
2025-04-30T08:44:37.125+09:00  INFO 23236 --- [main] o.hibernate.jpa.internal.util.LogHelper  : HHH000204: Processing PersistenceUnitInfo [name: default]
2025-04-30T08:44:37.208+09:00  INFO 23236 --- [main] org.hibernate.Version                    : HHH000412: Hibernate ORM core version 6.3.1.Final
2025-04-30T08:44:37.251+09:00  INFO 23236 --- [main] o.h.c.internal.RegionFactoryInitiator    : HHH000026: Second-level cache disabled
2025-04-30T08:44:37.555+09:00  INFO 23236 --- [main] o.s.o.j.p.SpringPersistenceUnitInfo      : No LoadTimeWeaver setup: ignoring JPA class transformer
2025-04-30T08:44:37.594+09:00  INFO 23236 --- [main] com.zaxxer.hikari.HikariDataSource       : HikariPool-1 - Starting...
2025-04-30T08:44:37.707+09:00  INFO 23236 --- [main] com.zaxxer.hikari.pool.HikariPool        : HikariPool-1 - Added connection org.postgresql.jdbc.PgConnection@1f39269d
2025-04-30T08:44:37.710+09:00  INFO 23236 --- [main] com.zaxxer.hikari.HikariDataSource       : HikariPool-1 - Start completed.
2025-04-30T08:44:37.747+09:00  WARN 23236 --- [main] org.hibernate.dialect.Dialect            : HHH000511: The 10.23.0 version for [org.hibernate.dialect.PostgreSQLDialect] is no longer supported, hence certain features may not work properly. The minimum supported version is 11.0.0. Check the community dialects project for available legacy versions.
2025-04-30T08:44:37.756+09:00  WARN 23236 --- [main] org.hibernate.orm.deprecation            : HHH90000025: PostgreSQLDialect does not need to be specified explicitly using 'hibernate.dialect' (remove the property setting and it will be selected by default)
2025-04-30T08:44:39.344+09:00  INFO 23236 --- [main] o.h.e.t.j.p.i.JtaPlatformInitiator       : HHH000489: No JTA platform available (set 'hibernate.transaction.jta.platform' to enable JTA platform integration)
2025-04-30T08:44:39.347+09:00  INFO 23236 --- [main] j.LocalContainerEntityManagerFactoryBean : Initialized JPA EntityManagerFactory for persistence unit 'default'
2025-04-30T08:44:39.584+09:00  INFO 23236 --- [main] o.s.d.j.r.query.QueryEnhancerFactory     : Hibernate is in classpath; If applicable, HQL parser will be used.
2025-04-30T08:44:40.339+09:00  WARN 23236 --- [main] JpaBaseConfiguration$JpaWebConfiguration : spring.jpa.open-in-view is enabled by default. Therefore, database queries may be performed during view rendering. Explicitly configure spring.jpa.open-in-view to disable this warning
2025-04-30T08:44:40.578+09:00  INFO 23236 --- [main] o.s.s.web.DefaultSecurityFilterChain     : Will secure any request with [org.springframework.security.web.session.DisableEncodeUrlFilter@71e839ee, org.springframework.security.web.context.request.async.WebAsyncManagerIntegrationFilter@36a65069, org.springframework.security.web.context.SecurityContextHolderFilter@6195e7d5, org.springframework.security.web.header.HeaderWriterFilter@717c00f9, org.springframework.web.filter.CorsFilter@2762e9a7, org.springframework.security.web.authentication.logout.LogoutFilter@a9e31e8, com.example.cco.security.JwtAuthorizationFilter@5b8e2ea7, com.example.cco.security.JwtAuthenticationFilter@6b994b71, org.springframework.security.web.savedrequest.RequestCacheAwareFilter@1afea182, org.springframework.security.web.servletapi.SecurityContextHolderAwareRequestFilter@4bcff08c, org.springframework.security.web.authentication.AnonymousAuthenticationFilter@6fb87b73, org.springframework.security.web.session.SessionManagementFilter@72139933, org.springframework.security.web.access.ExceptionTranslationFilter@7625bfbd, org.springframework.security.web.access.intercept.AuthorizationFilter@397fced4]
2025-04-30T08:44:40.952+09:00  INFO 23236 --- [main] o.s.b.w.embedded.tomcat.TomcatWebServer  : Tomcat started on port 4080 (http) with context path ''
2025-04-30T08:44:40.960+09:00  INFO 23236 --- [main] com.example.cco.CCOApplication           : Started CCOApplication in 6.244 seconds (process running for 7.054)
2025-04-30T08:44:42.148+09:00  INFO 23236 --- [http-nio-4080-exec-1] o.a.c.c.C.[Tomcat].[localhost].[/]       : Initializing Spring DispatcherServlet 'dispatcherServlet'
2025-04-30T08:44:42.149+09:00  INFO 23236 --- [http-nio-4080-exec-1] o.s.web.servlet.DispatcherServlet        : Initializing Servlet 'dispatcherServlet'
2025-04-30T08:44:42.150+09:00  INFO 23236 --- [http-nio-4080-exec-1] o.s.web.servlet.DispatcherServlet        : Completed initialization in 1 ms
2025-04-30T08:44:42.187+09:00  INFO 23236 --- [http-nio-4080-exec-2] c.e.cco.security.JwtAuthorizationFilter  : token =eyJhbGciOiJIUzUxMiJ9.eyJzdWIiOiJhZG1pbiIsInJvbGUiOiJBRE1JTiIsImlhdCI6MTc0NTk2OTIzNywiZXhwIjoxNzQ1OTk4MDM3fQ.wiA_QqMmtrXJb4uNDkhaCfIK3bC8lZxSd3ID7_G7j-8l50Fxom-SdwSZGTmZp6ugeUaqXdXNiH8-1-s7fcZFCw
2025-04-30T08:44:42.249+09:00  INFO 23236 --- [http-nio-4080-exec-2] c.example.cco.security.JwtTokenProvider  : Wed Apr 30 08:44:42 KST 2025
2025-04-30T08:44:42.249+09:00  INFO 23236 --- [http-nio-4080-exec-2] c.example.cco.security.JwtTokenProvider  : false
2025-04-30T08:44:42.479+09:00  WARN 23236 --- [http-nio-4080-exec-2] o.s.w.s.h.HandlerMappingIntrospector     : Cache miss for REQUEST dispatch to '/auth/valid' (previous null). Performing MatchableHandlerMapping lookup. This is logged once only at WARN level, and every time at TRACE.
2025-04-30T08:44:47.091+09:00  INFO 23236 --- [http-nio-4080-exec-3] c.e.cco.security.JwtAuthorizationFilter  : token =eyJhbGciOiJIUzUxMiJ9.eyJzdWIiOiJhZG1pbiIsInJvbGUiOiJBRE1JTiIsImlhdCI6MTc0NTk2OTIzNywiZXhwIjoxNzQ1OTk4MDM3fQ.wiA_QqMmtrXJb4uNDkhaCfIK3bC8lZxSd3ID7_G7j-8l50Fxom-SdwSZGTmZp6ugeUaqXdXNiH8-1-s7fcZFCw
2025-04-30T08:44:47.093+09:00  INFO 23236 --- [http-nio-4080-exec-3] c.example.cco.security.JwtTokenProvider  : Wed Apr 30 08:44:47 KST 2025
2025-04-30T08:44:47.094+09:00  INFO 23236 --- [http-nio-4080-exec-3] c.example.cco.security.JwtTokenProvider  : false
2025-04-30T08:44:47.992+09:00  INFO 23236 --- [http-nio-4080-exec-7] c.e.cco.security.JwtAuthorizationFilter  : token =eyJhbGciOiJIUzUxMiJ9.eyJzdWIiOiJhZG1pbiIsInJvbGUiOiJBRE1JTiIsImlhdCI6MTc0NTk2OTIzNywiZXhwIjoxNzQ1OTk4MDM3fQ.wiA_QqMmtrXJb4uNDkhaCfIK3bC8lZxSd3ID7_G7j-8l50Fxom-SdwSZGTmZp6ugeUaqXdXNiH8-1-s7fcZFCw
2025-04-30T08:44:47.994+09:00  INFO 23236 --- [http-nio-4080-exec-7] c.example.cco.security.JwtTokenProvider  : Wed Apr 30 08:44:47 KST 2025
2025-04-30T08:44:47.994+09:00  INFO 23236 --- [http-nio-4080-exec-7] c.example.cco.security.JwtTokenProvider  : false
2025-04-30T08:44:48.081+09:00  INFO 23236 --- [http-nio-4080-exec-6] c.e.cco.security.JwtAuthorizationFilter  : token =eyJhbGciOiJIUzUxMiJ9.eyJzdWIiOiJhZG1pbiIsInJvbGUiOiJBRE1JTiIsImlhdCI6MTc0NTk2OTIzNywiZXhwIjoxNzQ1OTk4MDM3fQ.wiA_QqMmtrXJb4uNDkhaCfIK3bC8lZxSd3ID7_G7j-8l50Fxom-SdwSZGTmZp6ugeUaqXdXNiH8-1-s7fcZFCw
2025-04-30T08:44:48.083+09:00  INFO 23236 --- [http-nio-4080-exec-6] c.example.cco.security.JwtTokenProvider  : Wed Apr 30 08:44:48 KST 2025
2025-04-30T08:44:48.083+09:00  INFO 23236 --- [http-nio-4080-exec-6] c.example.cco.security.JwtTokenProvider  : false
2025-04-30T08:44:48.128+09:00  INFO 23236 --- [http-nio-4080-exec-8] c.e.cco.security.JwtAuthorizationFilter  : token =eyJhbGciOiJIUzUxMiJ9.eyJzdWIiOiJhZG1pbiIsInJvbGUiOiJBRE1JTiIsImlhdCI6MTc0NTk2OTIzNywiZXhwIjoxNzQ1OTk4MDM3fQ.wiA_QqMmtrXJb4uNDkhaCfIK3bC8lZxSd3ID7_G7j-8l50Fxom-SdwSZGTmZp6ugeUaqXdXNiH8-1-s7fcZFCw
2025-04-30T08:44:48.130+09:00  INFO 23236 --- [http-nio-4080-exec-8] c.example.cco.security.JwtTokenProvider  : Wed Apr 30 08:44:48 KST 2025
2025-04-30T08:44:48.131+09:00  INFO 23236 --- [http-nio-4080-exec-8] c.example.cco.security.JwtTokenProvider  : false
2025-04-30T08:51:19.030+09:00  INFO 23236 --- [http-nio-4080-exec-1] c.e.cco.security.JwtAuthorizationFilter  : token =eyJhbGciOiJIUzUxMiJ9.eyJzdWIiOiJhZG1pbiIsInJvbGUiOiJBRE1JTiIsImlhdCI6MTc0NTk2OTIzNywiZXhwIjoxNzQ1OTk4MDM3fQ.wiA_QqMmtrXJb4uNDkhaCfIK3bC8lZxSd3ID7_G7j-8l50Fxom-SdwSZGTmZp6ugeUaqXdXNiH8-1-s7fcZFCw
2025-04-30T08:51:19.033+09:00  INFO 23236 --- [http-nio-4080-exec-1] c.example.cco.security.JwtTokenProvider  : Wed Apr 30 08:51:19 KST 2025
2025-04-30T08:51:19.033+09:00  INFO 23236 --- [http-nio-4080-exec-1] c.example.cco.security.JwtTokenProvider  : false
2025-04-30T08:51:19.965+09:00  INFO 23236 --- [http-nio-4080-exec-2] c.e.cco.security.JwtAuthorizationFilter  : token =eyJhbGciOiJIUzUxMiJ9.eyJzdWIiOiJhZG1pbiIsInJvbGUiOiJBRE1JTiIsImlhdCI6MTc0NTk2OTIzNywiZXhwIjoxNzQ1OTk4MDM3fQ.wiA_QqMmtrXJb4uNDkhaCfIK3bC8lZxSd3ID7_G7j-8l50Fxom-SdwSZGTmZp6ugeUaqXdXNiH8-1-s7fcZFCw
2025-04-30T08:51:19.967+09:00  INFO 23236 --- [http-nio-4080-exec-2] c.example.cco.security.JwtTokenProvider  : Wed Apr 30 08:51:19 KST 2025
2025-04-30T08:51:19.968+09:00  INFO 23236 --- [http-nio-4080-exec-2] c.example.cco.security.JwtTokenProvider  : false
2025-04-30T08:51:20.033+09:00  INFO 23236 --- [http-nio-4080-exec-3] c.e.cco.security.JwtAuthorizationFilter  : token =eyJhbGciOiJIUzUxMiJ9.eyJzdWIiOiJhZG1pbiIsInJvbGUiOiJBRE1JTiIsImlhdCI6MTc0NTk2OTIzNywiZXhwIjoxNzQ1OTk4MDM3fQ.wiA_QqMmtrXJb4uNDkhaCfIK3bC8lZxSd3ID7_G7j-8l50Fxom-SdwSZGTmZp6ugeUaqXdXNiH8-1-s7fcZFCw
2025-04-30T08:51:20.035+09:00  INFO 23236 --- [http-nio-4080-exec-3] c.example.cco.security.JwtTokenProvider  : Wed Apr 30 08:51:20 KST 2025
2025-04-30T08:51:20.035+09:00  INFO 23236 --- [http-nio-4080-exec-3] c.example.cco.security.JwtTokenProvider  : false
2025-04-30T08:51:20.080+09:00  INFO 23236 --- [http-nio-4080-exec-7] c.e.cco.security.JwtAuthorizationFilter  : token =eyJhbGciOiJIUzUxMiJ9.eyJzdWIiOiJhZG1pbiIsInJvbGUiOiJBRE1JTiIsImlhdCI6MTc0NTk2OTIzNywiZXhwIjoxNzQ1OTk4MDM3fQ.wiA_QqMmtrXJb4uNDkhaCfIK3bC8lZxSd3ID7_G7j-8l50Fxom-SdwSZGTmZp6ugeUaqXdXNiH8-1-s7fcZFCw
2025-04-30T08:51:20.082+09:00  INFO 23236 --- [http-nio-4080-exec-7] c.example.cco.security.JwtTokenProvider  : Wed Apr 30 08:51:20 KST 2025
2025-04-30T08:51:20.082+09:00  INFO 23236 --- [http-nio-4080-exec-7] c.example.cco.security.JwtTokenProvider  : false
2025-04-30T08:51:37.766+09:00  INFO 23236 --- [http-nio-4080-exec-5] c.e.cco.security.JwtAuthorizationFilter  : token =eyJhbGciOiJIUzUxMiJ9.eyJzdWIiOiJhZG1pbiIsInJvbGUiOiJBRE1JTiIsImlhdCI6MTc0NTk2OTIzNywiZXhwIjoxNzQ1OTk4MDM3fQ.wiA_QqMmtrXJb4uNDkhaCfIK3bC8lZxSd3ID7_G7j-8l50Fxom-SdwSZGTmZp6ugeUaqXdXNiH8-1-s7fcZFCw
2025-04-30T08:51:37.768+09:00  INFO 23236 --- [http-nio-4080-exec-5] c.example.cco.security.JwtTokenProvider  : Wed Apr 30 08:51:37 KST 2025
2025-04-30T08:51:37.769+09:00  INFO 23236 --- [http-nio-4080-exec-5] c.example.cco.security.JwtTokenProvider  : false
2025-04-30T08:51:38.672+09:00  INFO 23236 --- [http-nio-4080-exec-8] c.e.cco.security.JwtAuthorizationFilter  : token =eyJhbGciOiJIUzUxMiJ9.eyJzdWIiOiJhZG1pbiIsInJvbGUiOiJBRE1JTiIsImlhdCI6MTc0NTk2OTIzNywiZXhwIjoxNzQ1OTk4MDM3fQ.wiA_QqMmtrXJb4uNDkhaCfIK3bC8lZxSd3ID7_G7j-8l50Fxom-SdwSZGTmZp6ugeUaqXdXNiH8-1-s7fcZFCw
2025-04-30T08:51:38.674+09:00  INFO 23236 --- [http-nio-4080-exec-8] c.example.cco.security.JwtTokenProvider  : Wed Apr 30 08:51:38 KST 2025
2025-04-30T08:51:38.674+09:00  INFO 23236 --- [http-nio-4080-exec-8] c.example.cco.security.JwtTokenProvider  : false
2025-04-30T08:51:38.732+09:00  INFO 23236 --- [http-nio-4080-exec-9] c.e.cco.security.JwtAuthorizationFilter  : token =eyJhbGciOiJIUzUxMiJ9.eyJzdWIiOiJhZG1pbiIsInJvbGUiOiJBRE1JTiIsImlhdCI6MTc0NTk2OTIzNywiZXhwIjoxNzQ1OTk4MDM3fQ.wiA_QqMmtrXJb4uNDkhaCfIK3bC8lZxSd3ID7_G7j-8l50Fxom-SdwSZGTmZp6ugeUaqXdXNiH8-1-s7fcZFCw
2025-04-30T08:51:38.733+09:00  INFO 23236 --- [http-nio-4080-exec-9] c.example.cco.security.JwtTokenProvider  : Wed Apr 30 08:51:38 KST 2025
2025-04-30T08:51:38.734+09:00  INFO 23236 --- [http-nio-4080-exec-9] c.example.cco.security.JwtTokenProvider  : false
2025-04-30T08:51:38.809+09:00  INFO 23236 --- [http-nio-4080-exec-1] c.e.cco.security.JwtAuthorizationFilter  : token =eyJhbGciOiJIUzUxMiJ9.eyJzdWIiOiJhZG1pbiIsInJvbGUiOiJBRE1JTiIsImlhdCI6MTc0NTk2OTIzNywiZXhwIjoxNzQ1OTk4MDM3fQ.wiA_QqMmtrXJb4uNDkhaCfIK3bC8lZxSd3ID7_G7j-8l50Fxom-SdwSZGTmZp6ugeUaqXdXNiH8-1-s7fcZFCw
2025-04-30T08:51:38.811+09:00  INFO 23236 --- [http-nio-4080-exec-1] c.example.cco.security.JwtTokenProvider  : Wed Apr 30 08:51:38 KST 2025
2025-04-30T08:51:38.812+09:00  INFO 23236 --- [http-nio-4080-exec-1] c.example.cco.security.JwtTokenProvider  : false
2025-04-30T08:51:44.453+09:00  INFO 23236 --- [http-nio-4080-exec-3] c.e.cco.security.JwtAuthorizationFilter  : token =eyJhbGciOiJIUzUxMiJ9.eyJzdWIiOiJhZG1pbiIsInJvbGUiOiJBRE1JTiIsImlhdCI6MTc0NTk2OTIzNywiZXhwIjoxNzQ1OTk4MDM3fQ.wiA_QqMmtrXJb4uNDkhaCfIK3bC8lZxSd3ID7_G7j-8l50Fxom-SdwSZGTmZp6ugeUaqXdXNiH8-1-s7fcZFCw
2025-04-30T08:51:44.455+09:00  INFO 23236 --- [http-nio-4080-exec-3] c.example.cco.security.JwtTokenProvider  : Wed Apr 30 08:51:44 KST 2025
2025-04-30T08:51:44.455+09:00  INFO 23236 --- [http-nio-4080-exec-3] c.example.cco.security.JwtTokenProvider  : false
2025-04-30T08:51:45.435+09:00  INFO 23236 --- [http-nio-4080-exec-7] c.e.cco.security.JwtAuthorizationFilter  : token =eyJhbGciOiJIUzUxMiJ9.eyJzdWIiOiJhZG1pbiIsInJvbGUiOiJBRE1JTiIsImlhdCI6MTc0NTk2OTIzNywiZXhwIjoxNzQ1OTk4MDM3fQ.wiA_QqMmtrXJb4uNDkhaCfIK3bC8lZxSd3ID7_G7j-8l50Fxom-SdwSZGTmZp6ugeUaqXdXNiH8-1-s7fcZFCw
2025-04-30T08:51:45.437+09:00  INFO 23236 --- [http-nio-4080-exec-7] c.example.cco.security.JwtTokenProvider  : Wed Apr 30 08:51:45 KST 2025
2025-04-30T08:51:45.437+09:00  INFO 23236 --- [http-nio-4080-exec-7] c.example.cco.security.JwtTokenProvider  : false
2025-04-30T08:51:45.512+09:00  INFO 23236 --- [http-nio-4080-exec-5] c.e.cco.security.JwtAuthorizationFilter  : token =eyJhbGciOiJIUzUxMiJ9.eyJzdWIiOiJhZG1pbiIsInJvbGUiOiJBRE1JTiIsImlhdCI6MTc0NTk2OTIzNywiZXhwIjoxNzQ1OTk4MDM3fQ.wiA_QqMmtrXJb4uNDkhaCfIK3bC8lZxSd3ID7_G7j-8l50Fxom-SdwSZGTmZp6ugeUaqXdXNiH8-1-s7fcZFCw
2025-04-30T08:51:45.514+09:00  INFO 23236 --- [http-nio-4080-exec-5] c.example.cco.security.JwtTokenProvider  : Wed Apr 30 08:51:45 KST 2025
2025-04-30T08:51:45.514+09:00  INFO 23236 --- [http-nio-4080-exec-5] c.example.cco.security.JwtTokenProvider  : false
2025-04-30T08:51:45.590+09:00  INFO 23236 --- [http-nio-4080-exec-9] c.e.cco.security.JwtAuthorizationFilter  : token =eyJhbGciOiJIUzUxMiJ9.eyJzdWIiOiJhZG1pbiIsInJvbGUiOiJBRE1JTiIsImlhdCI6MTc0NTk2OTIzNywiZXhwIjoxNzQ1OTk4MDM3fQ.wiA_QqMmtrXJb4uNDkhaCfIK3bC8lZxSd3ID7_G7j-8l50Fxom-SdwSZGTmZp6ugeUaqXdXNiH8-1-s7fcZFCw
2025-04-30T08:51:45.591+09:00  INFO 23236 --- [http-nio-4080-exec-9] c.example.cco.security.JwtTokenProvider  : Wed Apr 30 08:51:45 KST 2025
2025-04-30T08:51:45.591+09:00  INFO 23236 --- [http-nio-4080-exec-9] c.example.cco.security.JwtTokenProvider  : false
2025-04-30T08:54:00.442+09:00  INFO 23236 --- [http-nio-4080-exec-2] c.e.cco.security.JwtAuthorizationFilter  : token =eyJhbGciOiJIUzUxMiJ9.eyJzdWIiOiJhZG1pbiIsInJvbGUiOiJBRE1JTiIsImlhdCI6MTc0NTk2OTIzNywiZXhwIjoxNzQ1OTk4MDM3fQ.wiA_QqMmtrXJb4uNDkhaCfIK3bC8lZxSd3ID7_G7j-8l50Fxom-SdwSZGTmZp6ugeUaqXdXNiH8-1-s7fcZFCw
2025-04-30T08:54:00.447+09:00  INFO 23236 --- [http-nio-4080-exec-2] c.example.cco.security.JwtTokenProvider  : Wed Apr 30 08:54:00 KST 2025
2025-04-30T08:54:00.447+09:00  INFO 23236 --- [http-nio-4080-exec-2] c.example.cco.security.JwtTokenProvider  : false
2025-04-30T08:54:14.407+09:00  INFO 23236 --- [http-nio-4080-exec-4] c.e.cco.security.JwtAuthorizationFilter  : token =eyJhbGciOiJIUzUxMiJ9.eyJzdWIiOiJhZG1pbiIsInJvbGUiOiJBRE1JTiIsImlhdCI6MTc0NTk2OTIzNywiZXhwIjoxNzQ1OTk4MDM3fQ.wiA_QqMmtrXJb4uNDkhaCfIK3bC8lZxSd3ID7_G7j-8l50Fxom-SdwSZGTmZp6ugeUaqXdXNiH8-1-s7fcZFCw
2025-04-30T08:54:14.409+09:00  INFO 23236 --- [http-nio-4080-exec-4] c.example.cco.security.JwtTokenProvider  : Wed Apr 30 08:54:14 KST 2025
2025-04-30T08:54:14.410+09:00  INFO 23236 --- [http-nio-4080-exec-4] c.example.cco.security.JwtTokenProvider  : false
2025-04-30T08:57:41.375+09:00  INFO 23236 --- [http-nio-4080-exec-5] c.e.cco.security.JwtAuthorizationFilter  : token =eyJhbGciOiJIUzUxMiJ9.eyJzdWIiOiJhZG1pbiIsInJvbGUiOiJBRE1JTiIsImlhdCI6MTc0NTk2OTIzNywiZXhwIjoxNzQ1OTk4MDM3fQ.wiA_QqMmtrXJb4uNDkhaCfIK3bC8lZxSd3ID7_G7j-8l50Fxom-SdwSZGTmZp6ugeUaqXdXNiH8-1-s7fcZFCw
2025-04-30T08:57:41.377+09:00  INFO 23236 --- [http-nio-4080-exec-5] c.example.cco.security.JwtTokenProvider  : Wed Apr 30 08:57:41 KST 2025
2025-04-30T08:57:41.378+09:00  INFO 23236 --- [http-nio-4080-exec-5] c.example.cco.security.JwtTokenProvider  : false
2025-04-30T08:57:41.483+09:00  INFO 23236 --- [http-nio-4080-exec-8] c.e.cco.security.JwtAuthorizationFilter  : token =eyJhbGciOiJIUzUxMiJ9.eyJzdWIiOiJhZG1pbiIsInJvbGUiOiJBRE1JTiIsImlhdCI6MTc0NTk2OTIzNywiZXhwIjoxNzQ1OTk4MDM3fQ.wiA_QqMmtrXJb4uNDkhaCfIK3bC8lZxSd3ID7_G7j-8l50Fxom-SdwSZGTmZp6ugeUaqXdXNiH8-1-s7fcZFCw
2025-04-30T08:57:41.485+09:00  INFO 23236 --- [http-nio-4080-exec-8] c.example.cco.security.JwtTokenProvider  : Wed Apr 30 08:57:41 KST 2025
2025-04-30T08:57:41.486+09:00  INFO 23236 --- [http-nio-4080-exec-8] c.example.cco.security.JwtTokenProvider  : false
2025-04-30T08:57:41.573+09:00  INFO 23236 --- [http-nio-4080-exec-10] c.e.cco.security.JwtAuthorizationFilter  : token =eyJhbGciOiJIUzUxMiJ9.eyJzdWIiOiJhZG1pbiIsInJvbGUiOiJBRE1JTiIsImlhdCI6MTc0NTk2OTIzNywiZXhwIjoxNzQ1OTk4MDM3fQ.wiA_QqMmtrXJb4uNDkhaCfIK3bC8lZxSd3ID7_G7j-8l50Fxom-SdwSZGTmZp6ugeUaqXdXNiH8-1-s7fcZFCw
2025-04-30T08:57:41.575+09:00  INFO 23236 --- [http-nio-4080-exec-10] c.example.cco.security.JwtTokenProvider  : Wed Apr 30 08:57:41 KST 2025
2025-04-30T08:57:41.575+09:00  INFO 23236 --- [http-nio-4080-exec-10] c.example.cco.security.JwtTokenProvider  : false
2025-04-30T08:58:23.990+09:00  INFO 23236 --- [http-nio-4080-exec-2] c.e.cco.security.JwtAuthorizationFilter  : token =eyJhbGciOiJIUzUxMiJ9.eyJzdWIiOiJhZG1pbiIsInJvbGUiOiJBRE1JTiIsImlhdCI6MTc0NTk2OTIzNywiZXhwIjoxNzQ1OTk4MDM3fQ.wiA_QqMmtrXJb4uNDkhaCfIK3bC8lZxSd3ID7_G7j-8l50Fxom-SdwSZGTmZp6ugeUaqXdXNiH8-1-s7fcZFCw
2025-04-30T08:58:23.992+09:00  INFO 23236 --- [http-nio-4080-exec-2] c.example.cco.security.JwtTokenProvider  : Wed Apr 30 08:58:23 KST 2025
2025-04-30T08:58:23.992+09:00  INFO 23236 --- [http-nio-4080-exec-2] c.example.cco.security.JwtTokenProvider  : false
2025-04-30T08:58:24.031+09:00  INFO 23236 --- [http-nio-4080-exec-3] c.e.cco.security.JwtAuthorizationFilter  : token =eyJhbGciOiJIUzUxMiJ9.eyJzdWIiOiJhZG1pbiIsInJvbGUiOiJBRE1JTiIsImlhdCI6MTc0NTk2OTIzNywiZXhwIjoxNzQ1OTk4MDM3fQ.wiA_QqMmtrXJb4uNDkhaCfIK3bC8lZxSd3ID7_G7j-8l50Fxom-SdwSZGTmZp6ugeUaqXdXNiH8-1-s7fcZFCw
2025-04-30T08:58:24.033+09:00  INFO 23236 --- [http-nio-4080-exec-3] c.example.cco.security.JwtTokenProvider  : Wed Apr 30 08:58:24 KST 2025
2025-04-30T08:58:24.033+09:00  INFO 23236 --- [http-nio-4080-exec-3] c.example.cco.security.JwtTokenProvider  : false
2025-04-30T08:58:24.061+09:00  INFO 23236 --- [http-nio-4080-exec-7] c.e.cco.security.JwtAuthorizationFilter  : token =eyJhbGciOiJIUzUxMiJ9.eyJzdWIiOiJhZG1pbiIsInJvbGUiOiJBRE1JTiIsImlhdCI6MTc0NTk2OTIzNywiZXhwIjoxNzQ1OTk4MDM3fQ.wiA_QqMmtrXJb4uNDkhaCfIK3bC8lZxSd3ID7_G7j-8l50Fxom-SdwSZGTmZp6ugeUaqXdXNiH8-1-s7fcZFCw
2025-04-30T08:58:24.063+09:00  INFO 23236 --- [http-nio-4080-exec-7] c.example.cco.security.JwtTokenProvider  : Wed Apr 30 08:58:24 KST 2025
2025-04-30T08:58:24.063+09:00  INFO 23236 --- [http-nio-4080-exec-7] c.example.cco.security.JwtTokenProvider  : false
2025-04-30T08:59:00.272+09:00  INFO 23236 --- [http-nio-4080-exec-5] c.e.cco.security.JwtAuthorizationFilter  : token =eyJhbGciOiJIUzUxMiJ9.eyJzdWIiOiJhZG1pbiIsInJvbGUiOiJBRE1JTiIsImlhdCI6MTc0NTk2OTIzNywiZXhwIjoxNzQ1OTk4MDM3fQ.wiA_QqMmtrXJb4uNDkhaCfIK3bC8lZxSd3ID7_G7j-8l50Fxom-SdwSZGTmZp6ugeUaqXdXNiH8-1-s7fcZFCw
2025-04-30T08:59:00.274+09:00  INFO 23236 --- [http-nio-4080-exec-5] c.example.cco.security.JwtTokenProvider  : Wed Apr 30 08:59:00 KST 2025
2025-04-30T08:59:00.275+09:00  INFO 23236 --- [http-nio-4080-exec-5] c.example.cco.security.JwtTokenProvider  : false
2025-04-30T08:59:14.584+09:00  INFO 23236 --- [http-nio-4080-exec-9] c.e.cco.security.JwtAuthorizationFilter  : token =eyJhbGciOiJIUzUxMiJ9.eyJzdWIiOiJhZG1pbiIsInJvbGUiOiJBRE1JTiIsImlhdCI6MTc0NTk2OTIzNywiZXhwIjoxNzQ1OTk4MDM3fQ.wiA_QqMmtrXJb4uNDkhaCfIK3bC8lZxSd3ID7_G7j-8l50Fxom-SdwSZGTmZp6ugeUaqXdXNiH8-1-s7fcZFCw
2025-04-30T08:59:14.587+09:00  INFO 23236 --- [http-nio-4080-exec-9] c.example.cco.security.JwtTokenProvider  : Wed Apr 30 08:59:14 KST 2025
2025-04-30T08:59:14.587+09:00  INFO 23236 --- [http-nio-4080-exec-9] c.example.cco.security.JwtTokenProvider  : false
2025-04-30T08:59:14.647+09:00  INFO 23236 --- [http-nio-4080-exec-10] c.e.cco.security.JwtAuthorizationFilter  : token =eyJhbGciOiJIUzUxMiJ9.eyJzdWIiOiJhZG1pbiIsInJvbGUiOiJBRE1JTiIsImlhdCI6MTc0NTk2OTIzNywiZXhwIjoxNzQ1OTk4MDM3fQ.wiA_QqMmtrXJb4uNDkhaCfIK3bC8lZxSd3ID7_G7j-8l50Fxom-SdwSZGTmZp6ugeUaqXdXNiH8-1-s7fcZFCw
2025-04-30T08:59:14.648+09:00  INFO 23236 --- [http-nio-4080-exec-10] c.example.cco.security.JwtTokenProvider  : Wed Apr 30 08:59:14 KST 2025
2025-04-30T08:59:14.648+09:00  INFO 23236 --- [http-nio-4080-exec-10] c.example.cco.security.JwtTokenProvider  : false
2025-04-30T08:59:14.745+09:00  INFO 23236 --- [http-nio-4080-exec-2] c.e.cco.security.JwtAuthorizationFilter  : token =eyJhbGciOiJIUzUxMiJ9.eyJzdWIiOiJhZG1pbiIsInJvbGUiOiJBRE1JTiIsImlhdCI6MTc0NTk2OTIzNywiZXhwIjoxNzQ1OTk4MDM3fQ.wiA_QqMmtrXJb4uNDkhaCfIK3bC8lZxSd3ID7_G7j-8l50Fxom-SdwSZGTmZp6ugeUaqXdXNiH8-1-s7fcZFCw
2025-04-30T08:59:14.746+09:00  INFO 23236 --- [http-nio-4080-exec-2] c.example.cco.security.JwtTokenProvider  : Wed Apr 30 08:59:14 KST 2025
2025-04-30T08:59:14.747+09:00  INFO 23236 --- [http-nio-4080-exec-2] c.example.cco.security.JwtTokenProvider  : false
2025-04-30T09:00:41.060+09:00  INFO 23236 --- [http-nio-4080-exec-7] c.e.cco.security.JwtAuthorizationFilter  : token =eyJhbGciOiJIUzUxMiJ9.eyJzdWIiOiJhZG1pbiIsInJvbGUiOiJBRE1JTiIsImlhdCI6MTc0NTk2OTIzNywiZXhwIjoxNzQ1OTk4MDM3fQ.wiA_QqMmtrXJb4uNDkhaCfIK3bC8lZxSd3ID7_G7j-8l50Fxom-SdwSZGTmZp6ugeUaqXdXNiH8-1-s7fcZFCw
2025-04-30T09:00:41.062+09:00  INFO 23236 --- [http-nio-4080-exec-7] c.example.cco.security.JwtTokenProvider  : Wed Apr 30 09:00:41 KST 2025
2025-04-30T09:00:41.062+09:00  INFO 23236 --- [http-nio-4080-exec-7] c.example.cco.security.JwtTokenProvider  : false
2025-04-30T09:00:54.031+09:00  INFO 23236 --- [http-nio-4080-exec-5] c.e.cco.security.JwtAuthorizationFilter  : token =eyJhbGciOiJIUzUxMiJ9.eyJzdWIiOiJhZG1pbiIsInJvbGUiOiJBRE1JTiIsImlhdCI6MTc0NTk2OTIzNywiZXhwIjoxNzQ1OTk4MDM3fQ.wiA_QqMmtrXJb4uNDkhaCfIK3bC8lZxSd3ID7_G7j-8l50Fxom-SdwSZGTmZp6ugeUaqXdXNiH8-1-s7fcZFCw
2025-04-30T09:00:54.032+09:00  INFO 23236 --- [http-nio-4080-exec-5] c.example.cco.security.JwtTokenProvider  : Wed Apr 30 09:00:54 KST 2025
2025-04-30T09:00:54.033+09:00  INFO 23236 --- [http-nio-4080-exec-5] c.example.cco.security.JwtTokenProvider  : false
2025-04-30T09:01:00.869+09:00  INFO 23236 --- [http-nio-4080-exec-9] c.e.cco.security.JwtAuthorizationFilter  : token =eyJhbGciOiJIUzUxMiJ9.eyJzdWIiOiJhZG1pbiIsInJvbGUiOiJBRE1JTiIsImlhdCI6MTc0NTk2OTIzNywiZXhwIjoxNzQ1OTk4MDM3fQ.wiA_QqMmtrXJb4uNDkhaCfIK3bC8lZxSd3ID7_G7j-8l50Fxom-SdwSZGTmZp6ugeUaqXdXNiH8-1-s7fcZFCw
2025-04-30T09:01:00.871+09:00  INFO 23236 --- [http-nio-4080-exec-9] c.example.cco.security.JwtTokenProvider  : Wed Apr 30 09:01:00 KST 2025
2025-04-30T09:01:00.871+09:00  INFO 23236 --- [http-nio-4080-exec-9] c.example.cco.security.JwtTokenProvider  : false
2025-04-30T09:01:00.930+09:00  INFO 23236 --- [http-nio-4080-exec-10] c.e.cco.security.JwtAuthorizationFilter  : token =eyJhbGciOiJIUzUxMiJ9.eyJzdWIiOiJhZG1pbiIsInJvbGUiOiJBRE1JTiIsImlhdCI6MTc0NTk2OTIzNywiZXhwIjoxNzQ1OTk4MDM3fQ.wiA_QqMmtrXJb4uNDkhaCfIK3bC8lZxSd3ID7_G7j-8l50Fxom-SdwSZGTmZp6ugeUaqXdXNiH8-1-s7fcZFCw
2025-04-30T09:01:00.932+09:00  INFO 23236 --- [http-nio-4080-exec-10] c.example.cco.security.JwtTokenProvider  : Wed Apr 30 09:01:00 KST 2025
2025-04-30T09:01:00.932+09:00  INFO 23236 --- [http-nio-4080-exec-10] c.example.cco.security.JwtTokenProvider  : false
2025-04-30T09:01:00.996+09:00  INFO 23236 --- [http-nio-4080-exec-2] c.e.cco.security.JwtAuthorizationFilter  : token =eyJhbGciOiJIUzUxMiJ9.eyJzdWIiOiJhZG1pbiIsInJvbGUiOiJBRE1JTiIsImlhdCI6MTc0NTk2OTIzNywiZXhwIjoxNzQ1OTk4MDM3fQ.wiA_QqMmtrXJb4uNDkhaCfIK3bC8lZxSd3ID7_G7j-8l50Fxom-SdwSZGTmZp6ugeUaqXdXNiH8-1-s7fcZFCw
2025-04-30T09:01:00.998+09:00  INFO 23236 --- [http-nio-4080-exec-2] c.example.cco.security.JwtTokenProvider  : Wed Apr 30 09:01:00 KST 2025
2025-04-30T09:01:00.998+09:00  INFO 23236 --- [http-nio-4080-exec-2] c.example.cco.security.JwtTokenProvider  : false
2025-04-30T09:01:01.014+09:00  INFO 23236 --- [http-nio-4080-exec-2] c.e.cco.settlement.SettlementController  : search=
2025-04-30T09:01:01.200+09:00  INFO 23236 --- [http-nio-4080-exec-3] c.e.cco.security.JwtAuthorizationFilter  : token =eyJhbGciOiJIUzUxMiJ9.eyJzdWIiOiJhZG1pbiIsInJvbGUiOiJBRE1JTiIsImlhdCI6MTc0NTk2OTIzNywiZXhwIjoxNzQ1OTk4MDM3fQ.wiA_QqMmtrXJb4uNDkhaCfIK3bC8lZxSd3ID7_G7j-8l50Fxom-SdwSZGTmZp6ugeUaqXdXNiH8-1-s7fcZFCw
2025-04-30T09:01:01.202+09:00  INFO 23236 --- [http-nio-4080-exec-3] c.example.cco.security.JwtTokenProvider  : Wed Apr 30 09:01:01 KST 2025
2025-04-30T09:01:01.202+09:00  INFO 23236 --- [http-nio-4080-exec-3] c.example.cco.security.JwtTokenProvider  : false
2025-04-30T09:01:01.209+09:00  INFO 23236 --- [http-nio-4080-exec-3] c.e.cco.settlement.SettlementController  : search=
2025-04-30T09:01:06.927+09:00  INFO 23236 --- [http-nio-4080-exec-7] c.e.cco.security.JwtAuthorizationFilter  : token =eyJhbGciOiJIUzUxMiJ9.eyJzdWIiOiJhZG1pbiIsInJvbGUiOiJBRE1JTiIsImlhdCI6MTc0NTk2OTIzNywiZXhwIjoxNzQ1OTk4MDM3fQ.wiA_QqMmtrXJb4uNDkhaCfIK3bC8lZxSd3ID7_G7j-8l50Fxom-SdwSZGTmZp6ugeUaqXdXNiH8-1-s7fcZFCw
2025-04-30T09:01:06.936+09:00  INFO 23236 --- [http-nio-4080-exec-7] c.example.cco.security.JwtTokenProvider  : Wed Apr 30 09:01:06 KST 2025
2025-04-30T09:01:06.936+09:00  INFO 23236 --- [http-nio-4080-exec-7] c.example.cco.security.JwtTokenProvider  : false
2025-04-30T09:01:06.997+09:00  INFO 23236 --- [http-nio-4080-exec-6] c.e.cco.security.JwtAuthorizationFilter  : token =eyJhbGciOiJIUzUxMiJ9.eyJzdWIiOiJhZG1pbiIsInJvbGUiOiJBRE1JTiIsImlhdCI6MTc0NTk2OTIzNywiZXhwIjoxNzQ1OTk4MDM3fQ.wiA_QqMmtrXJb4uNDkhaCfIK3bC8lZxSd3ID7_G7j-8l50Fxom-SdwSZGTmZp6ugeUaqXdXNiH8-1-s7fcZFCw
2025-04-30T09:01:06.999+09:00  INFO 23236 --- [http-nio-4080-exec-6] c.example.cco.security.JwtTokenProvider  : Wed Apr 30 09:01:06 KST 2025
2025-04-30T09:01:06.999+09:00  INFO 23236 --- [http-nio-4080-exec-6] c.example.cco.security.JwtTokenProvider  : false
2025-04-30T09:01:07.090+09:00  INFO 23236 --- [http-nio-4080-exec-8] c.e.cco.security.JwtAuthorizationFilter  : token =eyJhbGciOiJIUzUxMiJ9.eyJzdWIiOiJhZG1pbiIsInJvbGUiOiJBRE1JTiIsImlhdCI6MTc0NTk2OTIzNywiZXhwIjoxNzQ1OTk4MDM3fQ.wiA_QqMmtrXJb4uNDkhaCfIK3bC8lZxSd3ID7_G7j-8l50Fxom-SdwSZGTmZp6ugeUaqXdXNiH8-1-s7fcZFCw
2025-04-30T09:01:07.091+09:00  INFO 23236 --- [http-nio-4080-exec-8] c.example.cco.security.JwtTokenProvider  : Wed Apr 30 09:01:07 KST 2025
2025-04-30T09:01:07.091+09:00  INFO 23236 --- [http-nio-4080-exec-8] c.example.cco.security.JwtTokenProvider  : false
2025-04-30T09:01:07.098+09:00  INFO 23236 --- [http-nio-4080-exec-8] c.e.cco.settlement.SettlementController  : search=
2025-04-30T09:01:08.613+09:00  INFO 23236 --- [http-nio-4080-exec-10] c.e.cco.security.JwtAuthorizationFilter  : token =eyJhbGciOiJIUzUxMiJ9.eyJzdWIiOiJhZG1pbiIsInJvbGUiOiJBRE1JTiIsImlhdCI6MTc0NTk2OTIzNywiZXhwIjoxNzQ1OTk4MDM3fQ.wiA_QqMmtrXJb4uNDkhaCfIK3bC8lZxSd3ID7_G7j-8l50Fxom-SdwSZGTmZp6ugeUaqXdXNiH8-1-s7fcZFCw
2025-04-30T09:01:08.614+09:00  INFO 23236 --- [http-nio-4080-exec-10] c.example.cco.security.JwtTokenProvider  : Wed Apr 30 09:01:08 KST 2025
2025-04-30T09:01:08.615+09:00  INFO 23236 --- [http-nio-4080-exec-10] c.example.cco.security.JwtTokenProvider  : false
2025-04-30T09:04:07.920+09:00  INFO 23236 --- [http-nio-4080-exec-3] c.e.cco.security.JwtAuthorizationFilter  : token =eyJhbGciOiJIUzUxMiJ9.eyJzdWIiOiJhZG1pbiIsInJvbGUiOiJBRE1JTiIsImlhdCI6MTc0NTk2OTIzNywiZXhwIjoxNzQ1OTk4MDM3fQ.wiA_QqMmtrXJb4uNDkhaCfIK3bC8lZxSd3ID7_G7j-8l50Fxom-SdwSZGTmZp6ugeUaqXdXNiH8-1-s7fcZFCw
2025-04-30T09:04:07.922+09:00  INFO 23236 --- [http-nio-4080-exec-3] c.example.cco.security.JwtTokenProvider  : Wed Apr 30 09:04:07 KST 2025
2025-04-30T09:04:07.923+09:00  INFO 23236 --- [http-nio-4080-exec-3] c.example.cco.security.JwtTokenProvider  : false
